"ID","Player","Team","Position","Rookie","RkOv","Status","Opponent","Score","%D","ADP","FG%","3PTM","FT%","PTS","REB","AST","ST","BLK","TO"
"*03e75*","Nikola Jokic","DEN","C","","6","FA","","97.13","100","1.5",".569","1.7",".831","27.7","12.9","10.7","1.4","0.8","3.7"
"*06cch*","Victor Wembanyama","SA","C","","5","FA","OKC Wed 9:30AM","97.28","100","1.6",".512","1.9",".827","25.0","11.5","3.1","1.0","3.1","2.4"
"*04qro*","Shai Gilgeous-Alexander","OKC","G","","10","FA","@SA Wed 9:30AM","94.63","100","3.3",".553","1.7",".879","31.1","4.3","6.6","1.4","0.8","2.2"
"*04kj6*","Luka Doncic","LAL","G","","2","FA","","98.58","100","3.7",".476","4.0",".780","33.5","7.7","8.3","1.6","0.5","4.0"
"*05uib*","Cade Cunningham","DET","G","","14","FA","BOS Wed 3:00AM","93.24","100","5.5",".461","2.0",".812","23.9","5.5","9.9","1.4","0.8","3.7"
"*05qsq*","Tyrese Maxey","PHI","G","","1","FA","@NY Wed 7:00AM","100","100","8.1",".462","3.1",".892","28.3","4.1","6.6","1.9","0.8","2.4"
"*03xmv*","Jayson Tatum","BOS","F","","316","FA","@DET Wed 3:00AM","46.64","100","8.1",".411","2.9",".823","21.8","10.0","5.3","1.4","0.2","2.4"
"*05qug*","Anthony Edwards","MIN","G,F","","19","FA","","92.02","100","8.9",".489","3.4",".796","28.8","5.0","3.7","1.4","0.8","2.9"
"*031m2*","Giannis Antetokounmpo","MIA","F,C","","150","FA","","69.87","100","9.3",".624","0.4",".650","27.6","9.8","5.4","0.9","0.7","3.2"
"*05uiu*","Jalen Johnson","ATL","F","","18","FA","","92.35","100","9.6",".489","1.7",".788","22.5","10.3","7.9","1.2","0.4","3.4"
"*05qtv*","Tyrese Haliburton","IND","G","","1031","FA","","0","100","11.3","0","0","0","0","0","0","0","0","0"
"*06v5l*","Cooper Flagg","DAL","G,F","","24","FA","","91.15","100","11.7",".468","1.0",".827","21.0","6.7","4.5","1.2","0.9","2.3"
"*05uie*","Scottie Barnes","TOR","F,C","","4","FA","","97.33","100","12.1",".507","0.8",".815","18.1","7.5","5.9","1.4","1.4","2.6"
"*04ewe*","Donovan Mitchell","CLE","G","","16","FA","","92.46","100","14.1",".483","3.2",".865","27.9","4.5","5.7","1.5","0.3","2.8"
"*001aw*","Kevin Durant","HOU","G,F","","9","FA","","95.39","100","16.9",".520","2.4",".874","26.0","5.5","4.8","0.8","0.9","3.2"
"*03ad3*","Karl-Anthony Towns","NY","F,C","","37","FA","PHI Wed 7:00AM","88.4","100","16.9",".501","1.5",".858","20.1","11.9","3.0","0.9","0.5","2.5"
"*01enh*","Stephen Curry","GS","G","","99","FA","","76.54","100","18.6",".468","4.4",".923","26.6","3.6","4.7","1.1","0.4","2.8"
"*042n4*","Jamal Murray","DEN","G","","17","FA","","92.39","100","20.3",".483","3.3",".887","25.4","4.4","7.1","0.9","0.4","2.3"
"*05uiq*","Alperen Sengun","HOU","F,C","","20","FA","","91.76","100","20.8",".519","0.6",".691","20.4","8.9","6.2","1.2","1.1","3.2"
"*06ca8*","Amen Thompson","HOU","G,F","","31","FA","","89.04","100","22.2",".534","0.3",".779","18.3","7.8","5.3","1.5","0.6","2.4"
"*04qrk*","Trae Young","WAS","G","","357","FA","","39.66","100","22.7",".458","1.8",".825","17.9","2.0","8.0","0.9","0.1","2.6"
"*05uus*","Austin Reaves","LAL","G,F","","91","FA","","77.64","100","23.8",".490","2.3",".871","23.3","4.7","5.5","1.1","0.4","3.0"
"*05qto*","LaMelo Ball","MIN","G","","29","FA","","89.12","100","24.4",".407","3.8",".899","20.1","4.8","7.1","1.2","0.2","2.8"
"*06211*","Chet Holmgren","OKC","F,C","","33","FA","@SA Wed 9:30AM","88.94","100","25.3",".557","1.3",".792","17.1","8.9","1.7","0.6","1.9","1.6"
"*05uig*","Josh Giddey","CHI","G","","82","FA","","79.04","100","26.7",".448","1.9",".763","17.0","8.3","9.1","1.0","0.5","3.6"
"*01eo6*","James Harden","CLE","G","","25","FA","","91","100","26.8",".434","3.1",".884","23.6","4.8","8.0","1.1","0.4","3.5"
"*03nwm*","Devin Booker","PHO","G,F","","78","FA","","80.27","100","26.9",".456","1.9",".873","26.1","3.9","6.0","0.8","0.3","3.1"
"*02nf1*","Anthony Davis","WAS","F,C","","291","FA","","50.42","100","27.5",".506","0.5",".728","20.4","11.1","2.8","1.1","1.6","2.0"
"*027oz*","Kawhi Leonard","LAC","F","","11","FA","","94.59","100","29.3",".505","2.6",".892","27.9","6.4","3.6","1.9","0.4","2.0"
"*05uir*","Trey Murphy","NO","G,F","","15","FA","","93.03","100","29.5",".470","3.2",".886","21.5","5.7","3.8","1.5","0.4","1.8"
"*05uid*","Evan Mobley","CLE","F,C","","39","FA","","88.13","100","29.6",".546","1.0",".606","18.2","9.0","3.6","0.7","1.7","1.9"
"*04qsa*","Jalen Brunson","NY","G","","55","FA","PHI Wed 7:00AM","84.96","100","32.2",".467","2.6",".841","26.0","3.3","6.8","0.8","0.1","2.4"
"*04ewt*","Derrick White","BOS","G","","3","FA","@DET Wed 3:00AM","98.5","100","34.1",".394","2.7",".902","16.5","4.4","5.4","1.1","1.3","1.7"
"*04azw*","Lauri Markkanen","UTA","F","","109","FA","","75.82","100","34.6",".477","2.7",".896","26.7","6.9","2.1","1.0","0.5","1.5"
"*04ewf*","Bam Adebayo","MIA","F,C","","8","FA","","96.09","100","36",".442","1.7",".778","20.1","10.0","3.2","1.2","0.7","1.6"
"*0621b*","Jalen Williams","OKC","G,F","","246","FA","@SA Wed 9:30AM","57.05","100","37.3",".484","0.7",".837","17.1","4.6","5.5","1.2","0.3","1.9"
"*0621l*","Walker Kessler","LAL","C","","451","FA","","25.81","100","38",".703","1.2",".700","14.4","10.8","3.0","1.4","1.8","3.2"
"*05qtj*","Deni Avdija","POR","G,F","","44","FA","","87.24","100","38.3",".462","1.9",".802","24.2","6.9","6.7","0.8","0.6","3.8"
"*042n7*","Domantas Sabonis","SAC","F,C","","326","FA","","44.56","100","38.5",".543","0.3",".727","15.8","11.4","4.1","0.9","0.2","2.7"
"*04qrj*","Jaren Jackson","UTA","F,C","","87","FA","","78.26","100","41.1",".476","1.8",".803","19.4","5.7","2.0","1.1","1.4","2.2"
"*06cca*","Brandon Miller","CHA","G,F","","46","FA","","87.1","100","42.4",".435","3.1",".892","20.2","4.9","3.3","1.0","0.7","2.5"
"*0621c*","Jalen Duren","DET","C","","75","FA","BOS Wed 3:00AM","80.64","100","42.8",".650","0.0",".747","19.5","10.5","2.0","0.8","0.8","1.9"
"*03lls*","Jaylen Brown","PHI","G,F","","32","FA","@NY Wed 7:00AM","89.02","100","43.9",".477","2.0",".795","28.7","6.9","5.1","1.0","0.4","3.6"
"*06v5n*","Kon Knueppel","CHA","G,F","","43","FA","","87.5","100","45.2",".475","3.4",".863","18.5","5.3","3.4","0.7","0.2","2.0"
"*05qtt*","Onyeka Okongwu","ATL","F,C","","7","FA","","96.19","100","47.6",".480","1.9",".757","15.2","7.6","3.1","1.1","1.1","1.7"
"*05qt3*","Desmond Bane","ORL","G,F","","21","FA","","91.63","100","47.9",".484","2.0",".908","20.1","4.1","4.1","1.0","0.5","2.0"
"*06210*","Paolo Banchero","ORL","F","","54","FA","","85.33","100","49.2",".459","1.2",".775","22.2","8.4","5.2","0.7","0.6","3.1"
"*06mjz*","Donovan Clingan","POR","C","","30","FA","","89.05","100","49.5",".520","1.1",".680","12.1","11.6","2.1","0.6","1.7","1.2"
"*027oj*","Kyrie Irving","DAL","G","","1109","FA","","0","100","51.3","0","0","0","0","0","0","0","0","0"
"*051ox*","Nickeil Alexander-Walker","ATL","G,F","","13","FA","","93.46","100","51.4",".459","3.2",".902","20.8","3.4","3.7","1.3","0.5","2.1"
"*051ol*","Darius Garland","LAC","G","","186","FA","","65.43","100","54",".460","2.7",".861","18.8","2.4","6.7","1.0","0.2","2.9"
"*042nq*","Dejounte Murray","NO","G","","375","FA","","36.62","100","54.8",".484","1.4",".867","16.7","5.4","6.4","1.6","0.2","3.4"
"*0011e*","LeBron James","PHI","F","","61","FA","@NY Wed 7:00AM","83.58","100","55.4",".515","1.3",".737","20.9","6.1","7.2","1.2","0.6","3.0"
"*042nm*","Pascal Siakam","IND","F,C","","57","FA","","84.78","100","57.5",".484","1.7",".693","24.0","6.6","3.8","1.1","0.4","2.2"
"*06cby*","Keyonte George","UTA","G","","93","FA","","77.54","100","57.6",".456","2.5",".892","23.6","3.7","6.1","1.1","0.3","3.1"
"*04ewn*","OG Anunoby","NY","F","","36","FA","PHI Wed 7:00AM","88.63","100","57.9",".484","2.3",".828","16.7","5.2","2.2","1.6","0.7","1.8"
"*06217*","Dyson Daniels","ATL","G,F","","79","FA","","79.65","100","58.3",".517","0.3",".615","11.9","6.8","5.9","2.0","0.4","1.8"
"*06mk7*","Kel'el Ware","MIL","F,C","","63","FA","","82.92","100","58.6",".530","1.2",".740","11.1","9.0","0.7","0.8","1.1","0.8"
"*076vc*","Cameron Boozer","MEM","F","R","710","FA","","0","100","58.9","0","0","0","0","0","0","0","0","0"
"*05uii*","Franz Wagner","ORL","F","","223","FA","","60.88","100","59.6",".481","1.4",".823","20.6","5.2","3.3","0.9","0.3","1.7"
"*03al2*","Joel Embiid","PHI","C","","123","FA","@NY Wed 7:00AM","73.56","100","60.1",".489","1.4",".854","26.9","7.7","3.9","0.6","1.2","2.9"
"*06mk3*","Matas Buzelis","CHI","F","","27","FA","","90.88","100","60.2",".463","2.2",".786","16.3","5.8","2.1","0.7","1.5","2.1"
"*06mjw*","Stephon Castle","SA","G","","77","FA","OKC Wed 9:30AM","80.38","100","61.6",".471","1.2",".734","16.7","5.3","7.4","1.1","0.3","3.2"
"*051ot*","Tyler Herro","MIL","G","","230","FA","","59.96","100","61.9",".480","2.5",".917","20.5","4.8","4.1","0.7","0.4","1.9"
"*06mju*","Alex Sarr","WAS","F,C","","89","FA","","77.92","100","64",".482","1.0",".692","16.3","7.4","2.7","0.8","2.0","1.7"
"*04qrr*","Michael Porter","BKN","F","","72","FA","","81.13","100","64.9",".463","3.4",".859","24.2","7.1","3.0","1.1","0.3","2.3"
"*042nt*","Ivica Zubac","IND","C","","189","FA","","65.01","100","66.6",".598","0.0",".711","14.1","10.6","2.2","0.4","0.8","1.8"
"*03ajv*","Julius Randle","BKN","F","","40","FA","","87.94","100","67.6",".481","1.4",".802","21.1","6.7","5.0","1.1","0.2","2.7"
"*06227*","Ryan Rollins","MIL","G","","35","FA","","88.68","100","68.2",".472","2.5",".796","17.3","4.6","5.6","1.5","0.4","2.7"
"*06mk1*","Zach Edey","MEM","C","","395","FA","","33.22","100","69.3",".633","0.1",".781","13.6","11.1","1.1","0.6","1.9","2.4"
"*02xg9*","Rudy Gobert","MIN","C","","71","FA","","81.27","100","71.3",".682","0.0",".526","10.9","11.5","1.7","0.8","1.6","1.4"
"*0527h*","Naz Reid","CHA","F,C","","23","FA","","91.27","100","71.9",".456","2.1",".732","13.6","6.2","2.2","1.0","1.0","1.6"
"*04qrn*","Mikal Bridges","NY","G,F","","12","FA","PHI Wed 7:00AM","93.88","100","72",".490","1.9",".827","14.4","3.8","3.7","1.3","0.8","1.0"
"*049kb*","De'Aaron Fox","SA","G","","56","FA","OKC Wed 9:30AM","84.85","100","73.9",".486","1.8",".760","18.6","3.8","6.2","1.2","0.3","2.3"
"*01uyj*","Paul George","BOS","F","","171","FA","@DET Wed 3:00AM","66.89","100","76.2",".439","2.7",".820","17.3","5.3","3.6","1.7","0.4","1.7"
"*042n1*","Brandon Ingram","TOR","G,F","","28","FA","","89.86","100","76.3",".477","1.8",".820","21.5","5.6","3.7","0.8","0.7","2.4"
"*05qu0*","Jaden McDaniels","MIN","F","","48","FA","","86.57","100","77.3",".515","1.4",".835","14.8","4.2","2.7","1.1","1.0","1.8"
"*05qt1*","Payton Pritchard","BOS","G","","58","FA","@DET Wed 3:00AM","84.64","100","79.8",".464","2.7",".890","17.0","3.9","5.2","0.7","0.1","1.4"
"*02nf6*","Damian Lillard","POR","G","","1236","FA","","0","100","81.1","0","0","0","0","0","0","0","0","0"
"*051oi*","Ja Morant","POR","G","","320","FA","","45.53","100","81.3",".410","1.0",".897","19.4","3.3","8.1","1.0","0.3","3.5"
"*06ccf*","Ausar Thompson","DET","G,F","","73","FA","BOS Wed 3:00AM","81.13","100","81.8",".525","0.1",".571","9.9","5.7","3.1","2.0","0.9","1.5"
"*05qu9*","Immanuel Quickley","TOR","G","","47","FA","","86.77","100","82.1",".443","2.5",".821","16.4","4.0","5.9","1.3","0.1","1.5"
"*051oh*","Zion Williamson","NO","F","","103","FA","","76.08","100","83.1",".600","0.0",".716","21.0","5.7","3.2","1.0","0.5","2.0"
"*051on*","Coby White","CHA","G","","190","FA","","64.85","100","83.5",".446","2.3",".817","17.4","3.4","4.0","0.5","0.1","2.6"
"*04ewm*","Jarrett Allen","CLE","C","","115","FA","","74.8","100","83.6",".638","0.0",".709","15.4","8.5","1.8","1.0","0.8","1.3"
"*06v5k*","VJ Edgecombe","PHI","G","","22","FA","@NY Wed 7:00AM","91.62","100","84.6",".438","2.0",".818","16.0","5.6","4.2","1.4","0.5","1.8"
"*03ad2*","Myles Turner","MIL","C","","50","FA","","86.5","100","86.4",".440","2.1",".740","11.9","5.3","1.5","0.7","1.6","1.2"
"*06v5y*","Dylan Harper","SA","G,F","","148","FA","OKC Wed 9:30AM","69.93","100","88.7",".505","0.9",".756","11.8","3.4","3.9","0.8","0.3","1.4"
"*05uif*","Jalen Suggs","ORL","G","","84","FA","","78.68","100","89.7",".435","2.1",".855","13.8","3.9","5.5","1.8","0.7","2.7"
"*051p4*","Ty Jerome","MEM","G,F","","353","FA","","40.01","100","90",".474","2.8",".875","19.7","2.8","5.7","1.1","0.3","1.8"
"*06212*","Jabari Smith","HOU","F,C","","26","FA","","90.99","100","90.8",".450","2.3",".775","15.8","6.9","1.9","0.7","0.9","1.4"
"*03r7z*","Norman Powell","CHI","G,F","","88","FA","","77.98","100","91.8",".470","2.7",".827","21.7","3.5","2.5","1.1","0.2","1.9"
"*06v5h*","Derik Queen","NO","F,C","","53","FA","","85.37","100","92.3",".473","0.3",".795","11.7","7.1","3.7","1.0","0.9","2.3"
"*076t0*","Caleb Wilson","CHI","F","R","1738","FA","","0","100","96.2","0","0","0","0","0","0","0","0","0"
"*04ewu*","Josh Hart","NY","G,F","","97","FA","PHI Wed 7:00AM","77.02","100","96.8",".508","1.5",".720","12.0","7.4","4.8","1.1","0.3","1.9"
"*051pb*","Nicolas Claxton","CHI","C","","76","FA","","80.62","100","98.4",".571","0.0",".616","11.7","6.9","3.7","0.7","1.1","1.4"
"*04ex6*","Isaiah Hartenstein","OKC","C","","200","FA","@SA Wed 9:30AM","63.26","100","98.6",".622","0.0",".610","9.2","9.4","3.5","1.0","0.8","1.7"
"*05uj3*","Day'Ron Sharpe","BKN","C","","173","FA","","66.73","100","101.3",".601","0.1",".678","8.7","6.7","2.3","1.1","0.4","1.7"
"*076ta*","AJ Dybantsa","WAS","F","R","916","FA","","0","100","102.6","0","0","0","0","0","0","0","0","0"
"*04qrp*","Miles Bridges","PHO","F","","42","FA","","87.54","100","104.3",".460","1.9",".822","17.1","5.8","3.2","0.6","0.4","1.4"
"*05ujc*","Ayo Dosunmu","MIN","G,F","","94","FA","","77.36","100","104.5",".517","1.8",".876","14.8","3.4","3.6","0.8","0.3","1.4"
"*05ujd*","Neemias Queta","BOS","C","","74","FA","@DET Wed 3:00AM","80.78","100","105.3",".653","0.0",".703","10.2","8.4","1.7","0.8","1.3","1.0"
"*02ym0*","Andrew Wiggins","MIA","G,F","","38","FA","","88.14","100","107.1",".475","2.0",".784","15.4","4.8","2.7","1.1","1.0","1.5"
"*04848*","Fred VanVleet","HOU","G","","1675","FA","","0","100","107.8","0","0","0","0","0","0","0","0","0"
"*06213*","Keegan Murray","SAC","F","","318","FA","","46.09","100","108.2",".420","1.3",".776","14.0","5.7","1.7","1.0","1.6","1.2"
"*06v5a*","Collin Murray-Boyles","TOR","F,C","","208","FA","","62.63","100","108.8",".579","0.3",".657","8.5","5.0","1.9","0.9","0.9","1.0"
"*03el5*","Kristaps Porzingis","GS","F,C","","224","FA","","60.84","100","109",".446","1.7",".842","16.7","5.2","2.5","0.6","1.2","1.3"
"*06v5v*","Cedric Coward","MEM","G,F","","126","FA","","72.98","100","109.7",".471","1.5",".843","13.6","5.9","2.8","0.6","0.4","1.7"
"*04ewk*","John Collins","DET","F,C","","108","FA","BOS Wed 3:00AM","75.95","99","109.7",".552","1.3",".766","13.6","5.3","1.0","0.9","0.7","1.4"
"*051pa*","Kevin Porter","MIL","G","","160","FA","","68.73","100","109.8",".465","1.2",".878","17.4","5.2","7.4","2.2","0.5","2.9"
"*0621e*","Mark Williams","PHO","C","","134","FA","","71.89","100","110.8",".644","0.0",".771","11.7","8.0","1.0","0.9","0.9","1.1"
"*06cd4*","Toumani Camara","POR","F,C","","45","FA","","87.12","100","112.8",".440","2.7",".708","13.4","5.1","2.5","1.1","0.4","1.8"
"*06mlk*","Ajay Mitchell","OKC","G,F","","139","FA","@SA Wed 9:30AM","70.98","100","113.5",".485","1.1",".870","13.6","3.3","3.6","1.2","0.3","1.4"
"*076t9*","Darryn Peterson","UTA","G","R","1461","FA","","0","100","114.1","0","0","0","0","0","0","0","0","0"
"*06cac*","Cason Wallace","OKC","G,F","","110","FA","@SA Wed 9:30AM","75.79","99","115",".432","1.3",".809","8.6","3.1","2.6","1.9","0.4","0.9"
"*03ams*","Zach LaVine","SAC","G,F","","240","FA","","58.58","100","115.8",".479","2.5",".880","19.2","2.8","2.3","0.7","0.3","1.9"
"*0621t*","Peyton Watson","CLE","G,F","","121","FA","","74.12","100","115.9",".491","1.5",".730","14.6","4.9","2.1","0.9","1.1","1.7"
"*031lx*","CJ McCollum","ATL","G","","52","FA","","86.24","100","116.9",".455","2.5",".772","18.7","3.3","3.9","0.8","0.5","1.8"
"*06mjv*","Reed Sheppard","HOU","G","","34","FA","","88.8","99","118.2",".430","2.8",".802","13.5","2.9","3.4","1.5","0.7","1.5"
"*05uic*","Jalen Green","PHO","G","","284","FA","","51.6","100","119.4",".422","2.2",".747","17.8","3.6","2.8","1.1","0.3","2.3"
"*06cc7*","Brandin Podziemski","GS","G,F","","49","FA","","86.55","99","119.7",".455","1.9",".797","13.8","5.1","3.7","1.1","0.2","1.6"
"*03e6n*","Jusuf Nurkic","UTA","C","","203","FA","","63.04","97","120.4",".503","0.6",".549","10.9","10.4","4.8","1.3","0.5","2.5"
"*06mkg*","Kyshawn George","WAS","G,F","","142","FA","","70.9","99","123.5",".438","2.1",".802","14.8","5.1","4.5","1.0","0.9","2.6"
"*051oj*","RJ Barrett","TOR","G,F","","100","FA","","76.5","97","125.2",".491","1.7",".717","19.3","5.3","3.3","0.7","0.3","1.7"
"*06cbx*","Jaime Jaquez","MIL","G,F","","102","FA","","76.25","99","126",".507","0.8",".769","15.4","5.0","4.7","0.7","0.3","2.0"
"*042n6*","Jakob Poeltl","TOR","C","","236","FA","","59.37","97","126.6",".700","0.0",".602","10.7","7.0","2.0","0.9","0.7","1.2"
"*06v5r*","Egor Demin","BKN","G","","232","FA","","59.81","91","130.5",".399","2.4",".831","10.3","3.2","3.3","0.8","0.3","1.7"
"*06v88*","Maxime Raynaud","SAC","F,C","","128","FA","","72.78","94","130.9",".571","0.3",".786","12.5","7.5","1.4","0.5","0.5","1.3"
"*05qt0*","Saddiq Bey","NO","F","","51","FA","","86.32","94","131.8",".451","2.1",".841","17.7","5.6","2.5","0.9","0.1","0.9"
"*05ujs*","Sandro Mamukelashvili","LAL","F,C","","69","FA","","82.01","94","133",".523","1.4",".747","11.2","4.9","1.9","0.8","0.5","0.8"
"*06cc5*","Anthony Black","ORL","G","","70","FA","","81.71","97","134.3",".447","1.6",".732","15.0","3.8","3.7","1.4","0.7","2.1"
"*0621u*","Andrew Nembhard","IND","G","","133","FA","","72.2","94","134.8",".442","1.9",".825","16.9","2.8","7.7","0.9","0.1","2.4"
"*06v5g*","Jeremiah Fears","NO","G","","64","FA","","82.62","90","134.9",".434","1.2",".789","14.3","3.7","3.4","1.2","0.4","2.2"
"*076t6*","Darius Acuff","SAC","G","R","585","FA","","0","92","135.2","0","0","0","0","0","0","0","0","0"
"*051os*","P.J. Washington","DAL","F,C","","107","FA","","75.97","94","135.2",".450","1.4",".687","14.2","7.0","1.8","1.0","1.1","1.7"
"*01eon*","DeMar DeRozan","DEN","F","","67","FA","","82.12","96","138.7",".497","0.6",".868","18.4","2.9","4.1","1.0","0.3","1.2"
"*0621g*","Tari Eason","HOU","F","","163","FA","","68.2","95","138.9",".416","1.6",".776","10.4","6.3","1.5","1.2","0.5","1.4"
"*06v57*","Ace Bailey","UTA","G,F","","92","FA","","77.57","91","139.1",".443","1.9",".750","13.8","4.2","1.8","0.8","0.7","1.5"
"*0623e*","Collin Gillespie","PHO","G","","59","FA","","84.49","93","140.2",".418","2.9",".874","12.7","4.1","4.6","1.2","0.2","1.6"
"*05uij*","Davion Mitchell","MIA","G","","177","FA","","66.49","90","140.2",".490","1.3",".646","9.3","2.7","6.5","1.0","0.2","1.5"
"*05qst*","Paul Reed","DET","C","","182","FA","BOS Wed 3:00AM","66.21","88","149",".617","0.2",".664","7.8","4.5","1.2","0.9","0.9","0.9"
"*05qtq*","Tre Jones","CHI","G","","122","FA","","74","89","154.6",".553","0.6",".841","14.1","3.1","5.4","1.2","0.2","1.4"
"*03al0*","Aaron Gordon","DEN","F,C","","237","FA","","58.9","89","155",".497","1.7",".767","16.2","5.8","2.7","0.6","0.3","1.1"
"*05qtr*","Devin Vassell","SA","G,F","","80","FA","OKC Wed 9:30AM","79.35","86","156.9",".437","2.5",".815","13.9","4.0","2.5","0.9","0.4","0.9"
"*04qry*","Grayson Allen","CHA","G,F","","114","FA","","74.89","88","158.7",".403","3.1",".857","16.5","3.0","3.8","1.4","0.3","1.6"
"*05uiz*","Quentin Grimes","LAL","G,F","","81","FA","","79.3","83","162.6",".450","1.7",".840","13.4","3.6","3.3","0.9","0.4","1.8"
"*06226*","Moussa Diabate","CHA","C","","106","FA","","76","82","163",".631","0.0",".659","7.9","8.7","1.9","0.8","1.0","1.0"
"*01eo9*","Jrue Holiday","POR","G","","144","FA","","70.45","75","171.5",".451","2.6",".838","16.3","4.6","6.1","1.0","0.1","2.8"
"*06mlq*","Pelle Larsson","MIA","G,F","","149","FA","","69.92","77","172.4",".496","0.9",".797","11.4","3.5","3.4","0.7","0.2","1.4"
"*051or*","Cameron Johnson","DEN","F","","167","FA","","67.65","75","173",".480","2.0",".839","12.2","3.8","2.4","0.7","0.4","0.9"
"*06215*","Bennedict Mathurin","NO","G,F","","152","FA","","69.4","72","173.9",".430","1.4",".869","17.6","5.4","2.4","0.8","0.2","2.2"
"*04qrl*","Wendell Carter","ORL","C","","62","FA","","83.52","70","176.1",".512","0.9",".792","11.8","7.4","2.0","0.8","0.6","1.3"
"*076sx*","Yaxel Lendeborg","GS","F","R","1227","FA","","0","72","176.7","0","0","0","0","0","0","0","0","0"
"*04ex8*","Dillon Brooks","PHO","G,F","","131","FA","","72.39","68","178.6",".435","2.3",".842","20.2","3.6","1.8","1.0","0.2","1.8"
"*027p4*","Tobias Harris","SA","F","","105","FA","OKC Wed 9:30AM","76.05","71","178.6",".469","1.3",".866","13.3","5.1","2.5","0.9","0.4","1.0"
"*02nfz*","Draymond Green","GS","F,C","","145","FA","","70.36","69","179.3",".418","1.5",".702","8.4","5.5","5.5","0.9","0.6","2.7"
"*06216*","Shaedon Sharpe","POR","G,F","","153","FA","","69.31","63","180.5",".452","2.1",".787","20.8","4.3","2.6","1.4","0.1","2.9"
"*04qsd*","Mitchell Robinson","BOS","C","","201","FA","@DET Wed 3:00AM","63.18","62","183.1",".723","0.0",".408","5.7","8.8","0.9","0.9","1.2","0.7"
"*076tk*","Mikel Brown","BKN","G","R","748","FA","","0","64","184.1","0","0","0","0","0","0","0","0","0"
"*0621k*","Christian Braun","DEN","G,F","","251","FA","","56.29","63","187.6",".519","1.0",".782","12.0","4.8","2.7","0.7","0.3","1.0"
"*06v5m*","Joan Beringer","MIN","F,C","","394","FA","","33.33","57","188.5",".663","0.0",".703","3.9","2.3","0.3","0.2","0.7","0.3"
"*0622i*","Gui Santos","GS","F","","179","FA","","66.38","58","191.3",".500","1.1",".725","9.2","3.9","2.3","0.9","0.3","1.5"
"*06v5f*","Khaman Maluach","PHO","C","","389","FA","","34.41","55","194.3",".533","0.1",".710","3.0","2.9","0.1","0.1","0.7","0.5"
"*0623a*","Scotty Pippen","MEM","G","","440","FA","","27.36","53","196.1",".448","1.0",".783","11.4","2.2","4.7","1.9","0.4","2.7"
"*06cc1*","Bilal Coulibaly","WAS","G,F","","118","FA","","74.37","47","198.6",".425","1.2",".746","11.7","4.3","2.6","1.3","1.0","1.4"
"*027p0*","Nikola Vucevic","ORL","C","","68","FA","","82.1","45","199.8",".493","1.6",".828","15.1","8.4","3.3","0.6","0.6","1.3"
"*06mle*","Kyle Filipowski","UTA","F,C","","65","FA","","82.55","41","205.4",".492","1.0",".750","11.4","7.2","2.6","0.9","0.5","1.6"
"*05uj9*","Herbert Jones","NO","G,F","","191","FA","","64.75","43","205.9",".383","1.4",".806","8.9","3.4","2.8","1.6","0.5","1.3"
"*027pe*","Jimmy Butler","GS","F","","166","FA","","67.74","39","206.9",".519","0.8",".864","20.0","5.6","4.9","1.4","0.2","1.6"
"*03aq2*","Jerami Grant","MEM","F","","117","FA","","74.58","36","211.1",".453","2.4",".814","18.6","3.5","2.1","0.7","0.6","2.1"
"*076sy*","Morez Johnson","DAL","F","R","1143","FA","","0","37","213","0","0","0","0","0","0","0","0","0"
"*06cc8*","Dereck Lively","DAL","C","","480","FA","","21.84","33","213.5",".611","0.0",".800","4.3","5.3","1.9","0.6","1.6","1.4"
"*05qt4*","Aaron Nesmith","IND","F","","226","FA","","60.66","34","213.7",".414","2.3",".829","13.8","4.2","1.9","0.6","0.5","1.4"
"*005ki*","Brook Lopez","LAC","C","","111","FA","","75.59","31","215.4",".428","1.5",".757","8.5","3.6","1.3","0.6","1.2","0.8"
"*06v5w*","Nique Clifford","SAC","G,F","","176","FA","","66.53","27","218.2",".418","1.0",".722","8.6","3.8","2.4","0.9","0.3","1.5"
"*05qub*","Isaiah Stewart","MEM","F,C","","169","FA","","67.29","29","218.6",".550","0.7",".756","10.0","5.0","1.1","0.3","1.6","1.2"
"*049kd*","Deandre Ayton","WAS","C","","129","FA","","72.71","25","220",".671","0.0",".645","12.5","8.0","0.8","0.6","1.0","1.2"
"*06mlz*","Cam Spencer","MEM","G","","119","FA","","74.22","27","220.2",".473","2.0",".940","11.1","2.5","5.6","0.7","0.2","1.3"
"*03nwn*","Bobby Portis","MIA","F,C","","141","FA","","70.91","27","220.4",".488","2.0",".706","13.7","6.4","1.6","0.6","0.2","1.0"
"*04qrm*","Collin Sexton","LAL","G","","125","FA","","73.39","23","223.5",".485","1.6",".855","15.4","2.3","3.3","1.1","0.1","2.1"
"*04qsm*","De'Anthony Melton","GS","G","","199","FA","","63.34","23","225.1",".407","1.5",".826","12.3","3.2","2.6","1.6","0.4","1.9"
"*076tc*","Keaton Wagler","LAC","G","R","1684","FA","","0","22","225.6","0","0","0","0","0","0","0","0","0"
"*062dn*","Julian Champagnie","SA","F","","60","FA","OKC Wed 9:30AM","84.33","18","226.9",".437","2.4",".844","11.1","5.8","1.5","0.8","0.5","0.8"
"*04qru*","Donte DiVincenzo","MIN","G","","41","FA","","87.76","16","227.1",".406","3.0",".743","12.2","4.1","3.8","1.3","0.4","1.4"
"*05uup*","Jay Huff","IND","C","","66","FA","","82.35","17","227.9",".476","1.5",".828","9.5","4.0","1.5","0.5","1.9","0.9"
"*06cdn*","Scoot Henderson","POR","G","","310","FA","","47.41","17","229.1",".418","1.9",".840","14.2","2.7","3.7","0.9","0.3","2.4"
"*0623m*","Keon Ellis","BKN","G","","198","FA","","63.63","17","229.5",".440","1.3",".729","6.7","1.9","1.0","1.2","0.6","0.6"
"*06mkc*","Jaylon Tyson","CLE","G,F","","120","FA","","74.2","17","229.6",".493","2.0",".738","13.2","5.1","2.2","0.8","0.4","1.5"
"*051pi*","Daniel Gafford","DAL","C","","174","FA","","66.6","15","230.5",".655","0.0",".683","9.5","6.9","1.1","0.8","1.3","1.1"
"*06mkd*","Yves Missi","NO","F,C","","215","FA","","62.3","15","230.9",".544","0.0",".559","5.7","5.8","1.3","0.3","1.5","0.8"
"*05uih*","Jonathan Kuminga","MIN","F,C","","296","FA","","49.53","14","231",".463","1.0",".724","12.2","5.6","2.3","0.6","0.3","1.9"
"*05qzh*","Naji Marshall","DAL","G,F","","85","FA","","78.52","14","232",".510","0.8",".760","15.2","4.7","3.3","1.1","0.1","1.6"
"*05uj4*","Santi Aldama","DAL","F,C","","187","FA","","65.42","14","232.1",".479","1.6",".667","14.0","6.7","2.9","0.9","0.7","1.3"
"*076tl*","Brayden Burries","MIL","G","R","763","FA","","0","15","232.1","0","0","0","0","0","0","0","0","0"
"*06ccd*","Noah Clowney","BKN","F,C","","113","FA","","74.93","13","233.2",".396","2.0",".804","12.3","4.1","1.6","0.8","0.7","1.5"
"*076ti*","Hannes Steinbach","CHA","F","R","1595","FA","","0","12","233.8","0","0","0","0","0","0","0","0","0"
"*04qs4*","Robert Williams","POR","C","","216","FA","","62.23","11","234.2",".708","0.2",".596","6.7","7.0","1.0","0.6","1.5","0.8"
"*03nwk*","Kelly Oubre Jr.","IND","F","","161","FA","","68.61","11","234.5",".467","1.7",".766","14.1","5.0","1.6","1.4","0.5","1.4"
"*04ewr*","Kyle Kuzma","MIL","F","","127","FA","","72.84","11","234.7",".492","1.2",".726","13.0","4.5","2.7","0.7","0.4","1.7"
"*06v80*","Ryan Kalkbrenner","CHA","C","","175","FA","","66.59","11","234.7",".753","0.0",".716","7.6","5.5","0.8","0.5","1.5","0.9"
"*06mkl*","Isaiah Collier","UTA","G","","192","FA","","64.57","9","236.5",".495","0.5",".722","11.7","2.5","7.2","1.1","0.3","2.5"
"*0621y*","Max Christie","DAL","G,F","","101","FA","","76.36","9","237.2",".441","2.3",".899","12.3","3.2","2.0","0.6","0.4","1.2"
"*05ujt*","Aaron Wiggins","ATL","G,F","","206","FA","","62.74","8","237.9",".431","1.5",".736","9.4","3.1","1.7","0.9","0.4","1.2"
"*05qsp*","Isaiah Joe","DET","G","","147","FA","BOS Wed 3:00AM","70.13","7","238.4",".455","2.5",".894","11.1","2.5","1.3","0.7","0.2","0.6"
"*06mjt*","Zaccharie Risacher","DAL","F","","170","FA","","66.92","7","238.5",".455","1.4",".644","9.6","3.8","1.1","0.9","0.5","0.9"
"*051p8*","Jordan Poole","NO","G","","273","FA","","53.46","7","238.8",".372","2.5",".860","13.4","2.0","3.1","0.6","0.4","1.8"
"*06mjx*","Ron Holland","DET","F","","158","FA","BOS Wed 3:00AM","68.82","7","239.2",".432","0.6",".805","8.2","4.0","1.2","1.2","0.3","1.2"
"*051op*","Rui Hachimura","LAC","F","","193","FA","","64.46","5","239.6",".514","1.7",".694","11.5","3.3","0.8","0.6","0.3","0.6"
"*051p9*","Keldon Johnson","SA","G,F","","104","FA","OKC Wed 9:30AM","76.07","5","239.6",".519","1.2",".794","13.2","5.4","1.4","0.6","0.1","0.9"
"*05qtm*","Precious Achiuwa","SAC","F,C","","112","FA","","75.12","5","239.8",".528","0.4",".554","10.1","6.7","1.4","0.9","0.7","0.9"
"*06v58*","Tre Johnson","WAS","G","","219","FA","","61.62","5","240.1",".419","1.9",".874","12.2","2.8","2.0","0.6","0.3","1.6"
"*031mb*","Tim Hardaway","MIA","G,F","","96","FA","","77.02","5","240.4",".447","2.8",".811","13.5","2.6","1.4","0.5","0.1","0.5"
"*076te*","Kingston Flemings","ATL","G","R","965","FA","","0","5","240.6","0","0","0","0","0","0","0","0","0"
"*0558t*","Max Strus","LAC","G,F","","437","FA","","27.78","5","240.6",".443","2.8",".778","11.2","5.4","2.0","0.3","0.0","0.8"
"*05qtb*","Sam Merrill","CLE","G,F","","217","FA","","62.09","5","240.7",".461","3.0",".855","12.8","2.6","2.4","0.6","0.1","0.8"
"*04qs1*","Anfernee Simons","PHI","G","","211","FA","@NY Wed 7:00AM","62.44","4","240.9",".440","2.7",".896","14.3","2.5","2.4","0.5","0.1","1.2"
"*0621i*","Jake LaRavia","LAL","F","","95","FA","","77.09","4","240.9",".459","1.0",".763","8.2","4.0","1.8","1.3","0.5","1.1"
"*04s00*","Duncan Robinson","DET","G,F","","98","FA","BOS Wed 3:00AM","76.92","4","241.3",".456","2.9",".755","12.2","2.7","2.1","0.6","0.3","0.7"
"*051ok*","De'Andre Hunter","SAC","F","","248","FA","","56.94","4","241.3",".415","1.7",".867","13.7","4.1","2.0","0.7","0.1","1.7"
"*06234*","AJ Green","MIL","G,F","","162","FA","","68.22","4","241.4",".424","3.0",".855","10.4","2.7","1.9","0.5","0.1","1.0"
"*02nf3*","Bradley Beal","LAC","G","","507","FA","","19.26","4","241.5",".375","1.2",".750","8.2","0.8","1.7","0.5","0.0","1.5"
"*06cc0*","Taylor Hendricks","MEM","F,C","","253","FA","","56.1","3","241.6",".459","1.1",".681","7.4","3.7","0.9","0.8","0.5","0.8"
"*06mkb*","Ja'Kobe Walter","TOR","G","","197","FA","","63.85","3","241.7",".446","1.5",".789","7.5","2.6","1.2","1.0","0.2","0.5"
"*06mkj*","Terrence Shannon","MIN","G,F","","382","FA","","35.51","4","241.8",".450","0.7",".800","5.6","1.1","0.9","0.3","0.0","0.6"
"*06mmf*","Daniss Jenkins","DET","G","","178","FA","BOS Wed 3:00AM","66.4","3","241.9",".408","1.0",".832","9.3","2.3","3.9","0.9","0.2","1.6"
"*06mk8*","Jared McCain","OKC","G","","268","FA","@SA Wed 9:30AM","53.82","3","242",".425","1.5",".864","8.3","2.0","1.3","0.5","0.1","0.8"
"*042n2*","Kris Dunn","LAC","G","","140","FA","","70.96","3","242",".476","1.0",".765","7.3","3.3","3.6","1.6","0.2","1.4"
"*06cbz*","Brice Sensabaugh","UTA","F","","116","FA","","74.77","3","242",".460","2.2",".826","14.9","3.1","1.9","0.7","0.2","1.7"
"*06mln*","Adem Bona","PHI","C","","241","FA","@NY Wed 7:00AM","58.55","3","242",".595","0.0",".708","4.8","4.3","0.5","0.4","1.2","0.8"
"*06mk6*","Carlton Carrington","WAS","G","","130","FA","","72.58","3","242.2",".424","2.1",".730","10.7","3.4","4.6","0.6","0.2","2.3"
"*049kc*","Malik Monk","SAC","G","","181","FA","","66.26","3","242.3",".438","2.0",".879","12.5","1.9","3.0","0.6","0.4","1.5"
"*06v56*","Walter Clayton","MEM","G","","229","FA","","60.2","2","242.3",".384","1.1",".901","7.8","2.0","4.0","0.6","0.3","1.7"
"*06v5q*","Danny Wolf","BKN","F,C","","222","FA","","60.92","2","242.5",".405","1.2",".771","8.9","4.9","2.2","0.5","0.6","1.3"
"*06y2o*","Dylan Cardwell","SAC","F,C","","276","FA","","53.05","2","242.7",".587","0.0",".510","5.4","7.5","1.4","0.7","1.5","0.9"
"*05uja*","Miles McBride","NY","G","","270","FA","PHI Wed 7:00AM","53.56","2","242.8",".423","2.7",".787","12.0","2.4","2.6","0.9","0.2","0.8"
"*04jwd*","Royce O'Neale","CHA","F","","86","FA","","78.45","2","242.8",".421","2.7",".711","9.8","4.8","2.7","1.1","0.4","1.3"
"*043cj*","Gary Payton II","GS","G","","238","FA","","58.79","1","242.8",".583","0.5",".650","7.5","3.6","1.7","0.9","0.3","0.8"
"*02nf9*","Andre Drummond","NY","C","","207","FA","PHI Wed 7:00AM","62.67","3","242.8",".472","0.5",".631","6.4","8.4","1.3","0.6","0.8","1.0"
"*06mll*","Jaylen Wells","MEM","G,F","","138","FA","","71.13","2","242.8",".431","1.9",".784","12.5","3.2","1.6","0.9","0.1","1.1"
"*06cdh*","GG Jackson","MEM","F","","195","FA","","64.02","2","242.8",".496","1.2",".742","12.5","4.3","1.5","0.6","0.8","1.5"
"*031m4*","Dennis Schroder","CHA","G","","164","FA","","68.13","3","242.9",".405","1.1",".834","10.8","2.7","4.9","0.8","0.2","1.8"
"*0621a*","Ousmane Dieng","MIL","F,C","","280","FA","","52.21","2","242.9",".422","1.1",".711","7.6","3.2","2.4","0.4","0.3","1.3"
"*03lg1*","Ben Simmons","SAC","G","","1563","FA","","0","1","242.9","0","0","0","0","0","0","0","0","0"
"*06hdy*","Drew Peterson","(N/A)","F","","557","FA","","15.78","1","242.9",".125","0.0",".500","0.8","1.5","0.3","0.5","0.2","0.0"
"*03al1*","Marcus Smart","HOU","G","","157","FA","","68.93","2","243",".395","1.6",".822","9.3","2.8","3.0","1.4","0.4","1.5"
"*06v59*","Will Riley","WAS","F","","172","FA","","66.85","2","243",".439","1.1",".800","10.3","2.9","2.0","0.7","0.1","1.3"
"*06v5b*","Yanic Konan Niederhauser","LAC","F,C","","365","FA","","37.78","2","243",".640","0.0",".758","4.3","2.9","0.3","0.1","0.7","0.6"
"*06cei*","Leonard Miller","CHI","F","","329","FA","","44.14","2","243",".553","0.7",".736","7.8","3.9","0.9","0.4","0.3","0.8"
"*0496e*","Alex Caruso","OKC","G,F","","264","FA","@SA Wed 9:30AM","54.13","1","243",".423","0.9",".804","6.2","2.8","2.0","1.3","0.3","0.9"
"*076t2*","Cameron Carr","LAL","G","R","779","FA","","0","2","243.2","0","0","0","0","0","0","0","0","0"
"*027ou*","Klay Thompson","MIA","G,F","","194","FA","","64.25","2","243.2",".393","2.9",".766","11.7","2.1","1.4","0.5","0.3","0.9"
"*06cab*","Jarace Walker","IND","F","","90","FA","","77.82","2","243.2",".419","1.8",".749","11.6","5.1","2.5","0.8","0.3","1.8"
"*05qty*","Jalen Smith","CHI","F,C","","185","FA","","65.56","1","243.3",".483","1.5",".742","10.2","6.7","1.2","0.5","0.8","1.0"
"*048zt*","Derrick Jones","LAC","F","","225","FA","","60.77","1","243.3",".499","1.1",".763","10.1","3.5","1.4","0.9","1.0","0.8"
"*076tb*","Allen Graves","TOR","F","R","1017","FA","","0","2","243.3","0","0","0","0","0","0","0","0","0"
"*04ewc*","Zach Collins","CHI","F,C","","455","FA","","25.25","1","243.3",".578","0.9",".700","9.7","5.6","1.5","0.2","0.4","1.0"
"*005kc*","Russell Westbrook","(N/A)","G","","83","FA","","78.73","1","243.4",".427","2.0",".694","15.2","5.4","6.7","1.3","0.2","3.3"
"*0527l*","Luguentz Dort","ATL","G,F","","184","FA","","65.7","2","243.4",".385","1.9",".759","8.3","3.6","1.2","0.9","0.4","0.8"
"*05wqo*","Dru Smith","MIA","G","","202","FA","","63.17","1","243.4",".415","0.5",".829","5.6","2.5","2.6","1.4","0.3","0.8"
"*0622f*","Karlo Matkovic","NO","F,C","","278","FA","","52.38","1","243.4",".604","0.6",".732","5.7","3.7","0.8","0.4","0.9","0.5"
"*06cp4*","Craig Porter","CLE","G","","255","FA","","55.92","1","243.5",".450","0.5",".600","4.5","3.4","3.2","0.9","0.6","0.9"
"*076sz*","Sergio De Larrea","DAL","G","R","872","FA","","0","1","243.5","0","0","0","0","0","0","0","0","0"
"*05uuq*","Jock Landale","ATL","C","","132","FA","","72.23","1","243.7",".515","1.1",".635","10.6","5.7","1.7","0.5","0.5","0.9"
"*02nf7*","Harrison Barnes","SA","F","","137","FA","OKC Wed 9:30AM","71.31","1","243.7",".456","1.8",".829","9.9","2.8","1.9","0.6","0.2","0.8"
"*06mlm*","Oso Ighodaro","PHO","F,C","","165","FA","","68.02","1","243.7",".653","0.0",".453","6.5","5.1","2.3","0.9","0.7","1.2"
"*0621x*","Jaylin Williams","OKC","F,C","","180","FA","@SA Wed 9:30AM","66.36","1","243.7",".423","1.5",".793","7.2","5.5","2.4","0.5","0.6","1.0"
"*05uud*","Justin Champagnie","WAS","F","","151","FA","","69.65","1","243.8",".502","0.8",".784","8.7","5.6","1.2","0.9","0.6","0.7"
"*000zv*","Al Horford","GS","F,C","","239","FA","","58.71","1","243.8",".426","1.6",".846","8.3","4.9","2.6","0.7","1.1","0.9"
"*06mm1*","Bronny James","LAL","G","","442","FA","","27.2","1","243.9",".409","0.5",".857","2.9","0.5","1.2","0.5","0.1","0.6"
"*05uiw*","Isaiah Jackson","LAC","C","","254","FA","","55.98","1","243.9",".637","0.0",".648","6.7","5.3","0.9","0.7","0.9","1.1"
"*049ki*","Marvin Bagley","DEN","F,C","","196","FA","","63.95","1","243.9",".618","0.4",".660","10.4","6.1","1.4","0.5","0.7","1.0"
"*04jwb*","Luke Kornet","SA","C","","154","FA","OKC Wed 9:30AM","69.11","1","243.9",".643","0.0",".825","6.5","6.1","1.9","0.5","1.0","0.4"
"*031lz*","Steven Adams","HOU","C","","330","FA","","44.05","1","243.9",".504","0.0",".580","5.8","8.6","1.5","0.7","0.6","1.1"
"*031lv*","Kentavious Caldwell-Pope","PHI","G,F","","279","FA","@NY Wed 7:00AM","52.23","1","243.9",".410","1.1",".912","8.4","2.5","2.7","0.8","0.2","1.2"
"*06mka*","Tristan da Silva","ORL","F","","124","FA","","73.45","1","244",".450","1.6",".884","9.9","3.7","1.6","0.9","0.3","0.9"
"*05qsx*","Obi Toppin","IND","F,C","","359","FA","","38.94","1","244",".503","1.5",".913","11.6","4.4","2.3","0.5","0.0","1.2"
"*076su*","Aday Mara","OKC","C","R","1269","FA","@SA Wed 9:30AM","0","1","244","0","0","0","0","0","0","0","0","0"
"*04qs2*","Moritz Wagner","BKN","C","","352","FA","","40.16","1","244",".426","0.6",".819","6.9","3.2","0.8","0.4","0.1","0.5"
"*02ng3*","Khris Middleton","WAS","F","","218","FA","","61.66","1","244",".420","1.1",".875","10.2","3.7","2.8","0.7","0.1","1.7"
"*05qsk*","Isaac Okoro","CHI","G,F","","210","FA","","62.44","1","244",".460","1.2",".795","9.3","2.7","1.6","0.7","0.5","0.7"
"*03wr4*","T.J. McConnell","IND","G","","263","FA","","54.13","1","244",".538","0.3",".862","9.4","2.2","5.1","1.0","0.2","1.1"
"*03r7d*","Mario Hezonja","CLE","G,F","","1070","FA","","0","1","244","0","0","0","0","0","0","0","0","0"
"*0621q*","Nikola Jovic","MIA","F,C","","305","FA","","47.81","1","244.1",".366","1.0",".683","7.3","3.3","2.2","0.6","0.4","1.4"
"*06cc9*","Olivier-Maxence Prosper","MEM","F","","259","FA","","55.34","1","244.1",".549","1.1",".754","10.0","3.5","1.0","0.8","0.2","0.9"
"*051p0*","Matisse Thybulle","LAL","G,F","","360","FA","","38.92","1","244.1",".433","1.2",".840","5.8","2.0","0.9","2.0","0.5","0.9"
"*05ux3*","Jordan Goodwin","PHO","G","","136","FA","","71.37","1","244.1",".413","1.6",".696","8.7","4.9","2.2","1.5","0.2","1.0"
"*06mlr*","Jamal Shead","TOR","G","","183","FA","","65.96","1","244.1",".367","1.0",".784","6.6","1.7","5.4","0.9","0.2","1.4"
"*06mly*","Quinten Post","MEM","C","","221","FA","","61.11","1","244.1",".440","1.4",".791","7.7","4.0","1.4","0.4","0.5","0.8"
"*05uul*","Jose Alvarado","NY","G","","227","FA","PHI Wed 7:00AM","60.38","1","244.1",".416","1.5",".761","7.4","2.5","3.4","1.0","0.1","1.1"
"*06mkm*","Baylor Scheierman","BOS","G,F","","258","FA","@DET Wed 3:00AM","55.43","1","244.1",".453","1.3",".903","5.5","3.5","1.5","0.5","0.1","0.6"
"*05uug*","Sam Hauser","BOS","F","","159","FA","@DET Wed 3:00AM","68.79","1","244.2",".419","2.5",".850","9.2","3.8","1.5","0.5","0.3","0.4"
"*05uio*","Moses Moody","GS","G,F","","135","FA","","71.41","0","-",".440","2.5",".770","12.1","3.3","1.6","1.0","0.6","0.9"
"*04qrw*","Kevin Huerter","DET","G,F","","143","FA","BOS Wed 3:00AM","70.72","0","-",".451","1.4",".775","10.0","3.5","2.6","0.9","0.5","1.0"
"*04qsj*","Bruce Brown","(N/A)","G","","146","FA","","70.27","0","-",".475","0.7",".762","7.9","3.9","2.1","1.0","0.2","1.1"
"*0558v*","Javonte Green","DET","G,F","","155","FA","BOS Wed 3:00AM","69.01","0","-",".447","1.1",".840","6.9","2.8","0.7","1.2","0.3","0.5"
"*05y9y*","Brandon Williams","GS","G","","156","FA","","68.95","0","-",".472","0.5",".793","13.0","2.9","3.9","0.9","0.3","1.9"
"*0626t*","Dominick Barlow","PHI","F,C","","168","FA","@NY Wed 7:00AM","67.44","0","-",".539","0.3",".718","7.7","4.8","1.2","0.9","0.7","0.8"
"*04ewd*","Luke Kennard","PHO","G","","188","FA","","65.27","0","-",".533","1.5",".913","8.4","2.3","2.2","0.7","0.1","0.8"
"*06v7z*","Sion James","CHA","G,F","","204","FA","","62.99","0","-",".371","1.0",".837","5.4","3.5","2.0","0.6","0.2","0.8"
"*062pk*","Simone Fontecchio","MIA","F","","205","FA","","62.88","0","-",".412","1.8",".843","8.5","3.0","1.4","0.5","0.1","0.7"
"*05ujq*","Luka Garza","BOS","C","","209","FA","@DET Wed 3:00AM","62.51","0","-",".577","0.8",".769","8.1","4.1","1.0","0.4","0.4","0.7"
"*05uik*","Ziaire Williams","LAL","G,F","","212","FA","","62.4","0","-",".425","1.5",".850","10.2","2.4","1.1","1.4","0.4","1.1"
"*051oo*","Jaxson Hayes","UTA","C","","213","FA","","62.38","0","-",".756","0.0",".653","7.5","4.1","0.9","0.4","0.8","0.5"
"*05uj0*","Bones Hyland","MIN","G","","214","FA","","62.34","0","-",".453","1.6",".780","8.5","1.8","2.6","0.6","0.2","1.0"
"*051oy*","Goga Bitadze","ORL","C","","220","FA","","61.52","0","-",".676","0.0",".711","5.9","5.0","1.3","0.6","1.0","0.7"
"*06ccw*","Jordan Miller","LAC","F","","228","FA","","60.36","0","-",".531","0.6",".777","10.0","3.0","2.3","0.8","0.2","1.1"
"*06mk2*","Cody Williams","MIN","G","","231","FA","","59.95","0","-",".468","0.4",".706","8.8","3.0","2.0","0.8","0.4","1.1"
"*05qsl*","Patrick Williams","CHI","F","","233","FA","","59.63","0","-",".372","1.3",".720","7.0","3.0","1.5","0.7","0.4","1.0"
"*05qtk*","Vit Krejci","POR","G,F","","234","FA","","59.58","0","-",".448","2.0",".745","8.5","2.3","1.5","0.7","0.3","0.6"
"*027oo*","Jonas Valanciunas","(N/A)","C","","235","FA","","59.57","0","-",".582","0.1",".772","8.7","5.1","1.2","0.2","0.6","1.1"
"*06ccz*","Mouhamed Gueye","ATL","F","","242","FA","","57.77","0","-",".452","0.5",".645","4.4","3.6","0.9","0.8","0.5","0.4"
"*06mkk*","Ryan Dunn","PHO","F","","243","FA","","57.51","0","-",".453","0.8",".489","5.8","4.2","1.5","0.9","0.4","0.8"
"*042nf*","Caris LeVert","MIL","G,F","","244","FA","","57.41","0","-",".417","1.0",".679","7.4","1.9","2.6","0.8","0.7","1.4"
"*05293*","John Konchar","(N/A)","G","","245","FA","","57.08","0","-",".472","0.5",".727","4.4","4.3","2.1","1.5","0.7","0.6"
"*051ps*","Terance Mann","BKN","G,F","","247","FA","","56.94","0","-",".458","0.9",".787","7.2","3.2","3.0","0.7","0.2","1.1"
"*05wqp*","Micah Potter","POR","F,C","","249","FA","","56.86","0","-",".515","1.5",".842","9.7","5.0","1.5","0.5","0.3","1.0"
"*06v8p*","Will Richard","GS","G","","250","FA","","56.53","0","-",".468","1.0",".852","6.4","2.5","1.3","1.2","0.1","0.8"
"*03e6s*","Clint Capela","HOU","C","","252","FA","","56.21","0","-",".520","0.0",".577","3.8","4.6","0.7","0.5","0.8","0.5"
"*0529c*","Dean Wade","PHI","F","","256","FA","@NY Wed 7:00AM","55.55","0","-",".439","1.2",".711","5.8","4.2","1.5","0.7","0.4","0.3"
"*06cd1*","Jordan Walsh","BOS","F","","257","FA","@DET Wed 3:00AM","55.46","0","-",".509","0.7",".772","5.4","4.0","0.8","0.7","0.5","0.5"
"*0633h*","Pat Spencer","PHO","G","","260","FA","","54.62","0","-",".427","0.9",".772","7.2","2.4","3.5","0.7","0.1","1.3"
"*06caa*","Ben Sheppard","IND","G,F","","261","FA","","54.51","0","-",".434","1.3",".765","7.1","3.0","1.8","0.6","0.1","0.6"
"*03byk*","Jordan Clarkson","NY","G,F","","262","FA","PHI Wed 7:00AM","54.28","0","-",".451","1.0",".830","8.6","1.8","1.3","0.4","0.1","0.9"
"*06v5p*","Nolan Traore","BKN","G","","265","FA","","54.04","0","-",".380","1.1",".787","8.9","1.8","3.8","0.8","0.4","2.3"
"*06cel*","Sidy Cissoko","POR","F","","266","FA","","54.02","0","-",".398","0.8",".659","5.1","2.2","1.5","0.7","0.3","0.9"
"*06v89*","Jamir Watkins","WAS","G,F","","267","FA","","53.84","0","-",".446","0.9",".695","7.4","3.9","1.3","1.1","0.5","0.8"
"*06v8g*","Kobe Sanders","LAC","G,F","","269","FA","","53.59","0","-",".466","1.2",".826","7.3","2.3","1.6","0.7","0.1","1.2"
"*06ccu*","Tristan Vukcevic","WAS","C","","271","FA","","53.54","0","-",".479","1.0",".784","9.0","3.0","1.1","0.5","0.7","1.3"
"*03xmt*","Guerschon Yabusele","(N/A)","F,C","","272","FA","","53.54","0","-",".401","1.0",".750","5.6","3.5","0.9","0.4","0.2","0.6"
"*05uip*","Corey Kispert","ATL","G,F","","274","FA","","53.46","0","-",".467","1.5",".794","9.2","2.3","1.6","0.3","0.2","0.8"
"*04qrx*","Josh Okogie","UTA","G,F","","275","FA","","53.37","0","-",".425","0.8",".594","4.5","2.6","0.9","0.8","0.2","0.5"
"*06nv9*","Spencer Jones","DEN","F","","277","FA","","52.98","0","-",".504","0.9",".608","5.5","3.3","0.8","0.8","0.5","0.5"
"*06prl*","Nae'Qwan Tomlin","CLE","F","","281","FA","","52.17","0","-",".478","0.4",".770","5.8","2.9","0.8","0.6","0.5","0.5"
"*04qs3*","Landry Shamet","NY","G","","282","FA","PHI Wed 7:00AM","52","0","-",".437","2.0",".711","9.3","1.8","1.4","0.6","0.2","0.6"
"*06v8e*","Javon Small","MEM","G","","283","FA","","51.68","0","-",".465","1.5",".829","9.7","3.1","3.7","0.8","0.2","1.4"
"*04qse*","Gary Trent","MIL","G,F","","285","FA","","51.32","0","-",".387","1.9",".769","8.1","1.0","1.2","0.5","0.0","0.6"
"*04ex5*","Thomas Bryant","CLE","C","","286","FA","","51.25","0","-",".506","0.8",".803","6.2","3.4","0.6","0.3","0.4","0.5"
"*064tp*","Quenton Jackson","IND","G","","287","FA","","51.09","0","-",".470","0.9",".824","9.1","2.3","2.9","0.6","0.1","1.3"
"*06ca5*","Kris Murray","MEM","F","","288","FA","","50.96","0","-",".467","0.6",".684","5.8","3.6","1.4","0.9","0.4","0.8"
"*06cc2*","Gradey Dick","TOR","G,F","","289","FA","","50.93","0","-",".419","0.7",".875","6.0","1.9","0.7","0.6","0.1","0.6"
"*06228*","Josh Minott","BKN","F,C","","290","FA","","50.71","0","-",".500","1.3",".787","7.4","3.2","0.9","0.9","0.5","0.9"
"*04qsi*","Jarred Vanderbilt","LAL","F","","292","FA","","50.28","0","-",".471","0.4",".589","4.4","4.5","1.3","0.8","0.3","0.9"
"*06vy3*","Caleb Love","PHI","G","","293","FA","@NY Wed 7:00AM","50.19","0","-",".388","1.9",".735","10.4","2.3","2.5","0.6","0.1","1.3"
"*06mmc*","Justin Edwards","PHI","G,F","","294","FA","@NY Wed 7:00AM","49.61","0","-",".447","1.0",".846","6.0","1.5","1.3","0.8","0.2","0.6"
"*06v55*","Kasparas Jakucionis","MIL","G","","295","FA","","49.53","0","-",".429","1.2",".879","6.2","2.6","2.6","0.6","0.1","0.9"
"*04qsn*","Svi Mykhailiuk","UTA","F","","297","FA","","49.26","0","-",".478","2.0",".893","9.4","2.5","1.9","0.5","0.1","0.8"
"*05ujw*","Jericho Sims","MIL","C","","298","FA","","49.21","0","-",".784","0.0",".620","5.0","5.5","1.6","0.3","0.3","1.1"
"*005l0*","Nicolas Batum","(N/A)","F","","299","FA","","48.96","0","-",".403","1.2",".818","4.0","2.5","0.9","0.6","0.3","0.5"
"*03aq3*","Kyle Anderson","TOR","F","","300","FA","","48.95","0","-",".530","0.1",".706","6.2","3.5","2.9","1.0","0.6","0.9"
"*06v5s*","Drake Powell","BKN","G,F","","301","FA","","48.71","0","-",".402","0.8",".896","6.5","1.8","1.4","0.6","0.2","1.0"
"*03e79*","Dwight Powell","(N/A)","C","","302","FA","","48.51","0","-",".644","0.0",".696","3.3","4.1","1.1","0.5","0.3","0.7"
"*05uj1*","Cameron Thomas","(N/A)","G,F","","303","FA","","48.51","0","-",".410","1.2",".811","13.5","1.7","2.6","0.2","0.1","1.8"
"*06cd2*","Rayan Rupert","PHI","G","","304","FA","@NY Wed 7:00AM","48.19","0","-",".393","0.7",".778","5.2","2.9","1.1","0.9","0.1","0.9"
"*0622a*","Vince Williams","(N/A)","G,F","","306","FA","","47.79","0","-",".353","1.4",".780","7.5","3.9","4.2","0.7","0.4","1.8"
"*0015e*","Mike Conley","BOS","G","","307","FA","@DET Wed 3:00AM","47.74","0","-",".335","1.0",".900","4.5","1.7","2.9","0.6","0.3","0.6"
"*06y3q*","Ryan Nembhard","ATL","G","","308","FA","","47.67","0","-",".415","0.8",".806","6.6","2.2","5.3","0.4","0.0","1.4"
"*06220*","Jaden Hardy","LAL","G","","309","FA","","47.57","0","-",".424","1.8",".733","9.2","1.5","1.0","0.3","0.1","1.1"
"*06mk0*","Rob Dillingham","CHI","G","","311","FA","","47.26","0","-",".396","0.6",".745","6.3","2.0","2.2","0.7","0.1","1.5"
"*05uuv*","Trendon Watford","NO","G,F","","312","FA","","47.05","0","-",".515","0.2",".779","6.5","3.3","2.5","0.3","0.4","1.2"
"*06ca2*","Kobe Brown","IND","F","","313","FA","","46.95","0","-",".469","0.9",".797","5.8","3.0","1.3","0.4","0.2","0.9"
"*042n3*","Buddy Hield","ATL","G,F","","314","FA","","46.76","0","-",".437","1.5",".811","7.6","2.3","1.4","0.8","0.2","0.9"
"*06ca3*","Julian Strawther","DEN","G,F","","315","FA","","46.68","0","-",".467","1.0",".814","7.2","2.0","1.1","0.4","0.1","0.6"
"*04t8w*","Kenrich Williams","OKC","F","","317","FA","@SA Wed 9:30AM","46.29","0","-",".473","0.9",".635","6.5","3.3","1.4","0.6","0.1","0.8"
"*06mk5*","Devin Carter","(N/A)","G","","319","FA","","45.99","0","-",".414","0.8",".713","8.9","3.3","2.7","0.9","0.2","1.4"
"*06v5d*","Hugo Gonzalez","BOS","G,F","","321","FA","@DET Wed 3:00AM","45.52","0","-",".476","0.6",".500","3.9","3.3","0.5","0.6","0.3","0.5"
"*06223*","Bryce McGowens","NO","G","","322","FA","","45.52","0","-",".481","0.9",".779","8.1","2.1","1.5","0.6","0.2","0.4"
"*04qs9*","Jevon Carter","ORL","G","","323","FA","","45.35","0","-",".401","1.5",".789","6.4","1.7","1.6","0.8","0.2","0.7"
"*05qv9*","Anthony Gill","(N/A)","F","","324","FA","","45.06","0","-",".628","0.3",".739","5.8","2.9","1.3","0.6","0.4","0.7"
"*05qtd*","Nick Richards","MIA","C","","325","FA","","44.59","0","-",".512","0.1",".644","5.8","5.1","0.3","0.2","0.7","1.2"
"*06v5x*","Carter Bryant","SA","F","","327","FA","OKC Wed 9:30AM","44.28","0","-",".408","0.7",".714","4.2","2.5","0.7","0.2","0.3","0.5"
"*06cd9*","Jaylen Clark","MIN","G,F","","328","FA","","44.17","0","-",".434","0.5",".657","4.0","1.8","0.6","0.7","0.1","0.3"
"*0622k*","Jabari Walker","PHI","F,C","","331","FA","@NY Wed 7:00AM","44.01","0","-",".455","0.5",".735","4.3","3.0","0.5","0.4","0.2","0.4"
"*06cdc*","Jalen Wilson","ATL","F","","332","FA","","43.83","0","-",".396","1.0",".719","6.4","2.1","0.9","0.4","0.0","0.7"
"*005kd*","Kevin Love","(N/A)","F,C","","333","FA","","43.68","0","-",".397","1.4",".841","6.7","5.8","1.8","0.4","0.2","0.8"
"*06v5t*","Ben Saraf","BKN","G","","334","FA","","43.63","0","-",".396","0.4",".830","7.5","2.1","3.3","0.9","0.2","2.3"
"*064q6*","Daeqwon Plowden","SAC","G,F","","335","FA","","43.28","0","-",".430","1.9",".857","10.8","3.0","1.3","0.7","0.2","0.8"
"*07215*","Moussa Cisse","DAL","C","","336","FA","","43.26","0","-",".574","0.0",".469","4.5","5.7","0.2","0.5","1.2","0.8"
"*051p2*","Grant Williams","CHA","F","","337","FA","","43.25","0","-",".426","1.4",".815","7.0","3.9","1.6","0.5","0.5","0.9"
"*0621d*","Ochai Agbaji","(N/A)","G,F","","338","FA","","42.99","0","-",".436","0.5",".837","5.1","2.3","0.8","0.4","0.3","0.5"
"*06v7y*","Noah Penda","ORL","F","","339","FA","","42.81","0","-",".404","0.5",".688","3.8","3.2","1.2","0.5","0.3","0.7"
"*055qo*","Caleb Martin","DAL","F","","340","FA","","42.78","0","-",".450","0.3",".607","3.9","2.5","1.4","0.7","0.3","0.7"
"*06214*","Jaden Ivey","(N/A)","G","","341","FA","","42.34","0","-",".445","1.4",".809","8.5","2.5","1.8","0.6","0.4","1.1"
"*06v86*","Micah Peavy","MEM","G,F","","342","FA","","42.12","0","-",".385","0.5",".759","4.3","1.9","1.0","0.7","0.1","0.3"
"*05ujm*","Sharife Cooper","(N/A)","G","","343","FA","","41.31","0","-",".514","0.7",".833","8.1","2.1","3.0","0.4","0.1","1.5"
"*06cc6*","Jett Howard","DAL","F","","344","FA","","41.29","0","-",".418","1.0",".949","5.5","1.6","0.8","0.2","0.2","0.3"
"*049ka*","Lonzo Ball","(N/A)","G","","345","FA","","40.77","0","-",".301","1.1",".667","4.6","4.0","3.9","1.3","0.3","1.5"
"*06mlg*","Tyler Kolek","NY","G","","346","FA","PHI Wed 7:00AM","40.74","0","-",".435","0.7",".700","4.4","1.6","2.7","0.4","0.1","0.9"
"*04qs0*","Aaron Holiday","(N/A)","G","","347","FA","","40.64","0","-",".417","1.2",".854","5.5","1.0","1.1","0.5","0.1","0.7"
"*0622e*","Tyrese Martin","PHI","G","","348","FA","@NY Wed 7:00AM","40.49","0","-",".394","1.2",".679","6.3","2.5","1.7","0.5","0.1","0.9"
"*03ad0*","Tyus Jones","DEN","G","","349","FA","","40.48","0","-",".349","0.6",".778","3.0","1.1","2.4","0.6","0.0","0.4"
"*0623l*","Jamaree Bouyea","PHO","G","","350","FA","","40.36","0","-",".458","0.5",".686","5.7","1.8","1.8","0.6","0.3","0.7"
"*06ccv*","Trayce Jackson-Davis","TOR","C","","351","FA","","40.17","0","-",".573","0.0",".514","3.4","2.7","0.7","0.3","0.5","0.4"
"*06mmi*","Branden Carlson","POR","C","","354","FA","","39.88","0","-",".527","0.7",".577","5.8","3.0","0.7","0.2","0.6","0.4"
"*05qti*","Josh Green","UTA","G,F","","355","FA","","39.8","0","-",".459","1.0",".893","4.3","1.8","0.8","0.6","0.1","0.6"
"*06ccy*","Jalen Pickett","LAC","G","","356","FA","","39.71","0","-",".422","1.0",".789","5.2","2.3","2.3","0.3","0.1","0.7"
"*05uis*","Tre Mann","WAS","G","","358","FA","","39.25","0","-",".360","0.9",".852","5.5","1.7","1.6","0.5","0.1","1.0"
"*06v8f*","Tyrese Proctor","CLE","G","","361","FA","","38.69","0","-",".413","0.9",".889","5.4","1.3","1.5","0.5","0.0","0.8"
"*04xdu*","Drew Eubanks","(N/A)","C","","362","FA","","38.69","0","-",".596","0.0",".561","5.2","3.0","0.5","0.4","0.6","0.7"
"*06v72*","Rasheer Fleming","PHO","F","","363","FA","","38.65","0","-",".405","0.8",".559","4.3","2.3","0.3","0.4","0.4","0.5"
"*05g3q*","Gabe Vincent","(N/A)","G","","364","FA","","37.8","0","-",".352","1.1",".870","4.4","1.0","1.4","0.5","0.1","0.5"
"*05quh*","Zeke Nnaji","DEN","F,C","","366","FA","","37.77","0","-",".470","0.3",".773","3.7","2.6","0.6","0.3","0.5","0.5"
"*05wkc*","Ethan Thompson","(N/A)","G","","367","FA","","37.63","0","-",".378","1.2",".787","7.0","2.2","1.8","0.6","0.3","0.8"
"*03ad4*","D'Angelo Russell","MEM","G","","368","FA","","37.47","0","-",".405","1.3",".717","10.2","2.3","4.0","0.5","0.1","1.9"
"*06cef*","Oscar Tshiebwe","HOU","C","","369","FA","","37.38","0","-",".634","0.0",".551","7.8","6.6","1.2","0.6","0.2","0.8"
"*06qdz*","Elijah Harkless","DET","G","","370","FA","BOS Wed 3:00AM","37.25","0","-",".335","0.8",".766","6.8","2.0","2.9","1.2","0.2","1.0"
"*06gno*","Pete Nance","MIL","F","","371","FA","","37.21","0","-",".515","1.1",".364","5.4","2.7","1.0","0.3","0.3","0.6"
"*04ewb*","Jonathan Isaac","ORL","F","","372","FA","","37.19","0","-",".422","0.1",".603","2.6","2.5","0.4","0.4","0.6","0.3"
"*06mjy*","Tidjane Salaun","CHA","F","","373","FA","","37.15","0","-",".503","1.0",".650","6.0","4.0","0.7","0.4","0.2","0.7"
"*06v8h*","Mohamed Diawara","NY","F","","374","FA","PHI Wed 7:00AM","36.9","0","-",".423","0.7",".750","3.6","1.4","0.8","0.2","0.1","0.4"
"*06ca9*","Jordan Hawkins","MEM","G","","376","FA","","36.52","0","-",".366","0.9",".852","5.1","1.7","0.8","0.3","0.2","0.7"
"*0621h*","Dalen Terry","GS","G,F","","377","FA","","36.52","0","-",".439","0.5",".533","3.7","1.8","1.4","0.6","0.3","0.5"
"*06vxq*","Jahmai Mashack","MEM","G,F","","378","FA","","36.25","0","-",".395","0.6",".543","6.2","2.6","2.2","1.2","0.5","1.6"
"*05qtl*","Cole Anthony","(N/A)","G","","379","FA","","36.04","0","-",".424","0.6",".615","6.7","2.5","3.5","0.6","0.3","1.9"
"*06v5j*","Jase Richardson","ORL","G","","380","FA","","35.82","0","-",".473","0.5",".717","4.4","1.2","1.1","0.4","0.0","0.5"
"*06v5c*","Asa Newell","ATL","F","","381","FA","","35.56","0","-",".538","0.7",".552","5.2","2.2","0.6","0.4","0.3","0.5"
"*06z61*","Myron Gardner","MIA","F","","383","FA","","35.39","0","-",".480","0.6",".731","3.6","2.7","1.0","0.4","0.2","0.4"
"*065b8*","Keaton Wallace","ATL","G","","384","FA","","35.31","0","-",".398","0.7",".667","3.5","1.1","1.8","0.5","0.1","0.5"
"*06mlh*","Johnny Furphy","IND","G,F","","385","FA","","34.99","0","-",".470","0.7",".486","5.1","4.4","1.2","0.6","0.2","0.8"
"*0661b*","Jamal Cain","ORL","G,F","","386","FA","","34.93","0","-",".487","0.7",".848","5.4","1.9","0.7","0.3","0.1","0.5"
"*042n8*","Taurean Prince","DET","G,F","","387","FA","BOS Wed 3:00AM","34.87","0","-",".450","2.3","1.000","9.2","3.1","1.8","0.6","0.2","1.2"
"*06mm4*","Ariel Hukporti","PHI","C","","388","FA","@NY Wed 7:00AM","34.85","0","-",".563","0.0",".788","2.2","2.9","0.5","0.2","0.5","0.6"
"*03r7e*","Cameron Payne","(N/A)","G","","390","FA","","34.41","0","-",".376","1.5",".864","7.4","2.0","2.6","1.1","0.3","0.5"
"*06mk9*","Dalton Knecht","LAL","G,F","","391","FA","","33.92","0","-",".455","0.7",".727","4.2","1.4","0.4","0.2","0.2","0.4"
"*06ccg*","Marcus Sasser","DAL","G","","392","FA","","33.85","0","-",".390","1.2",".833","5.2","1.0","2.0","0.5","0.1","0.8"
"*04ews*","Tony Bradley","(N/A)","C","","393","FA","","33.61","0","-",".547","0.0",".744","4.0","2.8","0.5","0.1","0.2","0.4"
"*06218*","Jeremy Sochan","POR","F,C","","396","FA","","32.74","0","-",".496","0.3",".731","3.6","2.4","0.9","0.4","0.2","0.5"
"*031m0*","Kelly Olynyk","(N/A)","C","","397","FA","","32.44","0","-",".490","0.3",".711","3.2","1.8","1.2","0.4","0.1","0.6"
"*072af*","Julian Reese","(N/A)","F","","398","FA","","32.24","0","-",".529","0.0",".636","11.8","10.5","1.8","1.4","0.6","2.5"
"*06vxp*","Taelon Peter","SA","G","","399","FA","OKC Wed 9:30AM","32.19","0","-",".380","1.1",".625","4.5","1.6","1.1","0.7","0.1","0.7"
"*062do*","Tyson Etienne","BKN","G","","400","FA","","32.08","0","-",".400","1.8",".833","7.9","1.1","1.7","0.5","0.0","0.7"
"*05qt9*","Killian Hayes","(N/A)","G","","401","FA","","31.93","0","-",".304","0.7",".929","5.5","2.3","3.5","0.9","0.2","1.2"
"*06ca7*","Cam Whitmore","(N/A)","F","","402","FA","","31.89","0","-",".456","0.8",".742","9.2","2.8","0.7","0.7","0.4","0.9"
"*06mls*","Cam Christie","LAC","G","","403","FA","","31.78","0","-",".381","0.2",".760","2.8","1.4","0.6","0.3","0.1","0.4"
"*03apx*","Gary Harris","DET","G","","404","FA","BOS Wed 3:00AM","31.77","0","-",".442","0.6",".889","2.7","1.3","1.1","0.6","0.2","0.4"
"*0722s*","Chaney Johnson","BKN","F","","405","FA","","31.73","0","-",".543","0.5",".800","8.2","4.6","2.1","0.9","0.5","1.2"
"*07401*","Bez Mbeng","CHA","G","","406","FA","","31.64","0","-",".500","0.4",".640","8.1","3.8","4.1","2.3","0.3","1.5"
"*06221*","Kennedy Chandler","(N/A)","G","","407","FA","","31.57","0","-",".445","1.4",".651","15.0","3.4","6.7","1.0","0.2","2.1"
"*03e6u*","Bogdan Bogdanovic","HOU","G,F","","408","FA","","31.48","0","-",".388","1.4",".800","7.4","2.6","2.2","0.4","0.1","1.2"
"*06v84*","Kam Jones","MIL","G","","409","FA","","31.47","0","-",".402","0.6",".500","4.4","1.6","3.2","0.5","0.0","1.0"
"*06q2e*","Jamison Battle","TOR","F","","410","FA","","31.11","0","-",".510","0.6",".643","3.1","1.5","0.4","0.1","0.0","0.3"
"*06224*","E.J. Liddell","(N/A)","F","","411","FA","","30.57","0","-",".486","0.7",".808","5.7","2.7","0.9","0.2","0.4","0.6"
"*06cdf*","Julian Phillips","HOU","F","","412","FA","","30.42","0","-",".421","0.4",".783","2.9","1.0","0.2","0.5","0.1","0.2"
"*06vyb*","Lachlan Olbrich","CHI","F,C","","413","FA","","30.4","0","-",".468","0.1",".375","2.4","3.0","1.1","0.3","0.2","0.4"
"*03r7l*","Larry Nance","IND","F,C","","414","FA","","30.4","0","-",".419","0.6",".462","3.7","2.7","1.0","0.6","0.2","0.6"
"*0621o*","Blake Wesley","(N/A)","G","","415","FA","","30.29","0","-",".452","0.3",".553","4.8","1.3","2.0","0.5","0.2","1.0"
"*059g0*","Amir Coffey","(N/A)","G,F","","416","FA","","30.23","0","-",".487","0.4",".786","3.2","1.2","0.6","0.2","0.1","0.2"
"*06v5o*","Liam McNeeley","CHA","F","","417","FA","","30.21","0","-",".400","0.8",".821","4.3","2.4","0.8","0.2","0.1","0.4"
"*06mkf*","AJ Johnson","NO","G","","418","FA","","30.16","0","-",".324","0.3",".850","3.3","1.1","1.0","0.2","0.1","0.6"
"*043ib*","Dorian Finney-Smith","CHA","F","","419","FA","","30.01","0","-",".333","0.7",".889","3.3","2.5","1.0","0.4","0.2","0.6"
"*06mm8*","Keshad Johnson","MIA","F","","420","FA","","29.76","0","-",".490","0.4",".724","4.3","1.9","0.3","0.5","0.3","0.4"
"*06cdk*","Jalen Slawson","IND","F","","421","FA","","29.5","0","-",".442","1.2",".706","7.3","4.4","2.8","1.5","1.1","1.3"
"*03avi*","Doug McDermott","(N/A)","F","","422","FA","","29.35","0","-",".388","1.7",".889","5.7","1.3","0.8","0.2","0.1","0.4"
"*0621w*","Christian Koloko","NO","C","","423","FA","","29.22","0","-",".419","0.0",".667","2.7","3.0","0.7","0.5","0.9","0.6"
"*06mmd*","Blake Hinson","UTA","F","","424","FA","","29.13","0","-",".513","2.6",".750","11.9","2.4","1.1","0.4","0.1","0.4"
"*06cdd*","Andre Jackson","TOR","G","","425","FA","","29.07","0","-",".328","0.3",".625","2.4","1.5","0.9","0.4","0.1","0.6"
"*06pvt*","Cormac Ryan","MIL","G","","426","FA","","28.98","0","-",".520","2.5",".923","14.3","2.5","1.7","1.0","0.3","1.5"
"*07231*","Tyler Burton","(N/A)","F","","427","FA","","28.94","0","-",".375","1.8",".852","10.8","4.2","1.0","0.9","0.3","0.9"
"*04jw4*","Maxi Kleber","(N/A)","F,C","","428","FA","","28.85","0","-",".452","0.1",".538","2.0","2.0","0.6","0.4","0.3","0.4"
"*06dob*","Leaky Black","(N/A)","F","","429","FA","","28.72","0","-",".388","1.3",".875","7.1","5.0","1.5","1.2","0.5","0.9"
"*06ccb*","Nick Smith","(N/A)","G","","430","FA","","28.7","0","-",".435","1.1",".733","6.2","0.8","1.0","0.3","0.1","0.7"
"*06hsl*","Malachi Smith","TOR","G","","431","FA","","28.46","0","-",".485","1.3","1.000","8.3","3.4","3.3","0.8","0.3","0.9"
"*0621j*","Malaki Branham","ORL","G","","432","FA","","28.38","0","-",".473","0.5",".824","4.6","1.6","0.8","0.4","0.1","0.5"
"*06233*","Ron Harper","BOS","F","","433","FA","@DET Wed 3:00AM","27.95","0","-",".418","1.0",".750","4.2","1.7","0.8","0.3","0.3","0.3"
"*03ad7*","Kevon Looney","LAL","C","","434","FA","","27.87","0","-",".417","0.1",".700","2.8","5.6","1.6","0.4","0.5","0.4"
"*06v5e*","Yang Hansen","POR","C","","435","FA","","27.87","0","-",".310","0.1",".824","2.2","1.5","0.5","0.1","0.2","0.7"
"*05uj6*","Jeremiah Robinson-Earl","(N/A)","F,C","","436","FA","","27.8","0","-",".370","0.5",".944","4.6","4.7","0.7","0.4","0.0","0.5"
"*05qve*","Jae'Sean Tate","HOU","F","","438","FA","","27.62","0","-",".514","0.2",".636","2.8","1.6","0.5","0.2","0.1","0.3"
"*06mm5*","PJ Hall","CHA","C","","439","FA","","27.39","0","-",".508","0.2",".793","4.5","3.9","0.5","0.2","0.5","0.8"
"*07243*","L.J. Cryer","GS","G","","441","FA","","27.32","0","-",".402","2.1",".895","8.2","1.6","1.0","0.2","0.0","0.8"
"*03r7v*","Pat Connaughton","CHA","G,F","","443","FA","","26.92","0","-",".447","0.5",".650","2.6","1.5","0.4","0.3","0.0","0.3"
"*06pvs*","Malevy Leons","GS","F","","444","FA","","26.85","0","-",".444","0.2",".789","3.3","2.1","0.9","0.6","0.4","0.5"
"*05uwa*","A.J. Lawson","(N/A)","G","","445","FA","","26.56","0","-",".436","0.8",".778","4.2","1.8","0.3","0.5","0.2","0.3"
"*05ujr*","Charles Bassey","GS","C","","446","FA","","26.18","0","-",".660","0.0",".700","5.8","4.4","0.5","0.3","0.8","0.5"
"*05uxx*","DeJon Jarreau","(N/A)","G","","447","FA","","25.93","0","-",".398","0.4",".783","8.0","4.6","3.3","0.9","0.7","2.4"
"*04xhz*","Jordan McLaughlin","SA","G","","448","FA","OKC Wed 9:30AM","25.91","0","-",".418","0.4",".857","2.0","0.7","0.9","0.5","0.0","0.3"
"*0723c*","John Poulakidas","DAL","G","","449","FA","","25.89","0","-",".429","2.4",".857","8.8","2.3","0.8","0.5","0.3","0.3"
"*05ujg*","Isaiah Livers","PHO","F","","450","FA","","25.81","0","-",".344","0.3",".750","1.8","1.7","0.6","0.4","0.2","0.3"
"*06gix*","Duop Reath","(N/A)","C","","452","FA","","25.78","0","-",".446","0.7",".833","2.9","1.2","0.3","0.2","0.3","0.2"
"*06v8a*","Brooks Barnhizer","OKC","G","","453","FA","@SA Wed 9:30AM","25.49","0","-",".380","0.2",".700","1.7","1.9","0.6","0.3","0.1","0.3"
"*0621n*","MarJon Beauchamp","PHI","G,F","","454","FA","@NY Wed 7:00AM","25.26","0","-",".434","1.1",".684","6.8","2.3","1.1","0.6","0.3","0.9"
"*06mlo*","KJ Simpson","DEN","G","","456","FA","","25.22","0","-",".343","0.6",".611","4.5","1.9","2.1","0.8","0.0","1.3"
"*005l3*","DeAndre Jordan","NO","C","","457","FA","","25.21","0","-",".656","0.0",".647","4.4","6.3","0.9","0.3","0.8","0.8"
"*06mld*","Jonathan Mogbo","SAC","F,C","","458","FA","","25.13","0","-",".591","0.0",".643","1.5","1.7","0.6","0.3","0.2","0.3"
"*0622g*","JD Davison","ORL","G","","459","FA","","25","0","-",".375","0.3",".684","2.5","1.2","1.3","0.2","0.2","0.3"
"*06pvy*","Yuki Kawamura","(N/A)","G","","460","FA","","24.82","0","-",".327","0.6",".895","3.4","1.8","2.6","0.5","0.0","0.8"
"*06mke*","DaRon Holmes","DEN","F,C","","461","FA","","24.71","0","-",".508","0.8",".786","3.7","1.4","0.6","0.0","0.2","0.5"
"*052fs*","Garrison Mathews","(N/A)","G,F","","462","FA","","24.55","0","-",".404","1.1",".826","5.2","1.1","0.7","0.4","0.2","0.2"
"*074bu*","Adama Bal","(N/A)","G","","463","FA","","24.28","0","-",".412","2.3",".900","10.4","3.1","2.4","1.1","0.1","0.8"
"*0664y*","Nate Williams","GS","G","","464","FA","","24.16","0","-",".489","0.9",".867","8.0","2.1","1.0","0.4","0.0","1.1"
"*065b9*","Lucas Williamson","(N/A)","G","","465","FA","","24.04","0","-",".333","2.1","1.000","10.4","5.4","2.6","1.6","0.1","1.4"
"*05yoh*","Lindy Waters","(N/A)","G,F","","466","FA","","24.02","0","-",".375","0.7",".667","2.4","0.7","0.5","0.1","0.0","0.2"
"*06pwq*","Tolu Smith","DET","F","","467","FA","BOS Wed 3:00AM","23.94","0","-",".500","0.0",".667","3.7","3.3","0.9","0.1","0.4","0.5"
"*03e7e*","Thanasis Antetokounmpo","(N/A)","F","","468","FA","","23.6","0","-",".469","0.0",".567","1.4","0.9","0.4","0.4","0.2","0.3"
"*0723f*","Chris Youngblood","POR","G","","469","FA","","23.46","0","-",".349","0.5",".900","2.1","0.8","0.4","0.1","0.1","0.1"
"*06cf3*","Drew Timme","(N/A)","F,C","","470","FA","","23.37","0","-",".576","0.4",".556","3.4","1.2","0.9","0.2","0.0","0.5"
"*06v83*","Chaz Lanier","DET","G","","471","FA","BOS Wed 3:00AM","23.32","0","-",".315","0.6",".833","2.4","0.7","0.5","0.2","0.0","0.1"
"*06pw1*","RayJ Dennis","ATL","G","","472","FA","","23.26","0","-",".313","0.8",".889","4.4","1.5","1.9","0.2","0.2","1.0"
"*06ccc*","Dariq Whitehead","(N/A)","F","","473","FA","","22.83","0","-",".398","3.2",".714","16.3","4.0","1.5","0.7","0.0","1.7"
"*05uuu*","Mac McClung","(N/A)","G","","474","FA","","22.74","0","-",".390","0.6",".778","6.1","0.9","0.9","1.0","0.3","0.8"
"*06v85*","Alijah Martin","TOR","G","","475","FA","","22.45","0","-",".320","0.2",".789","2.2","0.9","0.5","0.3","0.2","0.3"
"*0017e*","Chris Paul","(N/A)","G","","476","FA","","22.37","0","-",".321","0.6",".500","2.9","1.8","3.3","0.7","0.0","1.0"
"*038ia*","Seth Curry","(N/A)","G","","477","FA","","22.07","0","-",".490","1.2",".917","7.1","1.2","1.0","0.3","0.0","0.2"
"*05r0c*","Tre Scott","(N/A)","F","","478","FA","","21.94","0","-",".380","1.0",".667","8.0","5.2","1.7","1.3","0.8","0.7"
"*05qtf*","Xavier Tillman","(N/A)","C","","479","FA","","21.92","0","-",".435","0.1",".250","1.5","1.4","0.4","0.3","0.2","0.3"
"*06ccx*","Hunter Tyson","(N/A)","F","","481","FA","","21.8","0","-",".269","0.3",".846","2.2","1.7","0.8","0.1","0.0","0.2"
"*031m9*","Mason Plumlee","(N/A)","C","","482","FA","","21.8","0","-",".786","0.0",".643","1.6","2.6","1.0","0.5","0.0","0.6"
"*06v82*","Adou Thiero","LAL","F","","483","FA","","21.78","0","-",".516","0.0",".636","1.9","1.1","0.4","0.3","0.1","0.4"
"*001ax*","Jeff Green","(N/A)","F","","484","FA","","21.64","0","-",".368","0.4","1.000","2.2","0.8","0.3","0.1","0.1","0.1"
"*06mkh*","Pacome Dadiet","NY","G","","485","FA","PHI Wed 7:00AM","21.37","0","-",".333","0.2",".818","1.7","0.9","0.4","0.1","0.0","0.1"
"*06mlf*","Tyler Smith","(N/A)","F","","486","FA","","21.2","0","-",".420","0.8",".667","4.7","2.8","0.4","0.5","0.0","0.5"
"*06mm2*","Kevin McCullar","NY","F","","487","FA","PHI Wed 7:00AM","21.09","0","-",".426","0.4",".400","2.4","1.3","1.0","0.4","0.0","0.6"
"*06v8c*","Amari Williams","BOS","F,C","","488","FA","@DET Wed 3:00AM","21.04","0","-",".500","0.0",".714","1.4","1.8","0.5","0.1","0.5","0.5"
"*074gu*","Toby Okani","(N/A)","F","","489","FA","","21","0","-",".357","1.5",".125","10.0","3.5","1.0","0.7","0.5","0.5"
"*03kqi*","Joe Ingles","(N/A)","F","","490","FA","","20.94","0","-",".593","0.3","1.000","1.5","0.7","1.3","0.3","0.1","0.5"
"*073y0*","Andersson Garcia","(N/A)","F","","491","FA","","20.87","0","-",".310","0.2",".778","5.2","8.4","2.8","1.6","0.8","1.4"
"*0623h*","Alondes Williams","WAS","G","","492","FA","","20.84","0","-",".615","1.3",".875","11.0","6.3","3.0","0.8","0.8","1.3"
"*05qu8*","Omer Yurtseven","(N/A)","C","","493","FA","","20.51","0","-",".423","0.0",".667","3.8","3.3","0.9","0.2","0.1","1.0"
"*06ca4*","Kobe Bufkin","NO","G","","494","FA","","20.49","0","-",".300","0.3",".917","2.9","0.8","0.6","0.1","0.2","0.3"
"*01en8*","Taj Gibson","(N/A)","C","","495","FA","","20.35","0","-",".462","0.3",".875","3.4","2.7","0.6","0.2","0.1","0.1"
"*0622j*","Luke Travers","(N/A)","G","","496","FA","","20.2","0","-",".250","0.1","1.000","2.3","2.0","0.8","0.6","0.3","0.3"
"*06mp4*","Trey Alexander","UTA","G","","497","FA","","20.15","0","-",".514","0.7",".600","5.2","1.2","1.0","0.7","0.2","0.3"
"*06mk4*","Nikola Topic","OKC","G","","498","FA","@SA Wed 9:30AM","20.1","0","-",".431","0.6",".400","5.2","1.9","4.4","0.5","0.0","2.5"
"*06vxx*","Miles Kelly","(N/A)","G","","499","FA","","19.93","0","-",".364","0.7","1.000","3.1","1.7","0.9","0.3","0.1","0.4"
"*0621m*","David Roddy","DEN","F","","500","FA","","19.92","0","-",".500","0.6","1.000","8.0","4.0","0.8","0.8","0.2","0.4"
"*04k0q*","Nigel Hayes-Davis","(N/A)","F","","501","FA","","19.88","0","-",".326","0.1",".500","1.3","1.2","0.3","0.3","0.1","0.3"
"*04yk1*","Haywood Highsmith","PHO","F","","502","FA","","19.68","0","-",".522","1.1",".857","5.4","1.9","1.0","0.6","0.0","0.0"
"*0621r*","Patrick Baldwin","SAC","F","","503","FA","","19.65","0","-",".407","0.7",".714","3.7","2.6","0.6","0.3","0.6","0.6"
"*0623d*","Johnny Juzang","(N/A)","G,F","","504","FA","","19.39","0","-",".421","0.3",".625","2.0","0.8","0.3","0.1","0.0","0.2"
"*06prk*","Tristan Enaruna","CLE","F","","505","FA","","19.3","0","-",".500","0.3",".750","4.1","1.6","0.8","0.6","0.0","0.3"
"*06mor*","David Jones Garcia","SA","F","","506","FA","OKC Wed 9:30AM","19.29","0","-",".520","0.3",".500","2.9","1.2","1.6","0.5","0.1","0.5"
"*0621v*","Caleb Houstan","NO","F","","508","FA","","19.05","0","-",".538","0.6","1.000","2.3","0.6","0.2","0.1","0.1","0.2"
"*06v87*","Koby Brea","PHO","G","","509","FA","","19.03","0","-",".417","1.1","1.000","3.8","0.7","0.8","0.1","0.0","0.3"
"*04fj8*","Chris Boucher","(N/A)","F","","510","FA","","18.99","0","-",".320","0.2",".750","2.3","2.0","0.3","0.6","0.8","0.1"
"*027oq*","Bismack Biyombo","(N/A)","C","","511","FA","","18.72","0","-",".600","0.0",".714","0.9","1.0","0.2","0.2","0.1","0.3"
"*06mmg*","Isaiah Crawford","HOU","F","","512","FA","","18.58","0","-",".417","0.2",".833","2.0","1.1","0.4","0.1","0.2","0.3"
"*0728u*","Kadary Richmond","(N/A)","G","","513","FA","","18.52","0","-",".625","0.7","1.000","8.3","3.3","2.7","2.7","0.3","0.7"
"*0621s*","TyTy Washington","LAC","G","","514","FA","","18.28","0","-",".474","0.2","0","1.3","0.4","1.1","0.4","0.2","0.2"
"*06yzq*","Curtis Jones","DEN","G","","515","FA","","18.25","0","-",".407","0.6",".500","2.9","1.1","1.0","0.4","0.0","0.2"
"*06mog*","Riley Minix","CLE","F","","516","FA","","18.24","0","-",".609","0.4","1.000","3.9","0.7","0.6","0.2","0.1","0.3"
"*073pt*","Payton Sandfort","(N/A)","F","","517","FA","","17.98","0","-",".500","1.8",".500","8.8","2.5","0.0","0.3","0.0","0.3"
"*005kf*","Eric Gordon","(N/A)","G,F","","518","FA","","17.95","0","-",".571","1.3",".500","5.5","0.3","0.5","0.7","0.2","0.5"
"*055sg*","DaQuan Jeffries","(N/A)","G","","519","FA","","17.83","0","-",".579","1.3","1.000","10.3","1.7","0.3","0.7","0.0","0.0"
"*06qfk*","Josh Oduro","NO","F","","520","FA","","17.76","0","-",".647","0.0",".500","8.3","7.7","1.3","0.0","0.0","0.7"
"*06v8b*","Rocco Zikarsky","MIN","C","","521","FA","","17.68","0","-",".625","0.0","1.000","2.8","2.8","0.4","0.0","1.0","0.2"
"*073o8*","Grant Nelson","BKN","F","","522","FA","","17.66","0","-",".556","0.0",".700","4.3","1.5","1.3","0.3","1.3","1.0"
"*07234*","Keshon Gilbert","ATL","G","","523","FA","","17.66","0","-",".417","0.0","1.000","4.3","1.3","3.0","0.8","1.0","2.0"
"*06fzs*","Javonte Cooke","(N/A)","G","","524","FA","","17.58","0","-",".220","0.2","1.000","1.2","1.0","0.4","0.3","0.0","0.5"
"*0015b*","Kyle Lowry","(N/A)","G","","525","FA","","17.46","0","-",".160","0.3",".833","1.2","0.6","0.8","0.1","0.1","0.3"
"*01ng2*","Garrett Temple","(N/A)","G","","526","FA","","17.46","0","-",".267","0.1",".667","0.8","0.4","0.4","0.2","0.1","0.3"
"*06mlj*","Bobi Klintman","(N/A)","F","","527","FA","","17.43","0","-",".333","0.3",".000","1.8","1.6","0.5","0.3","0.0","0.5"
"*0728q*","Alex Antetokounmpo","MIL","F","","528","FA","","17.37","0","-",".375","0.3",".733","3.2","1.0","0.2","0.0","0.2","0.2"
"*06mlt*","Antonio Reeves","(N/A)","G,F","","529","FA","","17.36","0","-",".500","0.7","0","2.7","0.8","0.3","0.1","0.0","0.1"
"*05yab*","Olivier Sarr","CLE","C","","530","FA","","17.36","0","-",".714","0.5",".400","3.5","2.8","1.3","0.5","0.8","0.5"
"*06ps5*","Jahmir Young","MIA","G","","531","FA","","17.21","0","-",".400","0.2","1.000","1.8","0.3","0.6","0.1","0.0","0.2"
"*07232*","Lawson Lovering","(N/A)","C","","532","FA","","17.16","0","-",".600","0.0",".400","7.0","7.5","1.5","1.5","0.5","1.0"
"*06mmr*","Zyon Pullin","MIN","G","","533","FA","","17.04","0","-",".692","0.2","1.000","4.6","0.6","1.8","0.2","0.0","0.6"
"*04exe*","Monte Morris","(N/A)","G","","534","FA","","16.98","0","-",".350","0.3",".500","3.0","1.2","1.5","0.2","0.2","0.3"
"*06mlw*","Enrique Freeman","MIN","F","","535","FA","","16.87","0","-",".500","0.5",".750","3.3","2.5","0.5","0.5","0.8","0.5"
"*063u8*","Mouhamadou Gueye","(N/A)","F","","536","FA","","16.8","0","-",".545","0.5",".750","8.0","3.0","3.0","1.0","0.5","1.5"
"*049kf*","Mo Bamba","UTA","C","","537","FA","","16.78","0","-",".455","0.0","0","2.5","5.5","0.3","0.0","0.8","0.5"
"*06v81*","Johni Broome","LAC","F,C","","538","FA","","16.78","0","-",".167","0.0",".333","0.9","1.5","0.4","0.3","0.2","0.3"
"*05ujk*","Dalano Banton","(N/A)","G","","539","FA","","16.69","0","-",".333","0.0","1.000","2.0","0.8","1.8","0.3","0.8","1.3"
"*0722p*","Norchad Omier","(N/A)","F","","540","FA","","16.68","0","-",".700","0.0","1.000","2.8","1.2","0.3","0.2","0.0","0.0"
"*06vxt*","Mark Sears","(N/A)","G","","541","FA","","16.59","0","-",".462","0.6",".750","3.1","0.3","0.3","0.0","0.0","0.6"
"*06him*","Trey Jemison","TOR","C","","542","FA","","16.56","0","-",".600","0.0","1.000","1.0","1.4","0.4","0.1","0.2","0.8"
"*042np*","Skal Labissiere","(N/A)","F,C","","543","FA","","16.48","0","-",".600","0.3","0","4.3","3.0","1.0","0.7","0.3","0.3"
"*06v8j*","John Tonje","POR","G","","544","FA","","16.47","0","-",".286","0.5","1.000","2.5","1.0","0.3","0.3","0.0","0.0"
"*06mp0*","Isaiah Stevens","(N/A)","G","","545","FA","","16.42","0","-",".429","0.0","1.000","3.3","1.0","3.3","1.7","0.0","0.7"
"*06z4q*","Chris Manon","LAL","G","","546","FA","","16.39","0","-",".333","0.0",".750","0.8","1.1","0.3","0.6","0.2","0.1"
"*06pu0*","Emanuel Miller","(N/A)","F","","547","FA","","16.37","0","-",".462","0.4",".500","3.0","0.6","0.8","0.4","0.0","0.0"
"*06vxw*","Hunter Dickinson","(N/A)","C","","548","FA","","16.36","0","-",".357","0.0","1.000","2.4","1.0","0.4","0.2","0.4","0.6"
"*051pg*","Cody Martin","(N/A)","G,F","","549","FA","","16.29","0","-",".200","0.0",".500","1.8","3.5","0.5","1.0","0.5","1.0"
"*0621p*","Wendell Moore","DET","G,F","","550","FA","BOS Wed 3:00AM","16.2","0","-",".571","0.0","1.000","1.7","1.0","0.7","0.3","0.3","0.2"
"*06mki*","Dillon Jones","PHI","F","","551","FA","@NY Wed 7:00AM","16.19","0","-",".222","0.1","1.000","1.3","1.0","0.6","0.4","0.0","0.0"
"*05qu1*","James Wiseman","(N/A)","C","","552","FA","","16.19","0","-",".600","0.0",".500","3.3","2.0","0.8","0.0","0.3","1.3"
"*06y4e*","CJ Huntley","PHO","F","","553","FA","","15.97","0","-",".545","0.0","0","3.0","1.3","0.5","0.3","0.0","0.0"
"*072ae*","Sean Pedulla","HOU","G","","554","FA","","15.93","0","-",".333","0.4","0","1.9","0.4","0.7","0.0","0.0","0.1"
"*073rx*","Jayson Kent","POR","F","","555","FA","","15.87","0","-",".571","0.2","1.000","2.0","1.0","0.0","0.2","0.2","0.0"
"*06vxy*","Vladislav Goldin","MIA","C","","556","FA","","15.82","0","-",".750","0.0","1.000","0.8","1.0","0.3","0.0","0.3","0.3"
"*06mlv*","Tristen Newton","(N/A)","G","","558","FA","","15.71","0","-",".444","2.0",".667","12.0","3.0","0.0","1.0","0.0","0.0"
"*06mmh*","Isaac Jones","DET","F","","559","FA","BOS Wed 3:00AM","15.65","0","-",".429","0.0",".750","1.3","0.7","0.1","0.0","0.1","0.1"
"*06cde*","Chris Livingston","(N/A)","F","","560","FA","","15.58","0","-",".571","0.0","1.000","3.0","1.0","0.3","0.3","0.0","0.0"
"*06mlu*","Harrison Ingram","UTA","F","","561","FA","","15.55","0","-",".833","0.1","0","1.6","0.4","0.1","0.0","0.0","0.1"
"*0622z*","Orlando Robinson","(N/A)","C","","562","FA","","15.49","0","-",".600","0.3","0","1.8","1.0","0.8","0.3","0.0","0.0"
"*06cep*","Jacob Toppin","(N/A)","F","","563","FA","","15.41","0","-",".667","0.0","0","1.6","0.2","0.2","0.0","0.2","0.0"
"*06225*","Trevor Keels","MIA","G","","564","FA","","15.25","0","-",".250","0.3","0","1.0","0.3","0.0","0.1","0.0","0.0"
"*06cp2*","Colin Castleton","ORL","C","","565","FA","","15.19","0","-",".400","0.0","1.000","1.3","2.0","0.3","0.3","0.0","0.5"
"*06va1*","Max Shulga","(N/A)","G","","566","FA","","15.12","0","-",".250","0.1","1.000","0.6","0.5","0.2","0.1","0.0","0.3"
"*03acy*","Dario Saric","(N/A)","C","","567","FA","","15.08","0","-",".167","0.2","1.000","1.0","1.2","0.4","0.0","0.0","0.4"
"*074sv*","Hayden Gray","UTA","G","","568","FA","","15.04","0","-",".667","0.0","1.000","6.0","0.0","1.0","1.0","1.0","1.0"
"*06mm6*","N'Faly Dante","(N/A)","C","","569","FA","","15.02","0","-",".250","0.0","1.000","0.8","1.8","0.0","0.5","0.0","0.3"
"*06gsd*","Alex Morales","ORL","G","","570","FA","","14.99","0","-",".429","0.0","1.000","2.0","0.8","1.0","0.0","0.0","1.0"
"*049s6*","Markelle Fultz","(N/A)","G","","571","FA","","14.96","0","-",".182","0.0","0","0.8","0.2","1.6","0.4","0.0","0.8"
"*06vxs*","Hunter Sallis","(N/A)","G","","572","FA","","14.91","0","-",".600","0.0",".500","1.0","0.1","0.6","0.0","0.1","0.7"
"*062d2*","Buddy Boeheim","(N/A)","F","","573","FA","","14.86","0","-",".333","0.5","0","1.5","0.0","0.0","0.0","0.0","0.0"
"*06pfe*","Trentyn Flowers","(N/A)","F","","574","FA","","14.7","0","-",".667","0.0","0","2.0","0.5","0.5","0.0","0.0","0.5"
"*06cdj*","Colby Jones","(N/A)","G","","575","FA","","14.66","0","-",".333","0.0","0","2.0","4.0","2.0","0.0","0.0","0.0"
"*07240*","Jahmyl Telfort","(N/A)","F","","576","FA","","14.61","0","-",".000","0.0",".250","0.1","0.4","0.1","0.1","0.0","0.1"
"*065ve*","Stanley Umude","(N/A)","G","","577","FA","","14.59","0","-",".500","0.0","0","1.0","0.0","0.5","0.5","0.0","0.0"
"*06vy2*","Chucky Hepburn","TOR","G","","578","FA","","14.49","0","-",".000","0.0","0","0.0","0.5","1.0","0.5","0.0","0.5"
"*06v5u*","Noa Essengue","CHI","F","","579","FA","","14.42","0","-",".000","0.0","0","0.0","0.0","0.0","0.5","0.0","0.0"
"*06hfc*","Tosan Evbuomwan","(N/A)","F","","580","FA","","14.38","0","-",".000","0.0","0","0.0","0.4","0.0","0.0","0.0","0.0"
"*0729e*","Darius Brown","(N/A)","G","","581","FA","","14.34","0","-",".000","0.0","0","0.0","1.0","0.0","0.0","0.0","0.0"
"*063e4*","Awudu Abass","(N/A)","F","","582","FA","","0","0","-","0","0","0","0","0","0","0","0","0"
"*06ptq*","Max Abmas","(N/A)","G","","583","FA","","0","0","-","0","0","0","0","0","0","0","0","0"
"*031mi*","lex Abrines","(N/A)","G,F","","584","FA","","0","0","-","0","0","0","0","0","0","0","0","0"
"*02ng1*","Quincy Acy","(N/A)","F","","586","FA","","0","0","-","0","0","0","0","0","0","0","0","0"
"*059ch*","Jalen Adams","(N/A)","G","","587","FA","","0","0","-","0","0","0","0","0","0","0","0","0"
"*04rvy*","Jaylen Adams","(N/A)","G","","588","FA","","0","0","-","0","0","0","0","0","0","0","0","0"
"*03e6q*","Jordan Adams","(N/A)","G","","589","FA","","0","0","-","0","0","0","0","0","0","0","0","0"
"*06238*","Jalen Adaway","(N/A)","G","","590","FA","","0","0","-","0","0","0","0","0","0","0","0","0"
"*04vxy*","Deng Adel","(N/A)","C","","591","FA","","0","0","-","0","0","0","0","0","0","0","0","0"
"*076we*","Michael Ajayi","CHA","F","R","592","FA","","0","0","-","0","0","0","0","0","0","0","0","0"
"*06mlx*","Melvin Ajinca","(N/A)","F","","593","FA","","0","0","-","0","0","0","0","0","0","0","0","0"
"*06pw4*","James Akinjo","(N/A)","G","","594","FA","","0","0","-","0","0","0","0","0","0","0","0","0"
"*072ah*","Jaden Akins","(N/A)","G","","595","FA","","0","0","-","0","0","0","0","0","0","0","0","0"
"*04uq3*","DeVaughn Akoon-Purcell","(N/A)","G","","596","FA","","0","0","-","0","0","0","0","0","0","0","0","0"
"*02ngh*","Furkan Aldemir","(N/A)","F","","597","FA","","0","0","-","0","0","0","0","0","0","0","0","0"
"*03acw*","Cliff Alexander","(N/A)","F","","598","FA","","0","0","-","0","0","0","0","0","0","0","0","0"
"*052h3*","Kyle Alexander","(N/A)","F","","599","FA","","0","0","-","0","0","0","0","0","0","0","0","0"
"*05qvw*","Ty-Shon Alexander","(N/A)","G","","600","FA","","0","0","-","0","0","0","0","0","0","0","0","0"
"*04lcd*","Bryce Alford","(N/A)","G","","601","FA","","0","0","-","0","0","0","0","0","0","0","0","0"
"*04sxx*","Rawle Alkins","(N/A)","G","","602","FA","","0","0","-","0","0","0","0","0","0","0","0","0"
"*04exg*","Kadeem Allen","NY","G","","603","FA","PHI Wed 7:00AM","0","0","-","0","0","0","0","0","0","0","0","0"
"*059z0*","Marcus Allen","(N/A)","G","","604","FA","","0","0","-","0","0","0","0","0","0","0","0","0"
"*06ho3*","Timmy Allen","(N/A)","F","","605","FA","","0","0","-","0","0","0","0","0","0","0","0","0"
"*05wvw*","Derrick Alston","(N/A)","G,F","","606","FA","","0","0","-","0","0","0","0","0","0","0","0","0"
"*06mos*","Keve Aluma","(N/A)","F","","607","FA","","0","0","-","0","0","0","0","0","0","0","0","0"
"*076tm*","Nate Ament","MIL","F","R","608","FA","","0","0","-","0","0","0","0","0","0","0","0","0"
"*01uyk*","Al-Farouq Aminu","(N/A)","F","","609","FA","","0","0","-","0","0","0","0","0","0","0","0","0"
"*076th*","Christian Anderson","CHA","G","R","610","FA","","0","0","-","0","0","0","0","0","0","0","0","0"
"*03nwr*","Justin Anderson","(N/A)","G,F","","611","FA","","0","0","-","0","0","0","0","0","0","0","0","0"
"*0480b*","Andrew Andrews","(N/A)","G","","612","FA","","0","0","-","0","0","0","0","0","0","0","0","0"
"*04xgi*","Braian Angola-Rodas","(N/A)","G","","613","FA","","0","0","-","0","0","0","0","0","0","0","0","0"
"*04exa*","Ike Anigbogu","(N/A)","C","","614","FA","","0","0","-","0","0","0","0","0","0","0","0","0"
"*04qt0*","Kostas Antetokounmpo","(N/A)","F","","615","FA","","0","0","-","0","0","0","0","0","0","0","0","0"
"*03kqq*","Keith Appling","(N/A)","G","","616","FA","","0","0","-","0","0","0","0","0","0","0","0","0"
"*043un*","Ryan Arcidiacono","(N/A)","G","","617","FA","","0","0","-","0","0","0","0","0","0","0","0","0"
"*065vb*","Adonis Arms","(N/A)","F","","618","FA","","0","0","-","0","0","0","0","0","0","0","0","0"
"*06rph*","Taran Armstrong","(N/A)","G","","619","FA","","0","0","-","0","0","0","0","0","0","0","0","0"
"*04k0p*","Jamel Artis","(N/A)","F","","620","FA","","0","0","-","0","0","0","0","0","0","0","0","0"
"*03sgl*","Brandon Ashley","(N/A)","F","","621","FA","","0","0","-","0","0","0","0","0","0","0","0","0"
"*03whv*","Darion Atkins","(N/A)","F","","622","FA","","0","0","-","0","0","0","0","0","0","0","0","0"
"*03xmr*","Eric Atkins","(N/A)","G","","623","FA","","0","0","-","0","0","0","0","0","0","0","0","0"
"*06hin*","Chase Audige","(N/A)","G","","624","FA","","0","0","-","0","0","0","0","0","0","0","0","0"
"*0483i*","Zach Auguste","(N/A)","F","","625","FA","","0","0","-","0","0","0","0","0","0","0","0","0"
"*0723g*","Zack Austin","(N/A)","G,F","","626","FA","","0","0","-","0","0","0","0","0","0","0","0","0"
"*06mod*","Luke Avdalovic","(N/A)","G","","627","FA","","0","0","-","0","0","0","0","0","0","0","0","0"
"*048zw*","J.J. Avila","(N/A)","F","","628","FA","","0","0","-","0","0","0","0","0","0","0","0","0"
"*076uo*","Tobe Awaka","CHI","F","R","629","FA","","0","0","-","0","0","0","0","0","0","0","0","0"
"*05uur*","Joel Ayayi","(N/A)","G","","630","FA","","0","0","-","0","0","0","0","0","0","0","0","0"
"*05qu5*","Udoka Azubuike","(N/A)","C","","631","FA","","0","0","-","0","0","0","0","0","0","0","0","0"
"*059dn*","Yudai Baba","(N/A)","F","","632","FA","","0","0","-","0","0","0","0","0","0","0","0","0"
"*03wr5*","Jordan Bachynski","(N/A)","C","","633","FA","","0","0","-","0","0","0","0","0","0","0","0","0"
"*04ex3*","Dwayne Bacon","(N/A)","G","","634","FA","","0","0","-","0","0","0","0","0","0","0","0","0"
"*06pvx*","Armando Bacot","(N/A)","F,C","","635","FA","","0","0","-","0","0","0","0","0","0","0","0","0"
"*065b6*","Ibou Badji","(N/A)","C","","636","FA","","0","0","-","0","0","0","0","0","0","0","0","0"
"*06rui*","Marcus Bagley","(N/A)","F","","637","FA","","0","0","-","0","0","0","0","0","0","0","0","0"
"*06cdb*","Amari Bailey","(N/A)","G","","638","FA","","0","0","-","0","0","0","0","0","0","0","0","0"
"*03e7c*","Cameron Bairstow","(N/A)","F,C","","639","FA","","0","0","-","0","0","0","0","0","0","0","0","0"
"*043ck*","Ron Baker","(N/A)","G","","640","FA","","0","0","-","0","0","0","0","0","0","0","0","0"
"*048zq*","Gracin Bakumanya","(N/A)","C","","641","FA","","0","0","-","0","0","0","0","0","0","0","0","0"
"*042nc*","Wade Baldwin IV","(N/A)","G","","642","FA","","0","0","-","0","0","0","0","0","0","0","0","0"
"*05qz3*","LiAngelo Ball","(N/A)","G","","643","FA","","0","0","-","0","0","0","0","0","0","0","0","0"
"*05wql*","Mitch Ballock","(N/A)","G","","644","FA","","0","0","-","0","0","0","0","0","0","0","0","0"
"*0440z*","Ondrej Balvin","(N/A)","C","","645","FA","","0","0","-","0","0","0","0","0","0","0","0","0"
"*05xo0*","James Banks","(N/A)","C","","646","FA","","0","0","-","0","0","0","0","0","0","0","0","0"
"*04804*","Anthony Barber","(N/A)","G","","647","FA","","0","0","-","0","0","0","0","0","0","0","0","0"
"*04xhp*","Jaylen Barford","(N/A)","G","","648","FA","","0","0","-","0","0","0","0","0","0","0","0","0"
"*04vy3*","Jordan Barnett","(N/A)","F","","649","FA","","0","0","-","0","0","0","0","0","0","0","0","0"
"*02ng4*","Will Barton","(N/A)","G","","650","FA","","0","0","-","0","0","0","0","0","0","0","0","0"
"*05ybb*","Paris Bass","(N/A)","F","","651","FA","","0","0","-","0","0","0","0","0","0","0","0","0"
"*0725e*","Daniel Batcho","(N/A)","F","","652","FA","","0","0","-","0","0","0","0","0","0","0","0","0"
"*06cd3*","Emoni Bates","(N/A)","F","","653","FA","","0","0","-","0","0","0","0","0","0","0","0","0"
"*06y0j*","Tamar Bates","UTA","G","","654","FA","","0","0","-","0","0","0","0","0","0","0","0","0"
"*04qso*","Keita Bates-Diop","(N/A)","F","","655","FA","","0","0","-","0","0","0","0","0","0","0","0","0"
"*06mnw*","RaeQuan Battle","(N/A)","G","","656","FA","","0","0","-","0","0","0","0","0","0","0","0","0"
"*059vt*","Tyus Battle","(N/A)","G","","657","FA","","0","0","-","0","0","0","0","0","0","0","0","0"
"*03ku0*","Kadeem Batts","(N/A)","F","","658","FA","","0","0","-","0","0","0","0","0","0","0","0","0"
"*06hfb*","Damion Baugh","(N/A)","G","","659","FA","","0","0","-","0","0","0","0","0","0","0","0","0"
"*05xp2*","Troy Baxter","(N/A)","F","","660","FA","","0","0","-","0","0","0","0","0","0","0","0","0"
"*02qe4*","Kent Bazemore","(N/A)","G,F","","661","FA","","0","0","-","0","0","0","0","0","0","0","0","0"
"*051p3*","Darius Bazley","(N/A)","F","","662","FA","","0","0","-","0","0","0","0","0","0","0","0","0"
"*04jw6*","V.J. Beachem","(N/A)","F","","663","FA","","0","0","-","0","0","0","0","0","0","0","0","0"
"*065uu*","Justin Bean","(N/A)","F","","664","FA","","0","0","-","0","0","0","0","0","0","0","0","0"
"*042ne*","Malik Beasley","(N/A)","G","","665","FA","","0","0","-","0","0","0","0","0","0","0","0","0"
"*06he2*","Charles Bediako","(N/A)","C","","666","FA","","0","0","-","0","0","0","0","0","0","0","0","0"
"*06mmb*","Reece Beekman","(N/A)","G","","667","FA","","0","0","-","0","0","0","0","0","0","0","0","0"
"*05ujj*","Juhann Begarin","(N/A)","G","","668","FA","","0","0","-","0","0","0","0","0","0","0","0","0"
"*04ex1*","Jordan Bell","(N/A)","C","","669","FA","","0","0","-","0","0","0","0","0","0","0","0","0"
"*042ng*","DeAndre' Bembry","(N/A)","F","","670","FA","","0","0","-","0","0","0","0","0","0","0","0","0"
"*03xmu*","Dragan Bender","GS","F,C","","671","FA","","0","0","-","0","0","0","0","0","0","0","0","0"
"*03kuc*","Jerrelle Benimon","(N/A)","F","","672","FA","","0","0","-","0","0","0","0","0","0","0","0","0"
"*031lo*","Anthony Bennett","(N/A)","F","","673","FA","","0","0","-","0","0","0","0","0","0","0","0","0"
"*042oa*","Ben Bentil","DAL","F","","674","FA","","0","0","-","0","0","0","0","0","0","0","0","0"
"*065vd*","Jules Bernard","(N/A)","G","","675","FA","","0","0","-","0","0","0","0","0","0","0","0","0"
"*04vu0*","Joel Berry II","(N/A)","G","","676","FA","","0","0","-","0","0","0","0","0","0","0","0","0"
"*04yvw*","Dairis Bertans","(N/A)","G","","677","FA","","0","0","-","0","0","0","0","0","0","0","0","0"
"*027pt*","Davis Bertans","(N/A)","F","","678","FA","","0","0","-","0","0","0","0","0","0","0","0","0"
"*059fs*","Javon Bess","(N/A)","G","","679","FA","","0","0","-","0","0","0","0","0","0","0","0","0"
"*0622l*","Hugo Besson","(N/A)","G","","680","FA","","0","0","-","0","0","0","0","0","0","0","0","0"
"*05qss*","Tyler Bey","(N/A)","F","","681","FA","","0","0","-","0","0","0","0","0","0","0","0","0"
"*05xo5*","Giorgi Bezhanishvili","(N/A)","F","","682","FA","","0","0","-","0","0","0","0","0","0","0","0","0"
"*03iy1*","Sim Bhullar","(N/A)","C","","683","FA","","0","0","-","0","0","0","0","0","0","0","0","0"
"*04xif*","Justin Bibbs","(N/A)","G","","684","FA","","0","0","-","0","0","0","0","0","0","0","0","0"
"*06cdi*","Tarik Biberovic","DAL","F","R","685","FA","","0","0","-","0","0","0","0","0","0","0","0","0"
"*059ci*","Kavell Bigby-Williams","(N/A)","C","","686","FA","","0","0","-","0","0","0","0","0","0","0","0","0"
"*076uf*","Tyler Bilodeau","BKN","F","R","687","FA","","0","0","-","0","0","0","0","0","0","0","0","0"
"*065h6*","Marcus Bingham","(N/A)","F","","688","FA","","0","0","-","0","0","0","0","0","0","0","0","0"
"*03kdj*","Khem Birch","(N/A)","C","","689","FA","","0","0","-","0","0","0","0","0","0","0","0","0"
"*04exj*","Jabari Bird","(N/A)","G","","690","FA","","0","0","-","0","0","0","0","0","0","0","0","0"
"*06dq7*","Onuralp Bitim","(N/A)","G","","691","FA","","0","0","-","0","0","0","0","0","0","0","0","0"
"*03jr4*","Tarik Black","(N/A)","F,C","","692","FA","","0","0","-","0","0","0","0","0","0","0","0","0"
"*04fke*","James Blackmon Jr.","(N/A)","G","","693","FA","","0","0","-","0","0","0","0","0","0","0","0","0"
"*04ggl*","Antonio Blakeney","(N/A)","G","","694","FA","","0","0","-","0","0","0","0","0","0","0","0","0"
"*01uyx*","Eric Bledsoe","(N/A)","G","","695","FA","","0","0","-","0","0","0","0","0","0","0","0","0"
"*059q8*","Keljin Blevins","(N/A)","G","","696","FA","","0","0","-","0","0","0","0","0","0","0","0","0"
"*04exm*","Jaron Blossomgame","(N/A)","F","","697","FA","","0","0","-","0","0","0","0","0","0","0","0","0"
"*0393h*","Vander Blue","(N/A)","G","","698","FA","","0","0","-","0","0","0","0","0","0","0","0","0"
"*04sax*","Trevon Bluiett","(N/A)","G","","699","FA","","0","0","-","0","0","0","0","0","0","0","0","0"
"*059y5*","Bennie Boatwright","(N/A)","F","","700","FA","","0","0","-","0","0","0","0","0","0","0","0","0"
"*051po*","Bol Bol","(N/A)","F,C","","701","FA","","0","0","-","0","0","0","0","0","0","0","0","0"
"*04ewz*","Jonah Bolden","(N/A)","F","","702","FA","","0","0","-","0","0","0","0","0","0","0","0","0"
"*059q2*","Marques Bolden","(N/A)","C","","703","FA","","0","0","-","0","0","0","0","0","0","0","0","0"
"*05qsw*","Leandro Bolmaro","(N/A)","G","","704","FA","","0","0","-","0","0","0","0","0","0","0","0","0"
"*042ob*","Joel Bolomboy","(N/A)","F","","705","FA","","0","0","-","0","0","0","0","0","0","0","0","0"
"*04xmx*","Tim Bond","(N/A)","G","","706","FA","","0","0","-","0","0","0","0","0","0","0","0","0"
"*051q1*","Jordan Bone","(N/A)","G","","707","FA","","0","0","-","0","0","0","0","0","0","0","0","0"
"*04qsg*","Isaac Bonga","(N/A)","G","","708","FA","","0","0","-","0","0","0","0","0","0","0","0","0"
"*059gh*","Phil Booth","(N/A)","G","","709","FA","","0","0","-","0","0","0","0","0","0","0","0","0"
"*05ujp*","Brandon Boston","(N/A)","G,F","","711","FA","","0","0","-","0","0","0","0","0","0","0","0","0"
"*076wf*","Kylan Boswell","CHA","G","R","712","FA","","0","0","-","0","0","0","0","0","0","0","0","0"
"*05uil*","James Bouknight","(N/A)","G","","713","FA","","0","0","-","0","0","0","0","0","0","0","0","0"
"*06exl*","Souley Boum","(N/A)","G","","714","FA","","0","0","-","0","0","0","0","0","0","0","0","0"
"*05qyz*","Jordan Bowden","(N/A)","G","","715","FA","","0","0","-","0","0","0","0","0","0","0","0","0"
"*059ce*","Brian Bowen","(N/A)","G,F","","716","FA","","0","0","-","0","0","0","0","0","0","0","0","0"
"*059fx*","Ky Bowman","(N/A)","G","","717","FA","","0","0","-","0","0","0","0","0","0","0","0","0"
"*01uyd*","Avery Bradley","(N/A)","G","","718","FA","","0","0","-","0","0","0","0","0","0","0","0","0"
"*076tv*","Jaden Bradley","TOR","G","R","719","FA","","0","0","-","0","0","0","0","0","0","0","0","0"
"*06mnu*","Pedro Bradshaw","(N/A)","F","","720","FA","","0","0","-","0","0","0","0","0","0","0","0","0"
"*051pu*","Jarrell Brantley","(N/A)","F","","721","FA","","0","0","-","0","0","0","0","0","0","0","0","0"
"*051pr*","Ignas Brazdeikis","(N/A)","F","","722","FA","","0","0","-","0","0","0","0","0","0","0","0","0"
"*076tz*","Trevon Brazile","DEN","F","R","723","FA","","0","0","-","0","0","0","0","0","0","0","0","0"
"*06mma*","Jalen Bridges","(N/A)","F","","724","FA","","0","0","-","0","0","0","0","0","0","0","0","0"
"*04lbx*","Amida Brimah","(N/A)","C","","725","FA","","0","0","-","0","0","0","0","0","0","0","0","0"
"*04l1o*","Isaiah Briscoe","(N/A)","G","","726","FA","","0","0","-","0","0","0","0","0","0","0","0","0"
"*059ca*","Oshae Brissett","(N/A)","F","","727","FA","","0","0","-","0","0","0","0","0","0","0","0","0"
"*064s9*","Izaiah Brockington","(N/A)","G","","728","FA","","0","0","-","0","0","0","0","0","0","0","0","0"
"*04tk0*","Ryan Broekhoff","(N/A)","G,F","","729","FA","","0","0","-","0","0","0","0","0","0","0","0","0"
"*042nw*","Malcolm Brogdon","(N/A)","G","","730","FA","","0","0","-","0","0","0","0","0","0","0","0","0"
"*058n6*","Armoni Brooks","(N/A)","G","","731","FA","","0","0","-","0","0","0","0","0","0","0","0","0"
"*0666f*","Eli Brooks","(N/A)","G","","732","FA","","0","0","-","0","0","0","0","0","0","0","0","0"
"*065us*","Garrison Brooks","(N/A)","F,C","","733","FA","","0","0","-","0","0","0","0","0","0","0","0","0"
"*06pty*","Keion Brooks","(N/A)","F","","734","FA","","0","0","-","0","0","0","0","0","0","0","0","0"
"*059vu*","Barry Brown Jr.","(N/A)","G","","735","FA","","0","0","-","0","0","0","0","0","0","0","0","0"
"*03e7d*","Alec Brown","(N/A)","C","","736","FA","","0","0","-","0","0","0","0","0","0","0","0","0"
"*03r7o*","Anthony Brown","(N/A)","F","","737","FA","","0","0","-","0","0","0","0","0","0","0","0","0"
"*059g4*","Bryce Brown","(N/A)","G","","738","FA","","0","0","-","0","0","0","0","0","0","0","0","0"
"*059cd*","Charlie Brown","(N/A)","G","","739","FA","","0","0","-","0","0","0","0","0","0","0","0","0"
"*05uut*","Chaundee Brown","(N/A)","G","","740","FA","","0","0","-","0","0","0","0","0","0","0","0","0"
"*063cz*","Gabe Brown","(N/A)","F","","741","FA","","0","0","-","0","0","0","0","0","0","0","0","0"
"*05ujh*","Greg Brown","(N/A)","F","","742","FA","","0","0","-","0","0","0","0","0","0","0","0","0"
"*03kqr*","Jabari Brown","(N/A)","G","","743","FA","","0","0","-","0","0","0","0","0","0","0","0","0"
"*0622b*","Kendall Brown","(N/A)","G","","744","FA","","0","0","-","0","0","0","0","0","0","0","0","0"
"*031n2*","Lorenzo Brown","(N/A)","G","","745","FA","","0","0","-","0","0","0","0","0","0","0","0","0"
"*076ul*","Maliq Brown","SA","F","R","746","FA","OKC Wed 9:30AM","0","0","-","0","0","0","0","0","0","0","0","0"
"*03e78*","Markel Brown","(N/A)","G","","747","FA","","0","0","-","0","0","0","0","0","0","0","0","0"
"*0598b*","Moses Brown","(N/A)","C","","749","FA","","0","0","-","0","0","0","0","0","0","0","0","0"
"*04ex9*","Sterling Brown","(N/A)","G","","750","FA","","0","0","-","0","0","0","0","0","0","0","0","0"
"*078ev*","Terrell Brown","UTA","G","R","751","FA","","0","0","-","0","0","0","0","0","0","0","0","0"
"*0666e*","Tevin Brown","(N/A)","G","","752","FA","","0","0","-","0","0","0","0","0","0","0","0","0"
"*04qrs*","Troy Brown","(N/A)","F","","753","FA","","0","0","-","0","0","0","0","0","0","0","0","0"
"*043vz*","Nicolas Brussino","(N/A)","G,F","","754","FA","","0","0","-","0","0","0","0","0","0","0","0","0"
"*05s01*","Elijah Bryant","(N/A)","G,F","","755","FA","","0","0","-","0","0","0","0","0","0","0","0","0"
"*05r0f*","Shaq Buchanan","(N/A)","G","","756","FA","","0","0","-","0","0","0","0","0","0","0","0","0"
"*06qq7*","Boo Buie","(N/A)","G","","757","FA","","0","0","-","0","0","0","0","0","0","0","0","0"
"*031mc*","Reggie Bullock","(N/A)","F","","758","FA","","0","0","-","0","0","0","0","0","0","0","0","0"
"*031lw*","Trey Burke","(N/A)","G","","759","FA","","0","0","-","0","0","0","0","0","0","0","0","0"
"*027ov*","Alec Burks","(N/A)","G","","760","FA","","0","0","-","0","0","0","0","0","0","0","0","0"
"*06mm9*","DJ Burns","(N/A)","F","","761","FA","","0","0","-","0","0","0","0","0","0","0","0","0"
"*05xok*","Jordan Burns","(N/A)","G","","762","FA","","0","0","-","0","0","0","0","0","0","0","0","0"
"*03kt8*","Deonte Burton","(N/A)","G","","764","FA","","0","0","-","0","0","0","0","0","0","0","0","0"
"*04rvx*","Deonte Burton","(N/A)","G,F","","765","FA","","0","0","-","0","0","0","0","0","0","0","0","0"
"*05uje*","Jared Butler","(N/A)","G","","767","FA","","0","0","-","0","0","0","0","0","0","0","0","0"
"*06mp1*","JC Butler","(N/A)","F","","766","FA","","0","0","-","0","0","0","0","0","0","0","0","0"
"*065vc*","John Butler","MIL","C","","768","FA","","0","0","-","0","0","0","0","0","0","0","0","0"
"*0728s*","Lamont Butler","(N/A)","G","","769","FA","","0","0","-","0","0","0","0","0","0","0","0","0"
"*03e6o*","Bruno Caboclo","(N/A)","F","","770","FA","","0","0","-","0","0","0","0","0","0","0","0","0"
"*059cc*","Devontae Cacok","(N/A)","F","","771","FA","","0","0","-","0","0","0","0","0","0","0","0","0"
"*059q9*","Perrion Callandret","(N/A)","G","","772","FA","","0","0","-","0","0","0","0","0","0","0","0","0"
"*05qv8*","Facundo Campazzo","(N/A)","G","","773","FA","","0","0","-","0","0","0","0","0","0","0","0","0"
"*031mk*","Isaiah Canaan","MIL","G","","774","FA","","0","0","-","0","0","0","0","0","0","0","0","0"
"*04exc*","Vlatko Cancar","(N/A)","F","","775","FA","","0","0","-","0","0","0","0","0","0","0","0","0"
"*059vy*","Devin Cannady","(N/A)","G","","776","FA","","0","0","-","0","0","0","0","0","0","0","0","0"
"*05qtn*","Vernon Carey","(N/A)","C","","777","FA","","0","0","-","0","0","0","0","0","0","0","0","0"
"*052u4*","Jordan Caroline","(N/A)","F","","778","FA","","0","0","-","0","0","0","0","0","0","0","0","0"
"*04xl5*","Phillip Carr","(N/A)","F","","780","FA","","0","0","-","0","0","0","0","0","0","0","0","0"
"*04qsr*","Tony Carr","(N/A)","G","","781","FA","","0","0","-","0","0","0","0","0","0","0","0","0"
"*04vu1*","Jeffrey Carroll","(N/A)","G","","782","FA","","0","0","-","0","0","0","0","0","0","0","0","0"
"*03x59*","Sampson Carter","(N/A)","F","","783","FA","","0","0","-","0","0","0","0","0","0","0","0","0"
"*031ly*","Michael Carter-Williams","(N/A)","G","","784","FA","","0","0","-","0","0","0","0","0","0","0","0","0"
"*05wvx*","D.J. Carton","(N/A)","G","","785","FA","","0","0","-","0","0","0","0","0","0","0","0","0"
"*03wlh*","Kyle Casey","(N/A)","F","","786","FA","","0","0","-","0","0","0","0","0","0","0","0","0"
"*076uq*","Rafael Castro","HOU","C","R","787","FA","","0","0","-","0","0","0","0","0","0","0","0","0"
"*03apz*","Willie Cauley-Stein","(N/A)","C","","788","FA","","0","0","-","0","0","0","0","0","0","0","0","0"
"*04kjg*","Troy Caupain","(N/A)","G","","789","FA","","0","0","-","0","0","0","0","0","0","0","0","0"
"*04kpp*","Tyler Cavanaugh","(N/A)","F,C","","790","FA","","0","0","-","0","0","0","0","0","0","0","0","0"
"*05qzv*","Ahmad Caver","(N/A)","G","","791","FA","","0","0","-","0","0","0","0","0","0","0","0","0"
"*06cnb*","Malcolm Cazalon","(N/A)","G","","792","FA","","0","0","-","0","0","0","0","0","0","0","0","0"
"*076tf*","Chris Cenac","BOS","F","R","793","FA","@DET Wed 3:00AM","0","0","-","0","0","0","0","0","0","0","0","0"
"*04xhq*","Joe Chealey","(N/A)","G","","794","FA","","0","0","-","0","0","0","0","0","0","0","0","0"
"*0554x*","Zylan Cheatham","(N/A)","F","","795","FA","","0","0","-","0","0","0","0","0","0","0","0","0"
"*03h91*","Will Cherry","(N/A)","G","","796","FA","","0","0","-","0","0","0","0","0","0","0","0","0"
"*05qzi*","Yoeli Childs","(N/A)","F","","797","FA","","0","0","-","0","0","0","0","0","0","0","0","0"
"*04xgm*","Chris Chiozza","(N/A)","G","","798","FA","","0","0","-","0","0","0","0","0","0","0","0","0"
"*06mm3*","Ulrich Chomche","(N/A)","F","","799","FA","","0","0","-","0","0","0","0","0","0","0","0","0"
"*042n5*","Marquese Chriss","(N/A)","F","","800","FA","","0","0","-","0","0","0","0","0","0","0","0","0"
"*03r7q*","Rakeem Christmas","(N/A)","F","","801","FA","","0","0","-","0","0","0","0","0","0","0","0","0"
"*05uiy*","Josh Christopher","(N/A)","G","","802","FA","","0","0","-","0","0","0","0","0","0","0","0","0"
"*04ug6*","Gary Clark","(N/A)","F","","803","FA","","0","0","-","0","0","0","0","0","0","0","0","0"
"*033h9*","Ian Clark","(N/A)","G","","804","FA","","0","0","-","0","0","0","0","0","0","0","0","0"
"*06hsm*","Kihei Clark","(N/A)","G","","805","FA","","0","0","-","0","0","0","0","0","0","0","0","0"
"*03woy*","Coty Clarke","BOS","F","","806","FA","@DET Wed 3:00AM","0","0","-","0","0","0","0","0","0","0","0","0"
"*04hot*","Gian Clavell","(N/A)","G","","807","FA","","0","0","-","0","0","0","0","0","0","0","0","0"
"*0570u*","Chris Clemons","(N/A)","G","","808","FA","","0","0","-","0","0","0","0","0","0","0","0","0"
"*04laz*","Antonius Cleveland","(N/A)","G","","809","FA","","0","0","-","0","0","0","0","0","0","0","0","0"
"*0722e*","Matthew Cleveland","(N/A)","G","","810","FA","","0","0","-","0","0","0","0","0","0","0","0","0"
"*05xac*","Matt Coleman","(N/A)","G","","811","FA","","0","0","-","0","0","0","0","0","0","0","0","0"
"*06ho6*","Yuri Collins","(N/A)","G","","812","FA","","0","0","-","0","0","0","0","0","0","0","0","0"
"*044ia*","Kyle Collinsworth","(N/A)","G","","813","FA","","0","0","-","0","0","0","0","0","0","0","0","0"
"*04xhu*","Bonzie Colson","(N/A)","F","","814","FA","","0","0","-","0","0","0","0","0","0","0","0","0"
"*06aw1*","Chance Comanche","(N/A)","C","","815","FA","","0","0","-","0","0","0","0","0","0","0","0","0"
"*06giy*","George Conditt","(N/A)","F","","816","FA","","0","0","-","0","0","0","0","0","0","0","0","0"
"*076tq*","Ryan Conwell","MIA","G","R","817","FA","","0","0","-","0","0","0","0","0","0","0","0","0"
"*0484m*","Elgin Cook","(N/A)","F","","818","FA","","0","0","-","0","0","0","0","0","0","0","0","0"
"*05qzl*","Keandre Cook","(N/A)","G","","819","FA","","0","0","-","0","0","0","0","0","0","0","0","0"
"*03xh1*","Quinn Cook","(N/A)","G","","820","FA","","0","0","-","0","0","0","0","0","0","0","0","0"
"*057ot*","Tyler Cook","(N/A)","F","","821","FA","","0","0","-","0","0","0","0","0","0","0","0","0"
"*048zr*","Derek Cooke Jr.","(N/A)","F","","822","FA","","0","0","-","0","0","0","0","0","0","0","0","0"
"*04is9*","Charles Cooke","MIA","G","","823","FA","","0","0","-","0","0","0","0","0","0","0","0","0"
"*06ajv*","Xavier Cooks","(N/A)","F","","824","FA","","0","0","-","0","0","0","0","0","0","0","0","0"
"*03j8m*","Jack Cooley","(N/A)","F,C","","825","FA","","0","0","-","0","0","0","0","0","0","0","0","0"
"*076ut*","Carson Cooper","MEM","C","R","826","FA","","0","0","-","0","0","0","0","0","0","0","0","0"
"*076um*","Quadir Copeland","HOU","G","R","827","FA","","0","0","-","0","0","0","0","0","0","0","0","0"
"*042oc*","Petr Cornelie","(N/A)","F","","828","FA","","0","0","-","0","0","0","0","0","0","0","0","0"
"*04838*","Matt Costello","(N/A)","F","","829","FA","","0","0","-","0","0","0","0","0","0","0","0","0"
"*03i9w*","Bryce Cotton","(N/A)","G","","830","FA","","0","0","-","0","0","0","0","0","0","0","0","0"
"*06ceg*","Ricky Council","(N/A)","F","","831","FA","","0","0","-","0","0","0","0","0","0","0","0","0"
"*01uz3*","DeMarcus Cousins","(N/A)","C","","832","FA","","0","0","-","0","0","0","0","0","0","0","0","0"
"*042oi*","Isaiah Cousins","(N/A)","G","","833","FA","","0","0","-","0","0","0","0","0","0","0","0","0"
"*049lf*","Jaleel Cousins","(N/A)","C","","834","FA","","0","0","-","0","0","0","0","0","0","0","0","0"
"*038xi*","Robert Covington","(N/A)","F","","835","FA","","0","0","-","0","0","0","0","0","0","0","0","0"
"*031mh*","Allen Crabbe","(N/A)","G,F","","836","FA","","0","0","-","0","0","0","0","0","0","0","0","0"
"*03jvr*","Aaron Craft","(N/A)","G","","837","FA","","0","0","-","0","0","0","0","0","0","0","0","0"
"*04jw5*","Torrey Craig","(N/A)","F","","838","FA","","0","0","-","0","0","0","0","0","0","0","0","0"
"*03ktw*","Chris Crawford","(N/A)","G","","839","FA","","0","0","-","0","0","0","0","0","0","0","0","0"
"*03ku1*","Drew Crawford","(N/A)","G","","840","FA","","0","0","-","0","0","0","0","0","0","0","0","0"
"*04xjp*","Mitch Creek","(N/A)","G","","841","FA","","0","0","-","0","0","0","0","0","0","0","0","0"
"*06mnx*","Kevin Cross","(N/A)","F","","842","FA","","0","0","-","0","0","0","0","0","0","0","0","0"
"*02nfy*","Jae Crowder","(N/A)","F","","843","FA","","0","0","-","0","0","0","0","0","0","0","0","0"
"*0723e*","Steven Crowl","(N/A)","F","","844","FA","","0","0","-","0","0","0","0","0","0","0","0","0"
"*05xni*","Jalen Crutcher","(N/A)","G","","845","FA","","0","0","-","0","0","0","0","0","0","0","0","0"
"*06ppp*","Yongxi Cui","(N/A)","G","","846","FA","","0","0","-","0","0","0","0","0","0","0","0","0"
"*05xp3*","Derek Culver","(N/A)","C","","847","FA","","0","0","-","0","0","0","0","0","0","0","0","0"
"*051om*","Jarrett Culver","(N/A)","G","","848","FA","","0","0","-","0","0","0","0","0","0","0","0","0"
"*05ya0*","Jarron Cumberland","(N/A)","G","","849","FA","","0","0","-","0","0","0","0","0","0","0","0","0"
"*03woc*","Will Cummings","(N/A)","G","","850","FA","","0","0","-","0","0","0","0","0","0","0","0","0"
"*02nfo*","Jared Cunningham","(N/A)","G","","851","FA","","0","0","-","0","0","0","0","0","0","0","0","0"
"*0392h*","Olek Czyz","(N/A)","F","","852","FA","","0","0","-","0","0","0","0","0","0","0","0","0"
"*07244*","Dain Dainja","(N/A)","F","","853","FA","","0","0","-","0","0","0","0","0","0","0","0","0"
"*06cen*","Caleb Daniels","(N/A)","G","","854","FA","","0","0","-","0","0","0","0","0","0","0","0","0"
"*0393p*","Troy Daniels","(N/A)","G","","855","FA","","0","0","-","0","0","0","0","0","0","0","0","0"
"*05qyr*","Nate Darling","(N/A)","G","","856","FA","","0","0","-","0","0","0","0","0","0","0","0","0"
"*038i9*","Brandon Davies","(N/A)","F","","857","FA","","0","0","-","0","0","0","0","0","0","0","0","0"
"*06hf9*","Antoine Davis","(N/A)","G","","858","FA","","0","0","-","0","0","0","0","0","0","0","0","0"
"*042ns*","Deyonta Davis","(N/A)","F","","859","FA","","0","0","-","0","0","0","0","0","0","0","0","0"
"*0724o*","Johnell Davis","(N/A)","G","","860","FA","","0","0","-","0","0","0","0","0","0","0","0","0"
"*06219*","Johnny Davis","(N/A)","G","","861","FA","","0","0","-","0","0","0","0","0","0","0","0","0"
"*059u3*","Jon Davis","(N/A)","G","","862","FA","","0","0","-","0","0","0","0","0","0","0","0","0"
"*06hdx*","Kendric Davis","(N/A)","G","","863","FA","","0","0","-","0","0","0","0","0","0","0","0","0"
"*06z7u*","RJ Davis","(N/A)","G","","864","FA","","0","0","-","0","0","0","0","0","0","0","0","0"
"*056aq*","Terence Davis","(N/A)","G","","865","FA","","0","0","-","0","0","0","0","0","0","0","0","0"
"*04vxz*","Tyler Davis","(N/A)","C","","866","FA","","0","0","-","0","0","0","0","0","0","0","0","0"
"*03kqm*","Andre Dawkins","BOS","G","","867","FA","@DET Wed 3:00AM","0","0","-","0","0","0","0","0","0","0","0","0"
"*059cj*","Aubrey Dawkins","(N/A)","G","","868","FA","","0","0","-","0","0","0","0","0","0","0","0","0"
"*03r89*","Branden Dawson","(N/A)","F","","869","FA","","0","0","-","0","0","0","0","0","0","0","0","0"
"*0483k*","Shawn Dawson","(N/A)","F","","870","FA","","0","0","-","0","0","0","0","0","0","0","0","0"
"*062sp*","Darius Days","(N/A)","F","","871","FA","","0","0","-","0","0","0","0","0","0","0","0","0"
"*04lcm*","George de Paula","(N/A)","G","","1770","FA","","0","0","-","0","0","0","0","0","0","0","0","0"
"*05rk9*","Gabriel Deck","(N/A)","F","","874","FA","","0","0","-","0","0","0","0","0","0","0","0","0"
"*038xl*","Dewayne Dedmon","(N/A)","C","","875","FA","","0","0","-","0","0","0","0","0","0","0","0","0"
"*03ulp*","Bryce Dejean-Jones","NO","G","","876","FA","","0","0","-","0","0","0","0","0","0","0","0","0"
"*03byi*","Sam Dekker","(N/A)","F","","877","FA","","0","0","-","0","0","0","0","0","0","0","0","0"
"*05qys*","Javin DeLaurier","(N/A)","F,C","","873","FA","","0","0","-","0","0","0","0","0","0","0","0","0"
"*04xhx*","Angel Delgado","(N/A)","C","","878","FA","","0","0","-","0","0","0","0","0","0","0","0","0"
"*038og*","Matthew Dellavedova","(N/A)","G","","879","FA","","0","0","-","0","0","0","0","0","0","0","0","0"
"*06666*","Eric Demers","(N/A)","G","","880","FA","","0","0","-","0","0","0","0","0","0","0","0","0"
"*04z79*","Cody Demps","(N/A)","G","","881","FA","","0","0","-","0","0","0","0","0","0","0","0","0"
"*06eo4*","Dexter Dennis","(N/A)","G","","882","FA","","0","0","-","0","0","0","0","0","0","0","0","0"
"*04vy0*","Marcus Derrickson","(N/A)","F","","883","FA","","0","0","-","0","0","0","0","0","0","0","0","0"
"*0623b*","Michael Devoe","(N/A)","G","","884","FA","","0","0","-","0","0","0","0","0","0","0","0","0"
"*078v3*","Malik Dia","NO","F","R","885","FA","","0","0","-","0","0","0","0","0","0","0","0","0"
"*05qvv*","Mamadi Diakite","(N/A)","F","","886","FA","","0","0","-","0","0","0","0","0","0","0","0","0"
"*0779m*","Alpha Diallo","DEN","F","R","887","FA","","0","0","-","0","0","0","0","0","0","0","0","0"
"*03llu*","Cheick Diallo","(N/A)","F,C","","888","FA","","0","0","-","0","0","0","0","0","0","0","0","0"
"*049sa*","Hamidou Diallo","(N/A)","G","","889","FA","","0","0","-","0","0","0","0","0","0","0","0","0"
"*05qz6*","Lamine Diane","(N/A)","F","","890","FA","","0","0","-","0","0","0","0","0","0","0","0","0"
"*06mo7*","Mohamed Diarra","(N/A)","F","","891","FA","","0","0","-","0","0","0","0","0","0","0","0","0"
"*031m8*","Gorgui Dieng","(N/A)","C","","892","FA","","0","0","-","0","0","0","0","0","0","0","0","0"
"*03e74*","Spencer Dinwiddie","(N/A)","G","","893","FA","","0","0","-","0","0","0","0","0","0","0","0","0"
"*06222*","Khalifa Diop","CLE","C","R","894","FA","","0","0","-","0","0","0","0","0","0","0","0","0"
"*076u8*","Josh Dix","OKC","G","R","895","FA","@SA Wed 9:30AM","0","0","-","0","0","0","0","0","0","0","0","0"
"*06vy1*","Eric Dixon","(N/A)","F","","896","FA","","0","0","-","0","0","0","0","0","0","0","0","0"
"*06mlp*","Nikola Djurisic","(N/A)","F","","897","FA","","0","0","-","0","0","0","0","0","0","0","0","0"
"*06ptx*","Marcus Domask","(N/A)","F","","898","FA","","0","0","-","0","0","0","0","0","0","0","0","0"
"*076tp*","Tre Donaldson","MIA","G","R","899","FA","","0","0","-","0","0","0","0","0","0","0","0","0"
"*04ex4*","Tyler Dorsey","(N/A)","G","","900","FA","","0","0","-","0","0","0","0","0","0","0","0","0"
"*04ex7*","Damyean Dotson","(N/A)","G","","901","FA","","0","0","-","0","0","0","0","0","0","0","0","0"
"*05qsu*","Devon Dotson","(N/A)","G","","902","FA","","0","0","-","0","0","0","0","0","0","0","0","0"
"*051ov*","Sekou Doumbouya","(N/A)","F","","903","FA","","0","0","-","0","0","0","0","0","0","0","0","0"
"*05wkd*","Jeff Dowtin","(N/A)","G","","904","FA","","0","0","-","0","0","0","0","0","0","0","0","0"
"*04idm*","Milton Doyle","(N/A)","G","","905","FA","","0","0","-","0","0","0","0","0","0","0","0","0"
"*04ik2*","PJ Dozier","(N/A)","G","","906","FA","","0","0","-","0","0","0","0","0","0","0","0","0"
"*06gnm*","Henri Drell","(N/A)","F","","907","FA","","0","0","-","0","0","0","0","0","0","0","0","0"
"*038xh*","Larry Drew II","NO","G","","908","FA","","0","0","-","0","0","0","0","0","0","0","0","0"
"*05uin*","Chris Duarte","(N/A)","G","","909","FA","","0","0","-","0","0","0","0","0","0","0","0","0"
"*06mmj*","Alex Ducas","(N/A)","G,F","","910","FA","","0","0","-","0","0","0","0","0","0","0","0","0"
"*03sdf*","Duje Dukan","(N/A)","F","","911","FA","","0","0","-","0","0","0","0","0","0","0","0","0"
"*05wvu*","David Duke","(N/A)","G","","912","FA","","0","0","-","0","0","0","0","0","0","0","0","0"
"*049pk*","Kellen Dunham","(N/A)","G","","913","FA","","0","0","-","0","0","0","0","0","0","0","0","0"
"*064s8*","Anthony Duruji","(N/A)","F","","914","FA","","0","0","-","0","0","0","0","0","0","0","0","0"
"*049kg*","Trevon Duval","(N/A)","G","","915","FA","","0","0","-","0","0","0","0","0","0","0","0","0"
"*03e70*","Cleanthony Early","(N/A)","F","","917","FA","","0","0","-","0","0","0","0","0","0","0","0","0"
"*06mo6*","Sean East","(N/A)","G","","918","FA","","0","0","-","0","0","0","0","0","0","0","0","0"
"*01uzb*","Devin Ebanks","(N/A)","G,F","","919","FA","","0","0","-","0","0","0","0","0","0","0","0","0"
"*05qxu*","Paul Eboua","(N/A)","F","","920","FA","","0","0","-","0","0","0","0","0","0","0","0","0"
"*05uxy*","Jaime Echenique","(N/A)","C","","921","FA","","0","0","-","0","0","0","0","0","0","0","0","0"
"*03ku7*","Jarell Eddie","(N/A)","G","","922","FA","","0","0","-","0","0","0","0","0","0","0","0","0"
"*051pd*","Carsen Edwards","(N/A)","G","","923","FA","","0","0","-","0","0","0","0","0","0","0","0","0"
"*06mq1*","Jesse Edwards","(N/A)","C","","924","FA","","0","0","-","0","0","0","0","0","0","0","0","0"
"*05uji*","Kessler Edwards","(N/A)","F","","925","FA","","0","0","-","0","0","0","0","0","0","0","0","0"
"*065b7*","Kyler Edwards","(N/A)","G","","926","FA","","0","0","-","0","0","0","0","0","0","0","0","0"
"*05xcl*","Rob Edwards","(N/A)","G","","927","FA","","0","0","-","0","0","0","0","0","0","0","0","0"
"*04qss*","Vincent Edwards","(N/A)","F","","928","FA","","0","0","-","0","0","0","0","0","0","0","0","0"
"*059g6*","John Egbunu","(N/A)","C","","929","FA","","0","0","-","0","0","0","0","0","0","0","0","0"
"*03wow*","Nnanna Egwu","(N/A)","C","","930","FA","","0","0","-","0","0","0","0","0","0","0","0","0"
"*03hz0*","Melvin Ejim","(N/A)","F","","931","FA","","0","0","-","0","0","0","0","0","0","0","0","0"
"*076td*","Zuby Ejiofor","ATL","F","R","932","FA","","0","0","-","0","0","0","0","0","0","0","0","0"
"*05quc*","CJ Elleby","(N/A)","F","","933","FA","","0","0","-","0","0","0","0","0","0","0","0","0"
"*042nd*","Henry Ellenson","(N/A)","F","","934","FA","","0","0","-","0","0","0","0","0","0","0","0","0"
"*06pw5*","Boogie Ellis","(N/A)","G","","935","FA","","0","0","-","0","0","0","0","0","0","0","0","0"
"*048yi*","Perry Ellis","(N/A)","F","","936","FA","","0","0","-","0","0","0","0","0","0","0","0","0"
"*05y9z*","Malik Ellison","(N/A)","G,F","","937","FA","","0","0","-","0","0","0","0","0","0","0","0","0"
"*031n0*","James Ennis","(N/A)","F","","938","FA","","0","0","-","0","0","0","0","0","0","0","0","0"
"*03byh*","Tyler Ennis","(N/A)","G","","939","FA","","0","0","-","0","0","0","0","0","0","0","0","0"
"*06q8b*","Aaron Estrada","(N/A)","G","","940","FA","","0","0","-","0","0","0","0","0","0","0","0","0"
"*076ud*","Isaiah Evans","MIN","G","R","941","FA","","0","0","-","0","0","0","0","0","0","0","0","0"
"*04qs5*","Jacob Evans","(N/A)","G","","942","FA","","0","0","-","0","0","0","0","0","0","0","0","0"
"*04ex2*","Jawun Evans","(N/A)","G","","943","FA","","0","0","-","0","0","0","0","0","0","0","0","0"
"*04xie*","Keenan Evans","DET","G","","944","FA","BOS Wed 3:00AM","0","0","-","0","0","0","0","0","0","0","0","0"
"*01eoh*","Tyreke Evans","(N/A)","G","","945","FA","","0","0","-","0","0","0","0","0","0","0","0","0"
"*03acx*","Dante Exum","(N/A)","G","","946","FA","","0","0","-","0","0","0","0","0","0","0","0","0"
"*02nfu*","Festus Ezeli","(N/A)","C","","947","FA","","0","0","-","0","0","0","0","0","0","0","0","0"
"*03jxp*","C.J. Fair","(N/A)","F","","948","FA","","0","0","-","0","0","0","0","0","0","0","0","0"
"*0558u*","Tacko Fall","(N/A)","C","","949","FA","","0","0","-","0","0","0","0","0","0","0","0","0"
"*027p7*","Kenneth Faried","(N/A)","F,C","","950","FA","","0","0","-","0","0","0","0","0","0","0","0","0"
"*01uyt*","Derrick Favors","(N/A)","F,C","","951","FA","","0","0","-","0","0","0","0","0","0","0","0","0"
"*042od*","Kay Felder","(N/A)","G","","952","FA","","0","0","-","0","0","0","0","0","0","0","0","0"
"*03rxn*","Cristiano Felicio","(N/A)","C","","953","FA","","0","0","-","0","0","0","0","0","0","0","0","0"
"*031mj*","Carrick Felix","(N/A)","G,F","","954","FA","","0","0","-","0","0","0","0","0","0","0","0","0"
"*04ewl*","Terrance Ferguson","(N/A)","G,F","","955","FA","","0","0","-","0","0","0","0","0","0","0","0","0"
"*049le*","Vashil Fernandez","(N/A)","C","","956","FA","","0","0","-","0","0","0","0","0","0","0","0","0"
"*051pe*","Bruno Fernando","(N/A)","C","","957","FA","","0","0","-","0","0","0","0","0","0","0","0","0"
"*0483a*","Yogi Ferrell","(N/A)","G","","958","FA","","0","0","-","0","0","0","0","0","0","0","0","0"
"*06mot*","Max Fiedler","(N/A)","F","","959","FA","","0","0","-","0","0","0","0","0","0","0","0","0"
"*05xoj*","L.J. Figueroa","(N/A)","G,F","","960","FA","","0","0","-","0","0","0","0","0","0","0","0","0"
"*05qzg*","Malik Fitts","(N/A)","F","","961","FA","","0","0","-","0","0","0","0","0","0","0","0","0"
"*06hrn*","Adam Flagler","SAC","G","","962","FA","","0","0","-","0","0","0","0","0","0","0","0","0"
"*06mnz*","Allen Flanigan","(N/A)","G","","963","FA","","0","0","-","0","0","0","0","0","0","0","0","0"
"*059wt*","Skyler Flatten","(N/A)","G","","964","FA","","0","0","-","0","0","0","0","0","0","0","0","0"
"*05qsn*","Malachi Flynn","(N/A)","G","","966","FA","","0","0","-","0","0","0","0","0","0","0","0","0"
"*02wy0*","Kyle Fogg","(N/A)","G","","967","FA","","0","0","-","0","0","0","0","0","0","0","0","0"
"*04847*","Bryn Forbes","(N/A)","G","","968","FA","","0","0","-","0","0","0","0","0","0","0","0","0"
"*05y7a*","Aleem Ford","(N/A)","F","","969","FA","","0","0","-","0","0","0","0","0","0","0","0","0"
"*05qzf*","Jordan Ford","(N/A)","G","","970","FA","","0","0","-","0","0","0","0","0","0","0","0","0"
"*0480a*","Quincy Ford","(N/A)","F","","971","FA","","0","0","-","0","0","0","0","0","0","0","0","0"
"*05qu7*","Trent Forrest","(N/A)","G","","972","FA","","0","0","-","0","0","0","0","0","0","0","0","0"
"*05xob*","Marcus Foster","(N/A)","G","","973","FA","","0","0","-","0","0","0","0","0","0","0","0","0"
"*0623g*","Michael Foster","(N/A)","F","","974","FA","","0","0","-","0","0","0","0","0","0","0","0","0"
"*02nfk*","Evan Fournier","(N/A)","G","","975","FA","","0","0","-","0","0","0","0","0","0","0","0","0"
"*06hdw*","Armaan Franklin","(N/A)","G","","976","FA","","0","0","-","0","0","0","0","0","0","0","0","0"
"*031mr*","Jamaal Franklin","DEN","G,F","","977","FA","","0","0","-","0","0","0","0","0","0","0","0","0"
"*059fu*","Robert Franks","(N/A)","F","","978","FA","","0","0","-","0","0","0","0","0","0","0","0","0"
"*04qsc*","Melvin Frazier Jr.","(N/A)","G","","979","FA","","0","0","-","0","0","0","0","0","0","0","0","0"
"*03v03*","Michael Frazier","(N/A)","G","","980","FA","","0","0","-","0","0","0","0","0","0","0","0","0"
"*03ku2*","Tim Frazier","(N/A)","G","","981","FA","","0","0","-","0","0","0","0","0","0","0","0","0"
"*0493y*","Trey Freeman","(N/A)","G","","982","FA","","0","0","-","0","0","0","0","0","0","0","0","0"
"*062k1*","Javon Freeman-Liberty","(N/A)","G","","983","FA","","0","0","-","0","0","0","0","0","0","0","0","0"
"*06mop*","Samson Froling","(N/A)","C","","984","FA","","0","0","-","0","0","0","0","0","0","0","0","0"
"*06fwl*","Alex Fudge","(N/A)","F","","985","FA","","0","0","-","0","0","0","0","0","0","0","0","0"
"*06hdv*","Andrew Funk","(N/A)","G","","986","FA","","0","0","-","0","0","0","0","0","0","0","0","0"
"*06qf9*","Taylor Funk","(N/A)","F","","987","FA","","0","0","-","0","0","0","0","0","0","0","0","0"
"*04vu2*","Wenyen Gabriel","(N/A)","F","","988","FA","","0","0","-","0","0","0","0","0","0","0","0","0"
"*0393q*","Abdul Gaddy","(N/A)","G","","989","FA","","0","0","-","0","0","0","0","0","0","0","0","0"
"*01uzm*","Tiny Gallon","(N/A)","F","","990","FA","","0","0","-","0","0","0","0","0","0","0","0","0"
"*06kv0*","Jaylin Galloway","(N/A)","F","","991","FA","","0","0","-","0","0","0","0","0","0","0","0","0"
"*03k50*","Langston Galloway","(N/A)","G","","992","FA","","0","0","-","0","0","0","0","0","0","0","0","0"
"*059cf*","Jakeenan Gant","(N/A)","G","","993","FA","","0","0","-","0","0","0","0","0","0","0","0","0"
"*07241*","Dawson Garcia","(N/A)","F,C","","994","FA","","0","0","-","0","0","0","0","0","0","0","0","0"
"*06hrf*","Patrick Gardner","(N/A)","C","","995","FA","","0","0","-","0","0","0","0","0","0","0","0","0"
"*045qh*","Patricio Garino","(N/A)","G","","996","FA","","0","0","-","0","0","0","0","0","0","0","0","0"
"*05wah*","Marcus Garrett","(N/A)","G","","997","FA","","0","0","-","0","0","0","0","0","0","0","0","0"
"*05uix*","Usman Garuba","(N/A)","F","","998","FA","","0","0","-","0","0","0","0","0","0","0","0","0"
"*04xdt*","Kaiser Gates","(N/A)","F","","999","FA","","0","0","-","0","0","0","0","0","0","0","0","0"
"*042o8*","Michael Gbinije","(N/A)","F","","1000","FA","","0","0","-","0","0","0","0","0","0","0","0","0"
"*0490w*","Marcus Georges-Hunt","(N/A)","G","","1001","FA","","0","0","-","0","0","0","0","0","0","0","0","0"
"*03xmw*","Harry Giles","(N/A)","C","","1002","FA","","0","0","-","0","0","0","0","0","0","0","0","0"
"*05qu6*","Romaro Gill","(N/A)","C","","1003","FA","","0","0","-","0","0","0","0","0","0","0","0","0"
"*05qzc*","Freddie Gillespie","(N/A)","F","","1004","FA","","0","0","-","0","0","0","0","0","0","0","0","0"
"*076uk*","Ja'Kobi Gillespie","SA","G","R","1005","FA","OKC Wed 9:30AM","0","0","-","0","0","0","0","0","0","0","0","0"
"*065ut*","Jacob Gilyard","(N/A)","G","","1006","FA","","0","0","-","0","0","0","0","0","0","0","0","0"
"*065vf*","Grant Golden","(N/A)","F","","1007","FA","","0","0","-","0","0","0","0","0","0","0","0","0"
"*031mf*","Archie Goodwin","(N/A)","G","","1008","FA","","0","0","-","0","0","0","0","0","0","0","0","0"
"*04w4b*","Brandon Goodwin","(N/A)","G","","1009","FA","","0","0","-","0","0","0","0","0","0","0","0","0"
"*06hsn*","Dane Goodwin","(N/A)","G","","1010","FA","","0","0","-","0","0","0","0","0","0","0","0","0"
"*06hi9*","Jazian Gortman","(N/A)","G","","1011","FA","","0","0","-","0","0","0","0","0","0","0","0","0"
"*062sq*","Kellan Grady","(N/A)","G","","1012","FA","","0","0","-","0","0","0","0","0","0","0","0","0"
"*04qsb*","Devonte' Graham","(N/A)","G","","1013","FA","","0","0","-","0","0","0","0","0","0","0","0","0"
"*03ua0*","Treveon Graham","(N/A)","G,F","","1014","FA","","0","0","-","0","0","0","0","0","0","0","0","0"
"*03r7g*","Jerian Grant","(N/A)","G","","1015","FA","","0","0","-","0","0","0","0","0","0","0","0","0"
"*04vqv*","Donte Grantham","(N/A)","G","","1016","FA","","0","0","-","0","0","0","0","0","0","0","0","0"
"*057ow*","Hassani Gravett","(N/A)","G","","1018","FA","","0","0","-","0","0","0","0","0","0","0","0","0"
"*04mr6*","Josh Gray","(N/A)","G","","1019","FA","","0","0","-","0","0","0","0","0","0","0","0","0"
"*05ujx*","RaiQuan Gray","(N/A)","F","","1020","FA","","0","0","-","0","0","0","0","0","0","0","0","0"
"*04uq2*","Rob Gray","(N/A)","G","","1021","FA","","0","0","-","0","0","0","0","0","0","0","0","0"
"*06moi*","Darin Green","(N/A)","G","","1022","FA","","0","0","-","0","0","0","0","0","0","0","0","0"
"*031mw*","Erick Green","(N/A)","G","","1023","FA","","0","0","-","0","0","0","0","0","0","0","0","0"
"*03927*","JaMychal Green","(N/A)","F","","1024","FA","","0","0","-","0","0","0","0","0","0","0","0","0"
"*0621f*","AJ Griffin","(N/A)","F","","1025","FA","","0","0","-","0","0","0","0","0","0","0","0","0"
"*038kh*","Eric Griffin","(N/A)","F","","1026","FA","","0","0","-","0","0","0","0","0","0","0","0","0"
"*055si*","Marko Guduric","(N/A)","G","","1027","FA","","0","0","-","0","0","0","0","0","0","0","0","0"
"*051pz*","Kyle Guy","(N/A)","G","","1028","FA","","0","0","-","0","0","0","0","0","0","0","0","0"
"*04v3j*","Isaac Haas","(N/A)","C","","1029","FA","","0","0","-","0","0","0","0","0","0","0","0","0"
"*05quf*","Ashton Hagans","(N/A)","G","","1030","FA","","0","0","-","0","0","0","0","0","0","0","0","0"
"*04qst*","Devon Hall","(N/A)","G","","1032","FA","","0","0","-","0","0","0","0","0","0","0","0","0"
"*059qb*","Donta Hall","(N/A)","F","","1033","FA","","0","0","-","0","0","0","0","0","0","0","0","0"
"*06303*","Jordan Hall","(N/A)","G,F","","1034","FA","","0","0","-","0","0","0","0","0","0","0","0","0"
"*05qzm*","Josh Hall","(N/A)","F","","1035","FA","","0","0","-","0","0","0","0","0","0","0","0","0"
"*06mnr*","Malik Hall","(N/A)","F","","1036","FA","","0","0","-","0","0","0","0","0","0","0","0","0"
"*05r05*","Tyler Hall","(N/A)","G","","1037","FA","","0","0","-","0","0","0","0","0","0","0","0","0"
"*06237*","Bryce Hamilton","(N/A)","G","","1038","FA","","0","0","-","0","0","0","0","0","0","0","0","0"
"*042of*","Daniel Hamilton","(N/A)","F","","1039","FA","","0","0","-","0","0","0","0","0","0","0","0","0"
"*04lk8*","Isaac Hamilton","(N/A)","G","","1040","FA","","0","0","-","0","0","0","0","0","0","0","0","0"
"*04xid*","Johnny Hamilton","(N/A)","C","","1041","FA","","0","0","-","0","0","0","0","0","0","0","0","0"
"*02ng9*","Justin Hamilton","(N/A)","F,C","","1042","FA","","0","0","-","0","0","0","0","0","0","0","0","0"
"*05qt7*","Rayshaun Hammonds","(N/A)","F","","1043","FA","","0","0","-","0","0","0","0","0","0","0","0","0"
"*042o5*","A.J. Hammons","(N/A)","C","","1044","FA","","0","0","-","0","0","0","0","0","0","0","0","0"
"*05qt5*","R.J. Hampton","(N/A)","G","","1045","FA","","0","0","-","0","0","0","0","0","0","0","0","0"
"*051q0*","Jaylen Hands","(N/A)","G","","1046","FA","","0","0","-","0","0","0","0","0","0","0","0","0"
"*03r7w*","Olivier Hanlan","(N/A)","G","","1047","FA","","0","0","-","0","0","0","0","0","0","0","0","0"
"*04z9c*","Dusty Hannahs","(N/A)","G","","1048","FA","","0","0","-","0","0","0","0","0","0","0","0","0"
"*02nff*","Maurice Harkless","(N/A)","F","","1049","FA","","0","0","-","0","0","0","0","0","0","0","0","0"
"*059ij*","Jared Harper","(N/A)","G","","1050","FA","","0","0","-","0","0","0","0","0","0","0","0","0"
"*03byg*","Montrezl Harrell","(N/A)","C","","1051","FA","","0","0","-","0","0","0","0","0","0","0","0","0"
"*05qso*","Jalen Harris","(N/A)","G","","1052","FA","","0","0","-","0","0","0","0","0","0","0","0","0"
"*03e6z*","Joe Harris","(N/A)","G,F","","1053","FA","","0","0","-","0","0","0","0","0","0","0","0","0"
"*05qzd*","Kevon Harris","(N/A)","G","","1054","FA","","0","0","-","0","0","0","0","0","0","0","0","0"
"*03rzs*","Aaron Harrison","(N/A)","G","","1055","FA","","0","0","-","0","0","0","0","0","0","0","0","0"
"*02xdr*","Andrew Harrison","(N/A)","G","","1056","FA","","0","0","-","0","0","0","0","0","0","0","0","0"
"*048zs*","Shaquille Harrison","(N/A)","G","","1057","FA","","0","0","-","0","0","0","0","0","0","0","0","0"
"*06ceq*","Joey Hauser","(N/A)","F","","1058","FA","","0","0","-","0","0","0","0","0","0","0","0","0"
"*01uz7*","Gordon Hayward","(N/A)","F","","1059","FA","","0","0","-","0","0","0","0","0","0","0","0","0"
"*04ljk*","Reggie Hearn","(N/A)","G","","1060","FA","","0","0","-","0","0","0","0","0","0","0","0","0"
"*06hfa*","Max Heidegger","(N/A)","G","","1061","FA","","0","0","-","0","0","0","0","0","0","0","0","0"
"*05uuf*","Aaron Henry","(N/A)","F","","1062","FA","","0","0","-","0","0","0","0","0","0","0","0","0"
"*04mmf*","Myke Henry","(N/A)","F","","1063","FA","","0","0","-","0","0","0","0","0","0","0","0","0"
"*0665b*","Pierria Henry","(N/A)","G","","1064","FA","","0","0","-","0","0","0","0","0","0","0","0","0"
"*02nfe*","John Henson","(N/A)","F,C","","1065","FA","","0","0","-","0","0","0","0","0","0","0","0","0"
"*051q3*","Dewan Hernandez","(N/A)","C","","1066","FA","","0","0","-","0","0","0","0","0","0","0","0","0"
"*042nb*","Juancho Hernangomez","(N/A)","F","","1067","FA","","0","0","-","0","0","0","0","0","0","0","0","0"
"*03r7p*","Willy Hernangomez","(N/A)","C","","1068","FA","","0","0","-","0","0","0","0","0","0","0","0","0"
"*04qsx*","Kevin Hervey","(N/A)","F","","1069","FA","","0","0","-","0","0","0","0","0","0","0","0","0"
"*04jw1*","Isaiah Hicks","(N/A)","F","","1071","FA","","0","0","-","0","0","0","0","0","0","0","0","0"
"*04ylf*","Stephan Hicks","IND","G","","1072","FA","","0","0","-","0","0","0","0","0","0","0","0","0"
"*059fv*","Ahmed Hill","(N/A)","G","","1073","FA","","0","0","-","0","0","0","0","0","0","0","0","0"
"*05wmn*","Malcolm Hill","(N/A)","F","","1074","FA","","0","0","-","0","0","0","0","0","0","0","0","0"
"*031ma*","Solomon Hill","(N/A)","G,F","","1075","FA","","0","0","-","0","0","0","0","0","0","0","0","0"
"*059ck*","Amir Hinton","(N/A)","G","","1076","FA","","0","0","-","0","0","0","0","0","0","0","0","0"
"*05qyw*","Nate Hinton","(N/A)","G","","1077","FA","","0","0","-","0","0","0","0","0","0","0","0","0"
"*0522u*","Jaylen Hoard","(N/A)","F","","1078","FA","","0","0","-","0","0","0","0","0","0","0","0","0"
"*06cp1*","D'Moi Hodge","(N/A)","G","","1079","FA","","0","0","-","0","0","0","0","0","0","0","0","0"
"*03r7i*","Rondae Hollis-Jefferson","(N/A)","F","","1080","FA","","0","0","-","0","0","0","0","0","0","0","0","0"
"*058zc*","Aric Holman","(N/A)","F,C","","1081","FA","","0","0","-","0","0","0","0","0","0","0","0","0"
"*03trr*","Jonathan Holmes","(N/A)","F","","1082","FA","","0","0","-","0","0","0","0","0","0","0","0","0"
"*03r7r*","Richaun Holmes","(N/A)","F,C","","1083","FA","","0","0","-","0","0","0","0","0","0","0","0","0"
"*05qzk*","Caleb Homesley","(N/A)","G","","1084","FA","","0","0","-","0","0","0","0","0","0","0","0","0"
"*059q3*","Daulton Hommes","(N/A)","F","","1085","FA","","0","0","-","0","0","0","0","0","0","0","0","0"
"*027pk*","Tyler Honeycutt","(N/A)","F","","1086","FA","","0","0","-","0","0","0","0","0","0","0","0","0"
"*03apy*","Rodney Hood","(N/A)","G","","1087","FA","","0","0","-","0","0","0","0","0","0","0","0","0"
"*06cce*","Jalen Hood-Schifino","(N/A)","G","","1088","FA","","0","0","-","0","0","0","0","0","0","0","0","0"
"*076u0*","Bryce Hopkins","DEN","F","R","1089","FA","","0","0","-","0","0","0","0","0","0","0","0","0"
"*03c6y*","Scotty Hopson","(N/A)","G","","1090","FA","","0","0","-","0","0","0","0","0","0","0","0","0"
"*06mof*","DJ Horne","(N/A)","G","","1091","FA","","0","0","-","0","0","0","0","0","0","0","0","0"
"*0666a*","Jeriah Horne","(N/A)","F","","1092","FA","","0","0","-","0","0","0","0","0","0","0","0","0"
"*051pq*","Talen Horton-Tucker","(N/A)","G","","1093","FA","","0","0","-","0","0","0","0","0","0","0","0","0"
"*04849*","Danuel House","(N/A)","F","","1094","FA","","0","0","-","0","0","0","0","0","0","0","0","0"
"*05qui*","Markus Howard","(N/A)","G","","1095","FA","","0","0","-","0","0","0","0","0","0","0","0","0"
"*052lc*","William Howard","(N/A)","F","","1096","FA","","0","0","-","0","0","0","0","0","0","0","0","0"
"*038oh*","Richard Howell","(N/A)","F","","1097","FA","","0","0","-","0","0","0","0","0","0","0","0","0"
"*06236*","Trevor Hudgins","(N/A)","G","","1098","FA","","0","0","-","0","0","0","0","0","0","0","0","0"
"*03e6w*","Josh Huestis","(N/A)","F","","1099","FA","","0","0","-","0","0","0","0","0","0","0","0","0"
"*05qta*","Elijah Hughes","(N/A)","G","","1100","FA","","0","0","-","0","0","0","0","0","0","0","0","0"
"*04xlp*","Isaac Humphries","(N/A)","F","","1101","FA","","0","0","-","0","0","0","0","0","0","0","0","0"
"*05ux6*","Feron Hunt","(N/A)","F","","1102","FA","","0","0","-","0","0","0","0","0","0","0","0","0"
"*03nwp*","R.J. Hunter","(N/A)","G","","1103","FA","","0","0","-","0","0","0","0","0","0","0","0","0"
"*05uun*","Matthew Hurt","(N/A)","F","","1104","FA","","0","0","-","0","0","0","0","0","0","0","0","0"
"*04qrz*","Chandler Hutchison","(N/A)","F","","1105","FA","","0","0","-","0","0","0","0","0","0","0","0","0"
"*005lo*","Serge Ibaka","(N/A)","F,C","","1106","FA","","0","0","-","0","0","0","0","0","0","0","0","0"
"*03e6x*","Damien Inglis","(N/A)","F","","1107","FA","","0","0","-","0","0","0","0","0","0","0","0","0"
"*04ll4*","Ike Iroegbu","(N/A)","G","","1108","FA","","0","0","-","0","0","0","0","0","0","0","0","0"
"*076uc*","Vsevolod Ishchenko","DAL","G","R","1110","FA","","0","0","-","0","0","0","0","0","0","0","0","0"
"*04ewx*","Wes Iwundu","(N/A)","G,F","","1111","FA","","0","0","-","0","0","0","0","0","0","0","0","0"
"*042o4*","Demetrius Jackson","(N/A)","G","","1112","FA","","0","0","-","0","0","0","0","0","0","0","0","0"
"*04ewv*","Frank Jackson","(N/A)","G","","1113","FA","","0","0","-","0","0","0","0","0","0","0","0","0"
"*03llx*","Josh Jackson","(N/A)","F","","1114","FA","","0","0","-","0","0","0","0","0","0","0","0","0"
"*04ewg*","Justin Jackson","(N/A)","F","","1115","FA","","0","0","-","0","0","0","0","0","0","0","0","0"
"*04qsk*","Justin Jackson","ORL","F","","1116","FA","","0","0","-","0","0","0","0","0","0","0","0","0"
"*031ms*","Pierre Jackson","(N/A)","G","","1117","FA","","0","0","-","0","0","0","0","0","0","0","0","0"
"*027p9*","Reggie Jackson","(N/A)","G","","1118","FA","","0","0","-","0","0","0","0","0","0","0","0","0"
"*06moo*","Josiah-Jordan James","(N/A)","G","","1119","FA","","0","0","-","0","0","0","0","0","0","0","0","0"
"*051pk*","Justin James","(N/A)","G,F","","1120","FA","","0","0","-","0","0","0","0","0","0","0","0","0"
"*041f7*","Mike James","(N/A)","G","","1121","FA","","0","0","-","0","0","0","0","0","0","0","0","0"
"*0483j*","Stefan Jankovic","(N/A)","F","","1122","FA","","0","0","-","0","0","0","0","0","0","0","0","0"
"*04exl*","Ognen Jaramaz","NY","G","","1123","FA","PHI Wed 7:00AM","0","0","-","0","0","0","0","0","0","0","0","0"
"*031me*","Livio Jean-Charles","(N/A)","F","","1124","FA","","0","0","-","0","0","0","0","0","0","0","0","0"
"*04l1w*","Amile Jefferson","(N/A)","F","","1125","FA","","0","0","-","0","0","0","0","0","0","0","0","0"
"*05xoc*","Damien Jefferson","(N/A)","F","","1126","FA","","0","0","-","0","0","0","0","0","0","0","0","0"
"*076tj*","Joshua Jefferson","BKN","F","R","1127","FA","","0","0","-","0","0","0","0","0","0","0","0","0"
"*06375*","Drake Jeffries","(N/A)","G","","1128","FA","","0","0","-","0","0","0","0","0","0","0","0","0"
"*02nfn*","John Jenkins","(N/A)","G,F","","1129","FA","","0","0","-","0","0","0","0","0","0","0","0","0"
"*01enu*","Brandon Jennings","(N/A)","G","","1130","FA","","0","0","-","0","0","0","0","0","0","0","0","0"
"*05qu2*","Justinian Jessup","(N/A)","G","","1131","FA","","0","0","-","0","0","0","0","0","0","0","0","0"
"*0623j*","Theo John","(N/A)","F","","1132","FA","","0","0","-","0","0","0","0","0","0","0","0","0"
"*04qsq*","Alize Johnson","(N/A)","F","","1133","FA","","0","0","-","0","0","0","0","0","0","0","0","0"
"*04w4k*","BJ Johnson","(N/A)","F","","1134","FA","","0","0","-","0","0","0","0","0","0","0","0","0"
"*042nk*","Brice Johnson","(N/A)","F","","1135","FA","","0","0","-","0","0","0","0","0","0","0","0","0"
"*03r81*","Dakari Johnson","(N/A)","C","","1136","FA","","0","0","-","0","0","0","0","0","0","0","0","0"
"*05ujl*","David Johnson","(N/A)","G","","1137","FA","","0","0","-","0","0","0","0","0","0","0","0","0"
"*01en7*","James Johnson","(N/A)","F","","1138","FA","","0","0","-","0","0","0","0","0","0","0","0","0"
"*06hht*","Javan Johnson","(N/A)","F","","1139","FA","","0","0","-","0","0","0","0","0","0","0","0","0"
"*04lbu*","Jaylen Johnson","(N/A)","F","","1140","FA","","0","0","-","0","0","0","0","0","0","0","0","0"
"*05uiv*","Keon Johnson","(N/A)","G","","1141","FA","","0","0","-","0","0","0","0","0","0","0","0","0"
"*06cd7*","Keyontae Johnson","(N/A)","F","","1142","FA","","0","0","-","0","0","0","0","0","0","0","0","0"
"*03e76*","Nick Johnson","(N/A)","G","","1144","FA","","0","0","-","0","0","0","0","0","0","0","0","0"
"*03nwj*","Stanley Johnson","(N/A)","F","","1145","FA","","0","0","-","0","0","0","0","0","0","0","0","0"
"*03hz1*","Tyler Johnson","(N/A)","G","","1146","FA","","0","0","-","0","0","0","0","0","0","0","0","0"
"*02ngj*","Darius Johnson-Odom","(N/A)","G","","1147","FA","","0","0","-","0","0","0","0","0","0","0","0","0"
"*06hsk*","Jarkel Joiner","(N/A)","G","","1148","FA","","0","0","-","0","0","0","0","0","0","0","0","0"
"*04l1s*","Peter Jok","(N/A)","G","","1149","FA","","0","0","-","0","0","0","0","0","0","0","0","0"
"*05uj8*","Rokas Jokubaitis","(N/A)","G","","1150","FA","","0","0","-","0","0","0","0","0","0","0","0","0"
"*05ux5*","Carlik Jones","(N/A)","G","","1151","FA","","0","0","-","0","0","0","0","0","0","0","0","0"
"*042nr*","Damian Jones","(N/A)","C","","1152","FA","","0","0","-","0","0","0","0","0","0","0","0","0"
"*0484k*","Jalen Jones","(N/A)","G,F","","1153","FA","","0","0","-","0","0","0","0","0","0","0","0","0"
"*04za3*","Jemerrio Jones","(N/A)","G,F","","1154","FA","","0","0","-","0","0","0","0","0","0","0","0","0"
"*05uit*","Kai Jones","(N/A)","C","","1155","FA","","0","0","-","0","0","0","0","0","0","0","0","0"
"*076ua*","Lajae Jones","GS","G","R","1156","FA","","0","0","-","0","0","0","0","0","0","0","0","0"
"*06mon*","Lance Jones","(N/A)","G","","1157","FA","","0","0","-","0","0","0","0","0","0","0","0","0"
"*05qy1*","Mason Jones","(N/A)","G","","1158","FA","","0","0","-","0","0","0","0","0","0","0","0","0"
"*02nfs*","Perry Jones","(N/A)","F","","1159","FA","","0","0","-","0","0","0","0","0","0","0","0","0"
"*02nfi*","Terrence Jones","HOU","F","","1160","FA","","0","0","-","0","0","0","0","0","0","0","0","0"
"*06hik*","Tevian Jones","(N/A)","G","","1161","FA","","0","0","-","0","0","0","0","0","0","0","0","0"
"*027pf*","Cory Joseph","(N/A)","G","","1162","FA","","0","0","-","0","0","0","0","0","0","0","0","0"
"*06hki*","Keshawn Justice","(N/A)","F","","1163","FA","","0","0","-","0","0","0","0","0","0","0","0","0"
"*04exn*","Alpha Kaba","ATL","F","","1164","FA","","0","0","-","0","0","0","0","0","0","0","0","0"
"*051p7*","Mfiondu Kabengele","(N/A)","F,C","","1165","FA","","0","0","-","0","0","0","0","0","0","0","0","0"
"*0393u*","Myck Kabongo","(N/A)","G","","1166","FA","","0","0","-","0","0","0","0","0","0","0","0","0"
"*05ujy*","Georgios Kalaitzakis","(N/A)","F","","1167","FA","","0","0","-","0","0","0","0","0","0","0","0","0"
"*04414*","Nikola Kalinic","(N/A)","F","","1168","FA","","0","0","-","0","0","0","0","0","0","0","0","0"
"*06hrt*","Gabe Kalscheur","(N/A)","G","","1169","FA","","0","0","-","0","0","0","0","0","0","0","0","0"
"*06z7t*","Arthur Kaluma","LAL","F","R","1170","FA","","0","0","-","0","0","0","0","0","0","0","0","0"
"*06229*","Ismael Kamagate","(N/A)","C","","1171","FA","","0","0","-","0","0","0","0","0","0","0","0","0"
"*03nwo*","Frank Kaminsky","(N/A)","C","","1172","FA","","0","0","-","0","0","0","0","0","0","0","0","0"
"*027p2*","Enes Kanter","(N/A)","C","","1173","FA","","0","0","-","0","0","0","0","0","0","0","0","0"
"*076t5*","Alex Karaban","SAC","F","R","1174","FA","","0","0","-","0","0","0","0","0","0","0","0","0"
"*076ue*","Trey Kaufman-Renn","MIN","F","R","1175","FA","","0","0","-","0","0","0","0","0","0","0","0","0"
"*076tr*","Jack Kayil","NY","G","R","1176","FA","PHI Wed 7:00AM","0","0","-","0","0","0","0","0","0","0","0","0"
"*06pst*","Kylor Kelley","(N/A)","C","","1177","FA","","0","0","-","0","0","0","0","0","0","0","0","0"
"*02j7d*","D.J. Kennedy","(N/A)","G,F","","1178","FA","","0","0","-","0","0","0","0","0","0","0","0","0"
"*05ycx*","Braxton Key","(N/A)","F","","1179","FA","","0","0","-","0","0","0","0","0","0","0","0","0"
"*074lu*","Tyreke Key","(N/A)","G","","1180","FA","","0","0","-","0","0","0","0","0","0","0","0","0"
"*052ld*","Stanton Kidd","(N/A)","F","","1181","FA","","0","0","-","0","0","0","0","0","0","0","0","0"
"*02nf2*","Michael Kidd-Gilchrist","(N/A)","F","","1182","FA","","0","0","-","0","0","0","0","0","0","0","0","0"
"*06376*","Sacha Killeya-Jones","(N/A)","F","","1183","FA","","0","0","-","0","0","0","0","0","0","0","0","0"
"*03lg0*","Sean Kilpatrick","(N/A)","G","","1184","FA","","0","0","-","0","0","0","0","0","0","0","0","0"
"*04qsz*","George King","(N/A)","G,F","","1185","FA","","0","0","-","0","0","0","0","0","0","0","0","0"
"*059qc*","Louis King","(N/A)","F","","1186","FA","","0","0","-","0","0","0","0","0","0","0","0","0"
"*06ces*","Mojave King","(N/A)","G","","1187","FA","","0","0","-","0","0","0","0","0","0","0","0","0"
"*059cl*","V.J. King","(N/A)","G","","1188","FA","","0","0","-","0","0","0","0","0","0","0","0","0"
"*06hif*","Taevion Kinsey","(N/A)","G","","1189","FA","","0","0","-","0","0","0","0","0","0","0","0","0"
"*0663u*","Noah Kirkwood","(N/A)","G","","1190","FA","","0","0","-","0","0","0","0","0","0","0","0","0"
"*0665a*","Reggie Kissoonlal","(N/A)","F","","1191","FA","","0","0","-","0","0","0","0","0","0","0","0","0"
"*027or*","Brandon Knight","(N/A)","G","","1192","FA","","0","0","-","0","0","0","0","0","0","0","0","0"
"*05qts*","Nathan Knight","(N/A)","F","","1193","FA","","0","0","-","0","0","0","0","0","0","0","0","0"
"*049kh*","Kevin Knox","(N/A)","F","","1194","FA","","0","0","-","0","0","0","0","0","0","0","0","0"
"*04jw9*","Bronson Koenig","(N/A)","G","","1195","FA","","0","0","-","0","0","0","0","0","0","0","0","0"
"*059cb*","Sagaba Konate","(N/A)","F","","1196","FA","","0","0","-","0","0","0","0","0","0","0","0","0"
"*06q9l*","Miller Kopp","(N/A)","F","","1197","FA","","0","0","-","0","0","0","0","0","0","0","0","0"
"*05ujv*","Balsa Koprivica","(N/A)","C","","1198","FA","","0","0","-","0","0","0","0","0","0","0","0","0"
"*042nl*","Furkan Korkmaz","(N/A)","G","","1199","FA","","0","0","-","0","0","0","0","0","0","0","0","0"
"*059g1*","Christ Koumadje","(N/A)","C","","1200","FA","","0","0","-","0","0","0","0","0","0","0","0","0"
"*059ik*","David Kramer","(N/A)","G","","1201","FA","","0","0","-","0","0","0","0","0","0","0","0","0"
"*06452*","Tommy Kuhse","(N/A)","G","","1202","FA","","0","0","-","0","0","0","0","0","0","0","0","0"
"*04qsv*","Arnoldas Kulboka","(N/A)","F","","1203","FA","","0","0","-","0","0","0","0","0","0","0","0","0"
"*04qsh*","Rodions Kurucs","(N/A)","F","","1204","FA","","0","0","-","0","0","0","0","0","0","0","0","0"
"*043pn*","Mindaugas Kuzminskas","(N/A)","F","","1205","FA","","0","0","-","0","0","0","0","0","0","0","0","0"
"*03se2*","Michale Kyser","(N/A)","F","","1206","FA","","0","0","-","0","0","0","0","0","0","0","0","0"
"*059y6*","Trevor Lacey","(N/A)","G","","1207","FA","","0","0","-","0","0","0","0","0","0","0","0","0"
"*05qvg*","Anthony Lamb","(N/A)","F","","1208","FA","","0","0","-","0","0","0","0","0","0","0","0","0"
"*02nfc*","Jeremy Lamb","(N/A)","G","","1209","FA","","0","0","-","0","0","0","0","0","0","0","0","0"
"*051ou*","Romeo Langford","(N/A)","G","","1210","FA","","0","0","-","0","0","0","0","0","0","0","0","0"
"*049dw*","Nicolas Laprovittola","(N/A)","G","","1211","FA","","0","0","-","0","0","0","0","0","0","0","0","0"
"*031m5*","Shane Larkin","(N/A)","G","","1212","FA","","0","0","-","0","0","0","0","0","0","0","0","0"
"*04tm1*","Terry Larrier","(N/A)","F","","1213","FA","","0","0","-","0","0","0","0","0","0","0","0","0"
"*031n5*","Joffrey Lauvergne","(N/A)","F,C","","1214","FA","","0","0","-","0","0","0","0","0","0","0","0","0"
"*055sh*","Vic Law","(N/A)","G,F","","1215","FA","","0","0","-","0","0","0","0","0","0","0","0","0"
"*076ub*","Tobi Lawal","DAL","F","R","1216","FA","","0","0","-","0","0","0","0","0","0","0","0","0"
"*059q4*","Dedric Lawson","(N/A)","F","","1217","FA","","0","0","-","0","0","0","0","0","0","0","0","0"
"*042o6*","Jake Layman","(N/A)","F","","1218","FA","","0","0","-","0","0","0","0","0","0","0","0","0"
"*04ewj*","T.J. Leaf","(N/A)","F","","1220","FA","","0","0","-","0","0","0","0","0","0","0","0","0"
"*0524h*","Jalen Lecque","(N/A)","G","","1221","FA","","0","0","-","0","0","0","0","0","0","0","0","0"
"*06psp*","Jaedon LeDee","(N/A)","F","","1219","FA","","0","0","-","0","0","0","0","0","0","0","0","0"
"*0484l*","Damion Lee","(N/A)","G","","1222","FA","","0","0","-","0","0","0","0","0","0","0","0","0"
"*04uwn*","Marcus Lee","(N/A)","C","","1223","FA","","0","0","-","0","0","0","0","0","0","0","0","0"
"*05qu4*","Saben Lee","(N/A)","G","","1224","FA","","0","0","-","0","0","0","0","0","0","0","0","0"
"*04mus*","Walt Lemon Jr.","(N/A)","F","","1225","FA","","0","0","-","0","0","0","0","0","0","0","0","0"
"*031ls*","Alex Len","(N/A)","C","","1226","FA","","0","0","-","0","0","0","0","0","0","0","0","0"
"*02nfb*","Meyers Leonard","(N/A)","C","","1228","FA","","0","0","-","0","0","0","0","0","0","0","0","0"
"*04exd*","Mathias Lessort","(N/A)","F","","1229","FA","","0","0","-","0","0","0","0","0","0","0","0","0"
"*0623f*","Justin Lewis","(N/A)","F","","1230","FA","","0","0","-","0","0","0","0","0","0","0","0","0"
"*05qtc*","Kira Lewis","(N/A)","G","","1231","FA","","0","0","-","0","0","0","0","0","0","0","0","0"
"*076ug*","Malique Lewis","MIL","F","R","1232","FA","","0","0","-","0","0","0","0","0","0","0","0","0"
"*05wy5*","Matt Lewis","(N/A)","G","","1233","FA","","0","0","-","0","0","0","0","0","0","0","0","0"
"*06cdg*","Maxwell Lewis","(N/A)","F","","1234","FA","","0","0","-","0","0","0","0","0","0","0","0","0"
"*05uju*","Scottie Lewis","(N/A)","G","","1235","FA","","0","0","-","0","0","0","0","0","0","0","0","0"
"*06h8i*","Scottie Lindsey","(N/A)","G","","1237","FA","","0","0","-","0","0","0","0","0","0","0","0","0"
"*051p5*","Nassir Little","(N/A)","F","","1238","FA","","0","0","-","0","0","0","0","0","0","0","0","0"
"*06235*","Kenneth Lofton","(N/A)","F","","1239","FA","","0","0","-","0","0","0","0","0","0","0","0","0"
"*04vy1*","Zach Lofton","(N/A)","G","","1240","FA","","0","0","-","0","0","0","0","0","0","0","0","0"
"*04846*","Shawn Long","(N/A)","F,C","","1241","FA","","0","0","-","0","0","0","0","0","0","0","0","0"
"*076t3*","Karim Lopez","MEM","F","R","1242","FA","","0","0","-","0","0","0","0","0","0","0","0","0"
"*051pf*","Didi Louzada","(N/A)","G","","1243","FA","","0","0","-","0","0","0","0","0","0","0","0","0"
"*04uq4*","Jordan Loyd","(N/A)","G","","1244","FA","","0","0","-","0","0","0","0","0","0","0","0","0"
"*06vxz*","RJ Luis","(N/A)","G,F","","1245","FA","","0","0","-","0","0","0","0","0","0","0","0","0"
"*060me*","Iffe Lundberg","(N/A)","G","","1246","FA","","0","0","-","0","0","0","0","0","0","0","0","0"
"*06cd0*","Seth Lundy","(N/A)","F","","1247","FA","","0","0","-","0","0","0","0","0","0","0","0","0"
"*042nj*","Timothe Luwawu-Cabarrot","(N/A)","F","","1248","FA","","0","0","-","0","0","0","0","0","0","0","0","0"
"*04ewo*","Tyler Lydon","(N/A)","F","","1249","FA","","0","0","-","0","0","0","0","0","0","0","0","0"
"*03ad5*","Trey Lyles","MIN","F","","1250","FA","","0","0","-","0","0","0","0","0","0","0","0","0"
"*043cl*","Sheldon Mac","(N/A)","G","","1251","FA","","0","0","-","0","0","0","0","0","0","0","0","0"
"*02wcx*","Scott Machado","LAL","G","","1252","FA","","0","0","-","0","0","0","0","0","0","0","0","0"
"*027pj*","Shelvin Mack","(N/A)","G","","1253","FA","","0","0","-","0","0","0","0","0","0","0","0","0"
"*04xgh*","Daryl Macon","(N/A)","G","","1254","FA","","0","0","-","0","0","0","0","0","0","0","0","0"
"*04xhr*","J.P. Macura","CLE","G","","1255","FA","","0","0","-","0","0","0","0","0","0","0","0","0"
"*05qt2*","Yam Madar","(N/A)","G","","1256","FA","","0","0","-","0","0","0","0","0","0","0","0","0"
"*0728o*","Gabe Madsen","(N/A)","G","","1257","FA","","0","0","-","0","0","0","0","0","0","0","0","0"
"*03zl4*","Josh Magette","(N/A)","G","","1258","FA","","0","0","-","0","0","0","0","0","0","0","0","0"
"*05qz2*","Will Magnay","(N/A)","F,C","","1259","FA","","0","0","-","0","0","0","0","0","0","0","0","0"
"*05xn9*","Denzel Mahoney","(N/A)","G","","1260","FA","","0","0","-","0","0","0","0","0","0","0","0","0"
"*063rs*","Makur Maker","(N/A)","C","","1261","FA","","0","0","-","0","0","0","0","0","0","0","0","0"
"*059y7*","Matur Maker","(N/A)","C","","1262","FA","","0","0","-","0","0","0","0","0","0","0","0","0"
"*03lgm*","Thon Maker","(N/A)","F,C","","1263","FA","","0","0","-","0","0","0","0","0","0","0","0","0"
"*06hqq*","Hunter Maldonado","(N/A)","G","","1264","FA","","0","0","-","0","0","0","0","0","0","0","0","0"
"*05qsr*","Theo Maledon","(N/A)","G","","1265","FA","","0","0","-","0","0","0","0","0","0","0","0","0"
"*05qy9*","Karim Mane","(N/A)","G","","1266","FA","","0","0","-","0","0","0","0","0","0","0","0","0"
"*06hpm*","Kyle Mangas","(N/A)","G","","1267","FA","","0","0","-","0","0","0","0","0","0","0","0","0"
"*05qu3*","Nico Mannion","(N/A)","G","","1268","FA","","0","0","-","0","0","0","0","0","0","0","0","0"
"*03e7j*","Devyn Marble","(N/A)","G,F","","1270","FA","","0","0","-","0","0","0","0","0","0","0","0","0"
"*06z7s*","Augustas Marciulionis","(N/A)","G","","1271","FA","","0","0","-","0","0","0","0","0","0","0","0","0"
"*051q4*","Vanja Marinkovic","(N/A)","G,F","","1272","FA","","0","0","-","0","0","0","0","0","0","0","0","0"
"*06v8d*","Bogoljub Markovic","MIL","F","R","1273","FA","","0","0","-","0","0","0","0","0","0","0","0","0"
"*03r7j*","Jarell Martin","(N/A)","F,C","","1274","FA","","0","0","-","0","0","0","0","0","0","0","0","0"
"*06ceo*","Jaylen Martin","(N/A)","F","","1275","FA","","0","0","-","0","0","0","0","0","0","0","0","0"
"*052c4*","Jeremiah Martin","(N/A)","G","","1276","FA","","0","0","-","0","0","0","0","0","0","0","0","0"
"*057a2*","Kelan Martin","(N/A)","F","","1277","FA","","0","0","-","0","0","0","0","0","0","0","0","0"
"*05qym*","Kenyon Martin","(N/A)","F","","1278","FA","","0","0","-","0","0","0","0","0","0","0","0","0"
"*076tw*","Nick Martinelli","LAC","F","R","1279","FA","","0","0","-","0","0","0","0","0","0","0","0","0"
"*0725c*","Mitch Mascari","(N/A)","G","","1280","FA","","0","0","-","0","0","0","0","0","0","0","0","0"
"*04ewy*","Frank Mason","(N/A)","G","","1281","FA","","0","0","-","0","0","0","0","0","0","0","0","0"
"*06moe*","Yauhen Massalski","(N/A)","F","","1282","FA","","0","0","-","0","0","0","0","0","0","0","0","0"
"*059vz*","CJ Massinburg","(N/A)","G","","1283","FA","","0","0","-","0","0","0","0","0","0","0","0","0"
"*04xgl*","Yante Maten","(N/A)","F","","1284","FA","","0","0","-","0","0","0","0","0","0","0","0","0"
"*04jw2*","Mangok Mathiang","(N/A)","F,C","","1285","FA","","0","0","-","0","0","0","0","0","0","0","0","0"
"*055c5*","Dakota Mathias","(N/A)","G","","1286","FA","","0","0","-","0","0","0","0","0","0","0","0","0"
"*06yb4*","Cameron Matthews","(N/A)","F","","1287","FA","","0","0","-","0","0","0","0","0","0","0","0","0"
"*05qyo*","Charles Matthews","(N/A)","G","","1288","FA","","0","0","-","0","0","0","0","0","0","0","0","0"
"*055c6*","Luke Maye","(N/A)","F","","1289","FA","","0","0","-","0","0","0","0","0","0","0","0","0"
"*06he0*","Matthew Mayer","(N/A)","F","","1290","FA","","0","0","-","0","0","0","0","0","0","0","0","0"
"*05qtu*","Skylar Mays","(N/A)","G","","1291","FA","","0","0","-","0","0","0","0","0","0","0","0","0"
"*03jvs*","James Michael McAdoo","(N/A)","F","","1292","FA","","0","0","-","0","0","0","0","0","0","0","0","0"
"*04ll1*","Tahjere McCall","(N/A)","G","","1293","FA","","0","0","-","0","0","0","0","0","0","0","0","0"
"*042ny*","Patrick McCaw","(N/A)","G,F","","1294","FA","","0","0","-","0","0","0","0","0","0","0","0","0"
"*06hrm*","Caleb McConnell","(N/A)","G","","1295","FA","","0","0","-","0","0","0","0","0","0","0","0","0"
"*04uq7*","Brandon McCoy","(N/A)","C","","1296","FA","","0","0","-","0","0","0","0","0","0","0","0","0"
"*06304*","Javante McCoy","(N/A)","G","","1297","FA","","0","0","-","0","0","0","0","0","0","0","0","0"
"*04lci*","Erik McCree","(N/A)","F","","1298","FA","","0","0","-","0","0","0","0","0","0","0","0","0"
"*03ad6*","Chris McCullough","(N/A)","F","","1299","FA","","0","0","-","0","0","0","0","0","0","0","0","0"
"*051pw*","Jalen McDaniels","(N/A)","F","","1300","FA","","0","0","-","0","0","0","0","0","0","0","0","0"
"*03e6y*","K.J. McDaniels","(N/A)","F","","1301","FA","","0","0","-","0","0","0","0","0","0","0","0","0"
"*05qte*","Sean McDermott","(N/A)","F","","1302","FA","","0","0","-","0","0","0","0","0","0","0","0","0"
"*059fy*","William McDowell-White","(N/A)","G","","1303","FA","","0","0","-","0","0","0","0","0","0","0","0","0"
"*03e6p*","Mitch McGary","(N/A)","F,C","","1304","FA","","0","0","-","0","0","0","0","0","0","0","0","0"
"*06fpq*","Darius McGhee","(N/A)","G","","1305","FA","","0","0","-","0","0","0","0","0","0","0","0","0"
"*06prn*","Gabe McGlothan","(N/A)","F","","1306","FA","","0","0","-","0","0","0","0","0","0","0","0","0"
"*05xnj*","Cameron McGriff","(N/A)","F","","1307","FA","","0","0","-","0","0","0","0","0","0","0","0","0"
"*0392f*","Rodney McGruder","(N/A)","G","","1308","FA","","0","0","-","0","0","0","0","0","0","0","0","0"
"*04jwc*","Alfonzo McKinnie","(N/A)","F","","1309","FA","","0","0","-","0","0","0","0","0","0","0","0","0"
"*05wc6*","JaQuori McLaughlin","(N/A)","G","","1310","FA","","0","0","-","0","0","0","0","0","0","0","0","0"
"*031lu*","Ben McLemore","(N/A)","G","","1311","FA","","0","0","-","0","0","0","0","0","0","0","0","0"
"*06mom*","Jamuni McNeace","(N/A)","C","","1312","FA","","0","0","-","0","0","0","0","0","0","0","0","0"
"*03e7m*","Jordan McRae","(N/A)","G","","1313","FA","","0","0","-","0","0","0","0","0","0","0","0","0"
"*06muu*","Jack McVeigh","(N/A)","F","","1314","FA","","0","0","-","0","0","0","0","0","0","0","0","0"
"*04gwa*","Kennedy Meeks","(N/A)","C","","1315","FA","","0","0","-","0","0","0","0","0","0","0","0","0"
"*055bw*","Nicolo Melli","(N/A)","F","","1316","FA","","0","0","-","0","0","0","0","0","0","0","0","0"
"*02nfm*","Fab Melo","(N/A)","C","","1317","FA","","0","0","-","0","0","0","0","0","0","0","0","0"
"*06hdz*","Nathan Mensah","(N/A)","F,C","","1318","FA","","0","0","-","0","0","0","0","0","0","0","0","0"
"*04qsp*","Chimezie Metu","(N/A)","C","","1319","FA","","0","0","-","0","0","0","0","0","0","0","0","0"
"*03e7f*","Vasilije Micic","(N/A)","G,F","","1320","FA","","0","0","-","0","0","0","0","0","0","0","0","0"
"*03r7n*","Jordan Mickey","(N/A)","F,C","","1321","FA","","0","0","-","0","0","0","0","0","0","0","0","0"
"*059cg*","Eric Mika","(N/A)","C","","1322","FA","","0","0","-","0","0","0","0","0","0","0","0","0"
"*059g2*","Isaiah Miles","(N/A)","F","","1323","FA","","0","0","-","0","0","0","0","0","0","0","0","0"
"*06ceh*","Mike Miles","(N/A)","G","","1324","FA","","0","0","-","0","0","0","0","0","0","0","0","0"
"*0723h*","Igor Milicic","(N/A)","F","","1325","FA","","0","0","-","0","0","0","0","0","0","0","0","0"
"*076ty*","Baba Miller","LAC","F","R","1326","FA","","0","0","-","0","0","0","0","0","0","0","0","0"
"*02nga*","Darius Miller","(N/A)","G,F","","1327","FA","","0","0","-","0","0","0","0","0","0","0","0","0"
"*05wy4*","Isaiah Miller","(N/A)","G","","1328","FA","","0","0","-","0","0","0","0","0","0","0","0","0"
"*03woz*","Malcolm Miller","(N/A)","G,F","","1329","FA","","0","0","-","0","0","0","0","0","0","0","0","0"
"*06mol*","Seth Millner","(N/A)","F","","1330","FA","","0","0","-","0","0","0","0","0","0","0","0","0"
"*01eog*","Patty Mills","(N/A)","G","","1331","FA","","0","0","-","0","0","0","0","0","0","0","0","0"
"*04qsu*","Shake Milton","(N/A)","G","","1332","FA","","0","0","-","0","0","0","0","0","0","0","0","0"
"*03r7k*","Nikola Milutinov","(N/A)","C","","1333","FA","","0","0","-","0","0","0","0","0","0","0","0","0"
"*06avs*","Justin Minaya","(N/A)","F","","1334","FA","","0","0","-","0","0","0","0","0","0","0","0","0"
"*064to*","Davion Mintz","(N/A)","G","","1335","FA","","0","0","-","0","0","0","0","0","0","0","0","0"
"*06mou*","Judah Mintz","(N/A)","G","","1336","FA","","0","0","-","0","0","0","0","0","0","0","0","0"
"*027p8*","Nikola Mirotic","(N/A)","F","","1337","FA","","0","0","-","0","0","0","0","0","0","0","0","0"
"*076u2*","Dillon Mitchell","BOS","F","R","1338","FA","@DET Wed 3:00AM","0","0","-","0","0","0","0","0","0","0","0","0"
"*06qf7*","Trhae Mitchell","(N/A)","G","","1339","FA","","0","0","-","0","0","0","0","0","0","0","0","0"
"*04l17*","Naz Mitrou-Long","(N/A)","G","","1340","FA","","0","0","-","0","0","0","0","0","0","0","0","0"
"*0622c*","Isaiah Mobley","(N/A)","F","","1341","FA","","0","0","-","0","0","0","0","0","0","0","0","0"
"*06667*","Aminu Mohammed","(N/A)","G","","1342","FA","","0","0","-","0","0","0","0","0","0","0","0","0"
"*0524i*","Adam Mokoka","(N/A)","G","","1343","FA","","0","0","-","0","0","0","0","0","0","0","0","0"
"*0623i*","Iverson Molinar","(N/A)","G","","1344","FA","","0","0","-","0","0","0","0","0","0","0","0","0"
"*062xs*","Chima Moneke","(N/A)","F","","1345","FA","","0","0","-","0","0","0","0","0","0","0","0","0"
"*01uyg*","Greg Monroe","(N/A)","C","","1346","FA","","0","0","-","0","0","0","0","0","0","0","0","0"
"*03rxk*","Luis Montero","(N/A)","F","","1347","FA","","0","0","-","0","0","0","0","0","0","0","0","0"
"*05qz8*","EJ Montgomery","(N/A)","F","","1348","FA","","0","0","-","0","0","0","0","0","0","0","0","0"
"*05ya2*","Xavier Moon","(N/A)","G","","1349","FA","","0","0","-","0","0","0","0","0","0","0","0","0"
"*0590n*","Matt Mooney","(N/A)","G","","1350","FA","","0","0","-","0","0","0","0","0","0","0","0","0"
"*04j1u*","Ben Moore","(N/A)","F","","1351","FA","","0","0","-","0","0","0","0","0","0","0","0","0"
"*04vxx*","Doral Moore","(N/A)","C","","1352","FA","","0","0","-","0","0","0","0","0","0","0","0","0"
"*0729i*","Isaih Moore","(N/A)","F","","1353","FA","","0","0","-","0","0","0","0","0","0","0","0","0"
"*06cej*","Omari Moore","(N/A)","G,F","","1354","FA","","0","0","-","0","0","0","0","0","0","0","0","0"
"*06ho4*","Taze Moore","(N/A)","G","","1355","FA","","0","0","-","0","0","0","0","0","0","0","0","0"
"*03gyn*","Eric Moreland","(N/A)","F","","1356","FA","","0","0","-","0","0","0","0","0","0","0","0","0"
"*04jw7*","Jeremy Morgan","(N/A)","G","","1357","FA","","0","0","-","0","0","0","0","0","0","0","0","0"
"*058a2*","Juwan Morgan","(N/A)","F","","1358","FA","","0","0","-","0","0","0","0","0","0","0","0","0"
"*06mns*","Matt Morgan","(N/A)","G","","1359","FA","","0","0","-","0","0","0","0","0","0","0","0","0"
"*027pq*","Darius Morris","(N/A)","G","","1360","FA","","0","0","-","0","0","0","0","0","0","0","0","0"
"*04mx3*","Jaylen Morris","(N/A)","G","","1361","FA","","0","0","-","0","0","0","0","0","0","0","0","0"
"*027oy*","Marcus Morris","(N/A)","F","","1362","FA","","0","0","-","0","0","0","0","0","0","0","0","0"
"*027ox*","Markieff Morris","(N/A)","F","","1363","FA","","0","0","-","0","0","0","0","0","0","0","0","0"
"*0663x*","Darryl Morsell","(N/A)","G","","1364","FA","","0","0","-","0","0","0","0","0","0","0","0","0"
"*027p5*","Donatas Motiejunas","(N/A)","F,C","","1365","FA","","0","0","-","0","0","0","0","0","0","0","0","0"
"*04fj7*","Johnathan Motley","(N/A)","F","","1366","FA","","0","0","-","0","0","0","0","0","0","0","0","0"
"*05r1s*","Trey Mourning","(N/A)","F","","1367","FA","","0","0","-","0","0","0","0","0","0","0","0","0"
"*03acz*","Emmanuel Mudiay","(N/A)","G","","1368","FA","","0","0","-","0","0","0","0","0","0","0","0","0"
"*031m1*","Shabazz Muhammad","(N/A)","G,F","","1369","FA","","0","0","-","0","0","0","0","0","0","0","0","0"
"*059ft*","Mychal Mulder","(N/A)","G","","1370","FA","","0","0","-","0","0","0","0","0","0","0","0","0"
"*05qz5*","Ade Murkey","(N/A)","G","","1371","FA","","0","0","-","0","0","0","0","0","0","0","0","0"
"*06moc*","Grayson Murphy","(N/A)","G","","1372","FA","","0","0","-","0","0","0","0","0","0","0","0","0"
"*059cx*","Jordan Murphy","(N/A)","G","","1373","FA","","0","0","-","0","0","0","0","0","0","0","0","0"
"*0723j*","Matthew Murrell","(N/A)","G","","1374","FA","","0","0","-","0","0","0","0","0","0","0","0","0"
"*04qs6*","Dzanan Musa","(N/A)","F","","1375","FA","","0","0","-","0","0","0","0","0","0","0","0","0"
"*042oh*","Abdel Nader","(N/A)","F","","1376","FA","","0","0","-","0","0","0","0","0","0","0","0","0"
"*06vy0*","Eli John Ndiaye","(N/A)","F","","1377","FA","","0","0","-","0","0","0","0","0","0","0","0","0"
"*076u9*","Izaiyah Nelson","ORL","F","R","1378","FA","","0","0","-","0","0","0","0","0","0","0","0","0"
"*06moh*","Jameer Nelson","(N/A)","G","","1379","FA","","0","0","-","0","0","0","0","0","0","0","0","0"
"*05wqk*","RJ Nembhard","(N/A)","G","","1380","FA","","0","0","-","0","0","0","0","0","0","0","0","0"
"*031mx*","Raul Neto","(N/A)","G","","1381","FA","","0","0","-","0","0","0","0","0","0","0","0","0"
"*03llw*","Malik Newman","(N/A)","G","","1382","FA","","0","0","-","0","0","0","0","0","0","0","0","0"
"*076tx*","Narcisse Ngoy","LAC","C","R","1383","FA","","0","0","-","0","0","0","0","0","0","0","0","0"
"*042o9*","Georges Niang","GS","F","","1384","FA","","0","0","-","0","0","0","0","0","0","0","0","0"
"*06va2*","Saliou Niang","(N/A)","F","","1385","FA","","0","0","-","0","0","0","0","0","0","0","0","0"
"*06moy*","Joirdon Nicholas","(N/A)","F","","1386","FA","","0","0","-","0","0","0","0","0","0","0","0","0"
"*076ts*","Tyler Nickel","NY","F","R","1387","FA","PHI Wed 7:00AM","0","0","-","0","0","0","0","0","0","0","0","0"
"*05vyx*","Daishen Nix","(N/A)","G","","1388","FA","","0","0","-","0","0","0","0","0","0","0","0","0"
"*06cbj*","James Nnaji","(N/A)","C","","1389","FA","","0","0","-","0","0","0","0","0","0","0","0","0"
"*04lbv*","Landry Nnoko","(N/A)","C","","1390","FA","","0","0","-","0","0","0","0","0","0","0","0","0"
"*031lt*","Nerlens Noel","(N/A)","C","","1391","FA","","0","0","-","0","0","0","0","0","0","0","0","0"
"*06eoe*","Obadiah Noel","(N/A)","G","","1392","FA","","0","0","-","0","0","0","0","0","0","0","0","0"
"*031m3*","Lucas Nogueira","(N/A)","F,C","","1393","FA","","0","0","-","0","0","0","0","0","0","0","0","0"
"*06hhm*","Landers Nolley","(N/A)","G","","1394","FA","","0","0","-","0","0","0","0","0","0","0","0","0"
"*06cp3*","Miles Norris","(N/A)","F","","1395","FA","","0","0","-","0","0","0","0","0","0","0","0","0"
"*0522v*","Zach Norvell","(N/A)","G","","1396","FA","","0","0","-","0","0","0","0","0","0","0","0","0"
"*051pn*","Jaylen Nowell","(N/A)","G","","1397","FA","","0","0","-","0","0","0","0","0","0","0","0","0"
"*06cer*","Markquis Nowell","(N/A)","G","","1398","FA","","0","0","-","0","0","0","0","0","0","0","0","0"
"*04416*","Frank Ntilikina","(N/A)","G","","1399","FA","","0","0","-","0","0","0","0","0","0","0","0","0"
"*06mli*","Juan Nunez","(N/A)","G","","1400","FA","","0","0","-","0","0","0","0","0","0","0","0","0"
"*04xgj*","Kendrick Nunn","(N/A)","G","","1401","FA","","0","0","-","0","0","0","0","0","0","0","0","0"
"*0393n*","James Nunnally","(N/A)","F","","1402","FA","","0","0","-","0","0","0","0","0","0","0","0","0"
"*04aqo*","David Nwaba","(N/A)","F","","1403","FA","","0","0","-","0","0","0","0","0","0","0","0","0"
"*05qt6*","Jordan Nwora","(N/A)","F","","1404","FA","","0","0","-","0","0","0","0","0","0","0","0","0"
"*0622h*","Yannick Nzosa","(N/A)","C","","1405","FA","","0","0","-","0","0","0","0","0","0","0","0","0"
"*03siq*","JJ O'Brien","(N/A)","F","","1406","FA","","0","0","-","0","0","0","0","0","0","0","0","0"
"*03e72*","Johnny O'Bryant III","(N/A)","F","","1407","FA","","0","0","-","0","0","0","0","0","0","0","0","0"
"*0484a*","Daniel Ochefu","(N/A)","C","","1411","FA","","0","0","-","0","0","0","0","0","0","0","0","0"
"*06669*","Alex O'Connell","(N/A)","G","","1408","FA","","0","0","-","0","0","0","0","0","0","0","0","0"
"*059il*","Norense Odiase","(N/A)","C","","1412","FA","","0","0","-","0","0","0","0","0","0","0","0","0"
"*04ex0*","Semi Ojeleye","(N/A)","F","","1413","FA","","0","0","-","0","0","0","0","0","0","0","0","0"
"*03ad1*","Jahlil Okafor","(N/A)","C","","1414","FA","","0","0","-","0","0","0","0","0","0","0","0","0"
"*051ow*","Chuma Okeke","(N/A)","F","","1415","FA","","0","0","-","0","0","0","0","0","0","0","0","0"
"*076uh*","AK Okereke","LAL","F","R","1416","FA","","0","0","-","0","0","0","0","0","0","0","0","0"
"*04qs8*","Elie Okobo","(N/A)","G","","1417","FA","","0","0","-","0","0","0","0","0","0","0","0","0"
"*076t4*","Ebuka Okorie","DET","G","R","1418","FA","BOS Wed 3:00AM","0","0","-","0","0","0","0","0","0","0","0","0"
"*051pc*","KZ Okpala","(N/A)","F","","1419","FA","","0","0","-","0","0","0","0","0","0","0","0","0"
"*076tu*","Felix Okpara","WAS","C","R","1420","FA","","0","0","-","0","0","0","0","0","0","0","0","0"
"*031lp*","Victor Oladipo","(N/A)","G","","1421","FA","","0","0","-","0","0","0","0","0","0","0","0","0"
"*06mob*","Quincy Olivari","(N/A)","G","","1422","FA","","0","0","-","0","0","0","0","0","0","0","0","0"
"*04fj9*","Cameron Oliver","(N/A)","F","","1423","FA","","0","0","-","0","0","0","0","0","0","0","0","0"
"*05uuo*","Eugene Omoruyi","(N/A)","F","","1424","FA","","0","0","-","0","0","0","0","0","0","0","0","0"
"*04xic*","Nuni Omot","(N/A)","F","","1425","FA","","0","0","-","0","0","0","0","0","0","0","0","0"
"*06239*","Shareef O'Neal","(N/A)","F","","1409","FA","","0","0","-","0","0","0","0","0","0","0","0","0"
"*06hie*","Nick Ongenda","(N/A)","C","","1426","FA","","0","0","-","0","0","0","0","0","0","0","0","0"
"*051q2*","Miye Oni","(N/A)","G","","1427","FA","","0","0","-","0","0","0","0","0","0","0","0","0"
"*05ux2*","EJ Onu","(N/A)","F","","1428","FA","","0","0","-","0","0","0","0","0","0","0","0","0"
"*042nx*","Chinanu Onuaku","(N/A)","F,C","","1429","FA","","0","0","-","0","0","0","0","0","0","0","0","0"
"*076tt*","Ugonna Onyenso","DET","C","R","1430","FA","BOS Wed 3:00AM","0","0","-","0","0","0","0","0","0","0","0","0"
"*02ngd*","Kyle O'Quinn","(N/A)","F,C","","1410","FA","","0","0","-","0","0","0","0","0","0","0","0","0"
"*06prm*","Gabe Osabuohien","(N/A)","F","","1431","FA","","0","0","-","0","0","0","0","0","0","0","0","0"
"*031n1*","Romero Osby","(N/A)","F","","1432","FA","","0","0","-","0","0","0","0","0","0","0","0","0"
"*03r7m*","Cedi Osman","(N/A)","F","","1433","FA","","0","0","-","0","0","0","0","0","0","0","0","0"
"*05que*","Daniel Oturu","(N/A)","C","","1434","FA","","0","0","-","0","0","0","0","0","0","0","0","0"
"*04hon*","Yakuba Ouattara","(N/A)","G","","1435","FA","","0","0","-","0","0","0","0","0","0","0","0","0"
"*076u7*","Otega Oweh","OKC","G","R","1436","FA","@SA Wed 9:30AM","0","0","-","0","0","0","0","0","0","0","0","0"
"*059im*","Tariq Owens","(N/A)","F","","1437","FA","","0","0","-","0","0","0","0","0","0","0","0","0"
"*05ybc*","Jaysean Paige","(N/A)","G","","1438","FA","","0","0","-","0","0","0","0","0","0","0","0","0"
"*042oe*","Marcus Paige","(N/A)","G","","1439","FA","","0","0","-","0","0","0","0","0","0","0","0","0"
"*059qa*","James Palmer Jr.","(N/A)","G","","1440","FA","","0","0","-","0","0","0","0","0","0","0","0","0"
"*05yaa*","Trayvon Palmer","(N/A)","G","","1441","FA","","0","0","-","0","0","0","0","0","0","0","0","0"
"*05wn0*","Kevin Pangos","(N/A)","G","","1442","FA","","0","0","-","0","0","0","0","0","0","0","0","0"
"*042n9*","Georgios Papagiannis","(N/A)","C","","1443","FA","","0","0","-","0","0","0","0","0","0","0","0","0"
"*02ngc*","Kostas Papanikolaou","(N/A)","F","","1444","FA","","0","0","-","0","0","0","0","0","0","0","0","0"
"*02v2t*","Jabari Parker","(N/A)","F","","1445","FA","","0","0","-","0","0","0","0","0","0","0","0","0"
"*051pl*","Eric Paschall","(N/A)","F","","1446","FA","","0","0","-","0","0","0","0","0","0","0","0","0"
"*04ewp*","Anzejs Pasecniks","(N/A)","C","","1447","FA","","0","0","-","0","0","0","0","0","0","0","0","0"
"*05qzb*","Devonte Patterson","(N/A)","F","","1448","FA","","0","0","-","0","0","0","0","0","0","0","0","0"
"*04ewh*","Justin Patton","(N/A)","C","","1449","FA","","0","0","-","0","0","0","0","0","0","0","0","0"
"*03e6m*","Elfrid Payton","(N/A)","G","","1450","FA","","0","0","-","0","0","0","0","0","0","0","0","0"
"*04l1u*","L.J. Peak","(N/A)","G","","1451","FA","","0","0","-","0","0","0","0","0","0","0","0","0"
"*076tg*","Koa Peat","PHO","F","R","1452","FA","","0","0","-","0","0","0","0","0","0","0","0","0"
"*04vyd*","Norvel Pelle","(N/A)","C","","1453","FA","","0","0","-","0","0","0","0","0","0","0","0","0"
"*06mnq*","Drew Pember","(N/A)","F","","1454","FA","","0","0","-","0","0","0","0","0","0","0","0","0"
"*06kxd*","Maozinha Pereira","(N/A)","F","","1455","FA","","0","0","-","0","0","0","0","0","0","0","0","0"
"*059fw*","Josh Perkins","(N/A)","G","","1456","FA","","0","0","-","0","0","0","0","0","0","0","0","0"
"*04k4q*","London Perrantes","(N/A)","G","","1457","FA","","0","0","-","0","0","0","0","0","0","0","0","0"
"*05qsz*","Reggie Perry","(N/A)","F","","1458","FA","","0","0","-","0","0","0","0","0","0","0","0","0"
"*04exh*","Alec Peters","(N/A)","F","","1459","FA","","0","0","-","0","0","0","0","0","0","0","0","0"
"*059cm*","Lamar Peters","(N/A)","G","","1460","FA","","0","0","-","0","0","0","0","0","0","0","0","0"
"*05ujo*","Filip Petrusev","(N/A)","F,C","","1462","FA","","0","0","-","0","0","0","0","0","0","0","0","0"
"*05xog*","John Petty","(N/A)","G","","1463","FA","","0","0","-","0","0","0","0","0","0","0","0","0"
"*04zi8*","Tarik Phillip","(N/A)","G","","1464","FA","","0","0","-","0","0","0","0","0","0","0","0","0"
"*076sw*","Labaron Philon","PHI","G","R","1465","FA","@NY Wed 7:00AM","0","0","-","0","0","0","0","0","0","0","0","0"
"*05wvv*","Jamorko Pickett","(N/A)","F","","1466","FA","","0","0","-","0","0","0","0","0","0","0","0","0"
"*076u5*","Jaron Pierre","NO","G","R","1467","FA","","0","0","-","0","0","0","0","0","0","0","0","0"
"*07235*","Jonathan Pierre","(N/A)","F","","1468","FA","","0","0","-","0","0","0","0","0","0","0","0","0"
"*0665c*","Nate Pierre-Louis","(N/A)","F","","1469","FA","","0","0","-","0","0","0","0","0","0","0","0","0"
"*055ol*","Isaiah Pineiro","(N/A)","G","","1470","FA","","0","0","-","0","0","0","0","0","0","0","0","0"
"*04uq6*","Theo Pinson","(N/A)","G","","1471","FA","","0","0","-","0","0","0","0","0","0","0","0","0"
"*059vm*","Kavion Pippen","(N/A)","C","","1472","FA","","0","0","-","0","0","0","0","0","0","0","0","0"
"*043i5*","Marshall Plumlee","(N/A)","C","","1473","FA","","0","0","-","0","0","0","0","0","0","0","0","0"
"*03r86*","Sir'Dominic Pointer","(N/A)","F","","1474","FA","","0","0","-","0","0","0","0","0","0","0","0","0"
"*052h2*","Vincent Poirier","(N/A)","C","","1475","FA","","0","0","-","0","0","0","0","0","0","0","0","0"
"*05qud*","Aleksej Pokusevski","(N/A)","F","","1476","FA","","0","0","-","0","0","0","0","0","0","0","0","0"
"*06psv*","Tyler Polley","(N/A)","F","","1477","FA","","0","0","-","0","0","0","0","0","0","0","0","0"
"*059fz*","Shamorie Ponds","(N/A)","G","","1478","FA","","0","0","-","0","0","0","0","0","0","0","0","0"
"*05uum*","Yves Pons","(N/A)","F","","1479","FA","","0","0","-","0","0","0","0","0","0","0","0","0"
"*05gwp*","Jontay Porter","(N/A)","F,C","","1480","FA","","0","0","-","0","0","0","0","0","0","0","0","0"
"*031lq*","Otto Porter","(N/A)","F","","1481","FA","","0","0","-","0","0","0","0","0","0","0","0","0"
"*06gnp*","Justin Powell","(N/A)","G","","1482","FA","","0","0","-","0","0","0","0","0","0","0","0","0"
"*05qsv*","Myles Powell","(N/A)","G","","1483","FA","","0","0","-","0","0","0","0","0","0","0","0","0"
"*047j6*","Alex Poythress","(N/A)","F","","1484","FA","","0","0","-","0","0","0","0","0","0","0","0","0"
"*04rvz*","Billy Preston","(N/A)","F","","1485","FA","","0","0","-","0","0","0","0","0","0","0","0","0"
"*05uj7*","Jason Preston","(N/A)","G","","1486","FA","","0","0","-","0","0","0","0","0","0","0","0","0"
"*06mnt*","Charles Pride","(N/A)","G","","1487","FA","","0","0","-","0","0","0","0","0","0","0","0","0"
"*05uim*","Joshua Primo","(N/A)","G,F","","1488","FA","","0","0","-","0","0","0","0","0","0","0","0","0"
"*0621z*","Gabriele Procida","(N/A)","G","","1489","FA","","0","0","-","0","0","0","0","0","0","0","0","0"
"*042o2*","Zhou Qi","(N/A)","F","","1490","FA","","0","0","-","0","0","0","0","0","0","0","0","0"
"*076t8*","Jayden Quaintance","SA","F","R","1491","FA","OKC Wed 9:30AM","0","0","-","0","0","0","0","0","0","0","0","0"
"*044tf*","Tim Quarterman","(N/A)","G","","1492","FA","","0","0","-","0","0","0","0","0","0","0","0","0"
"*05qtg*","Trevelin Queen","(N/A)","G","","1493","FA","","0","0","-","0","0","0","0","0","0","0","0","0"
"*0623c*","Lester Quinones","(N/A)","G","","1494","FA","","0","0","-","0","0","0","0","0","0","0","0","0"
"*03llv*","Ivan Rabb","(N/A)","F","","1495","FA","","0","0","-","0","0","0","0","0","0","0","0","0"
"*05xo8*","Brandon Rachal","(N/A)","G","","1496","FA","","0","0","-","0","0","0","0","0","0","0","0","0"
"*06moj*","Tyrece Radford","(N/A)","G","","1497","FA","","0","0","-","0","0","0","0","0","0","0","0","0"
"*03r8a*","Nikola Radicevic","DEN","G","","1498","FA","","0","0","-","0","0","0","0","0","0","0","0","0"
"*05qtx*","Jahmi'us Ramsey","(N/A)","G","","1499","FA","","0","0","-","0","0","0","0","0","0","0","0","0"
"*045gs*","Chasson Randle","(N/A)","G","","1500","FA","","0","0","-","0","0","0","0","0","0","0","0","0"
"*03wp0*","Levi Randolph","(N/A)","G","","1501","FA","","0","0","-","0","0","0","0","0","0","0","0","0"
"*04k0r*","Xavier Rathan-Mayes","(N/A)","G","","1502","FA","","0","0","-","0","0","0","0","0","0","0","0","0"
"*055ok*","Josh Reaves","(N/A)","G","","1503","FA","","0","0","-","0","0","0","0","0","0","0","0","0"
"*051oq*","Cam Reddish","(N/A)","G,F","","1504","FA","","0","0","-","0","0","0","0","0","0","0","0","0"
"*04eww*","Davon Reed","(N/A)","G","","1505","FA","","0","0","-","0","0","0","0","0","0","0","0","0"
"*076t7*","Tarris Reed","SA","C","R","1506","FA","OKC Wed 9:30AM","0","0","-","0","0","0","0","0","0","0","0","0"
"*02x6i*","Willie Reed","(N/A)","F,C","","1507","FA","","0","0","-","0","0","0","0","0","0","0","0","0"
"*06pvu*","Alex Reese","(N/A)","F","","1508","FA","","0","0","-","0","0","0","0","0","0","0","0","0"
"*0664x*","A.J. Reeves","(N/A)","G","","1509","FA","","0","0","-","0","0","0","0","0","0","0","0","0"
"*05xkz*","Nate Renfro","(N/A)","F","","1510","FA","","0","0","-","0","0","0","0","0","0","0","0","0"
"*04xl8*","Cameron Reynolds","(N/A)","G,F","","1511","FA","","0","0","-","0","0","0","0","0","0","0","0","0"
"*063d0*","Jared Rhoden","(N/A)","G","","1512","FA","","0","0","-","0","0","0","0","0","0","0","0","0"
"*06cem*","Sir'Jabari Rice","(N/A)","G","","1513","FA","","0","0","-","0","0","0","0","0","0","0","0","0"
"*03r7u*","Josh Richardson","(N/A)","G","","1514","FA","","0","0","-","0","0","0","0","0","0","0","0","0"
"*042nh*","Malachi Richardson","(N/A)","G","","1515","FA","","0","0","-","0","0","0","0","0","0","0","0","0"
"*05qtp*","Grant Riller","(N/A)","G","","1516","FA","","0","0","-","0","0","0","0","0","0","0","0","0"
"*02nfa*","Austin Rivers","(N/A)","G","","1517","FA","","0","0","-","0","0","0","0","0","0","0","0","0"
"*06hil*","Liam Robbins","(N/A)","F,C","","1518","FA","","0","0","-","0","0","0","0","0","0","0","0","0"
"*031md*","Andre Roberson","(N/A)","G,F","","1519","FA","","0","0","-","0","0","0","0","0","0","0","0","0"
"*06hrv*","Nate Roberts","(N/A)","C","","1520","FA","","0","0","-","0","0","0","0","0","0","0","0","0"
"*04hop*","Devin Robinson","(N/A)","G,F","","1521","FA","","0","0","-","0","0","0","0","0","0","0","0","0"
"*06prj*","Galen Robinson","(N/A)","G","","1522","FA","","0","0","-","0","0","0","0","0","0","0","0","0"
"*03aqc*","Glenn Robinson","(N/A)","G,F","","1523","FA","","0","0","-","0","0","0","0","0","0","0","0","0"
"*04qrq*","Jerome Robinson","(N/A)","G","","1524","FA","","0","0","-","0","0","0","0","0","0","0","0","0"
"*056ap*","Justin Robinson","(N/A)","G","","1525","FA","","0","0","-","0","0","0","0","0","0","0","0","0"
"*051pp*","Isaiah Roby","(N/A)","F","","1526","FA","","0","0","-","0","0","0","0","0","0","0","0","0"
"*0723i*","DJ Rodman","(N/A)","G,F","","1527","FA","","0","0","-","0","0","0","0","0","0","0","0","0"
"*06mo8*","Jackson Rowe","(N/A)","F","","1528","FA","","0","0","-","0","0","0","0","0","0","0","0","0"
"*03nwl*","Terry Rozier","MIA","G","","1529","FA","","0","0","-","0","0","0","0","0","0","0","0","0"
"*06mo9*","Mantas Rubstavicius","(N/A)","G","","1530","FA","","0","0","-","0","0","0","0","0","0","0","0","0"
"*05xco*","Matt Ryan","(N/A)","F","","1531","FA","","0","0","-","0","0","0","0","0","0","0","0","0"
"*06moz*","Neal Sako","(N/A)","C","","1532","FA","","0","0","-","0","0","0","0","0","0","0","0","0"
"*051oz*","Luka Samanic","(N/A)","F","","1533","FA","","0","0","-","0","0","0","0","0","0","0","0","0"
"*04xm0*","Brandon Sampson","(N/A)","G","","1534","FA","","0","0","-","0","0","0","0","0","0","0","0","0"
"*03ku5*","JaKarr Sampson","(N/A)","F","","1535","FA","","0","0","-","0","0","0","0","0","0","0","0","0"
"*071oo*","Tyrese Samuel","(N/A)","F","","1536","FA","","0","0","-","0","0","0","0","0","0","0","0","0"
"*0666c*","Jermaine Samuels","(N/A)","F","","1537","FA","","0","0","-","0","0","0","0","0","0","0","0","0"
"*06cek*","Adama Sanogo","(N/A)","C","","1538","FA","","0","0","-","0","0","0","0","0","0","0","0","0"
"*04qsl*","Issuf Sanon","(N/A)","G","","1539","FA","","0","0","-","0","0","0","0","0","0","0","0","0"
"*02nfw*","Tomas Satoransky","(N/A)","G","","1540","FA","","0","0","-","0","0","0","0","0","0","0","0","0"
"*076ui*","Richie Saunders","MEM","G","R","1541","FA","","0","0","-","0","0","0","0","0","0","0","0","0"
"*05x7g*","Jordan Schakel","(N/A)","F","","1542","FA","","0","0","-","0","0","0","0","0","0","0","0","0"
"*051pm*","Admiral Schofield","(N/A)","F","","1543","FA","","0","0","-","0","0","0","0","0","0","0","0","0"
"*059xh*","Mike Scott","(N/A)","G","","1544","FA","","0","0","-","0","0","0","0","0","0","0","0","0"
"*03wou*","Shannon Scott","(N/A)","G","","1545","FA","","0","0","-","0","0","0","0","0","0","0","0","0"
"*05qsy*","Jay Scrubb","(N/A)","G","","1546","FA","","0","0","-","0","0","0","0","0","0","0","0","0"
"*0623k*","Dereon Seabron","(N/A)","G","","1547","FA","","0","0","-","0","0","0","0","0","0","0","0","0"
"*03byj*","Wayne Selden Jr.","(N/A)","G","","1548","FA","","0","0","-","0","0","0","0","0","0","0","0","0"
"*076ur*","Jaylin Sellers","CHI","G","R","1549","FA","","0","0","-","0","0","0","0","0","0","0","0","0"
"*05qyy*","Nate Sestina","(N/A)","F","","1550","FA","","0","0","-","0","0","0","0","0","0","0","0","0"
"*0729d*","Steve Settle","(N/A)","F","","1551","FA","","0","0","-","0","0","0","0","0","0","0","0","0"
"*0663t*","Jaden Shackelford","(N/A)","G","","1552","FA","","0","0","-","0","0","0","0","0","0","0","0","0"
"*076uj*","Emanuel Sharp","SAC","G","R","1553","FA","","0","0","-","0","0","0","0","0","0","0","0","0"
"*06nz5*","Jamarion Sharp","LAC","C","","1554","FA","","0","0","-","0","0","0","0","0","0","0","0","0"
"*051py*","Marial Shayok","(N/A)","G,F","","1555","FA","","0","0","-","0","0","0","0","0","0","0","0","0"
"*02ngi*","Tornike Shengelia","(N/A)","F","","1556","FA","","0","0","-","0","0","0","0","0","0","0","0","0"
"*059g5*","Simi Shittu","(N/A)","F,C","","1557","FA","","0","0","-","0","0","0","0","0","0","0","0","0"
"*05xp4*","Devontae Shuler","(N/A)","G","","1558","FA","","0","0","-","0","0","0","0","0","0","0","0","0"
"*0723k*","Christian Shumate","(N/A)","F","","1559","FA","","0","0","-","0","0","0","0","0","0","0","0","0"
"*027p1*","Iman Shumpert","(N/A)","G,F","","1560","FA","","0","0","-","0","0","0","0","0","0","0","0","0"
"*03wox*","Jordan Sibert","(N/A)","G","","1561","FA","","0","0","-","0","0","0","0","0","0","0","0","0"
"*052c5*","Chris Silva","(N/A)","F","","1562","FA","","0","0","-","0","0","0","0","0","0","0","0","0"
"*03se0*","Jonathon Simmons","(N/A)","G,F","","1564","FA","","0","0","-","0","0","0","0","0","0","0","0","0"
"*04is8*","Kobi Simmons","(N/A)","G","","1565","FA","","0","0","-","0","0","0","0","0","0","0","0","0"
"*05uw9*","Aamir Simms","(N/A)","F","","1566","FA","","0","0","-","0","0","0","0","0","0","0","0","0"
"*03lgl*","Justin Simon","(N/A)","G","","1567","FA","","0","0","-","0","0","0","0","0","0","0","0","0"
"*05qsm*","Marko Simonovic","(N/A)","C","","1568","FA","","0","0","-","0","0","0","0","0","0","0","0","0"
"*05qtz*","Zavier Simpson","(N/A)","G","","1569","FA","","0","0","-","0","0","0","0","0","0","0","0","0"
"*064s6*","Jaylen Sims","(N/A)","G","","1570","FA","","0","0","-","0","0","0","0","0","0","0","0","0"
"*051ph*","Deividas Sirvydis","(N/A)","G","","1571","FA","","0","0","-","0","0","0","0","0","0","0","0","0"
"*06iei*","Dmytro Skapintsev","(N/A)","C","","1572","FA","","0","0","-","0","0","0","0","0","0","0","0","0"
"*06mnv*","Brandon Slater","(N/A)","F","","1573","FA","","0","0","-","0","0","0","0","0","0","0","0","0"
"*051pj*","Alen Smailagic","(N/A)","F","","1574","FA","","0","0","-","0","0","0","0","0","0","0","0","0"
"*05wqq*","Javonte Smart","(N/A)","G","","1575","FA","","0","0","-","0","0","0","0","0","0","0","0","0"
"*076u6*","Braden Smith","IND","G","R","1576","FA","","0","0","-","0","0","0","0","0","0","0","0","0"
"*05uuk*","Chris Smith","(N/A)","G,F","","1577","FA","","0","0","-","0","0","0","0","0","0","0","0","0"
"*049s5*","Dennis Smith","(N/A)","G","","1578","FA","","0","0","-","0","0","0","0","0","0","0","0","0"
"*04xbb*","Scoochie Smith","(N/A)","G","","1579","FA","","0","0","-","0","0","0","0","0","0","0","0","0"
"*06cet*","Terquavion Smith","(N/A)","G","","1580","FA","","0","0","-","0","0","0","0","0","0","0","0","0"
"*04qrt*","Zhaire Smith","(N/A)","G","","1581","FA","","0","0","-","0","0","0","0","0","0","0","0","0"
"*05qvt*","Xavier Sneed","(N/A)","F","","1582","FA","","0","0","-","0","0","0","0","0","0","0","0","0"
"*031m7*","Tony Snell","(N/A)","G","","1583","FA","","0","0","-","0","0","0","0","0","0","0","0","0"
"*03kub*","Richard Solomon","OKC","F","","1584","FA","@SA Wed 9:30AM","0","0","-","0","0","0","0","0","0","0","0","0"
"*06v5i*","Thomas Sorber","OKC","F,C","","1585","FA","@SA Wed 9:30AM","0","0","-","0","0","0","0","0","0","0","0","0"
"*06moa*","Roman Sorkin","(N/A)","F","","1586","FA","","0","0","-","0","0","0","0","0","0","0","0","0"
"*0389e*","James Southerland","(N/A)","F","","1587","FA","","0","0","-","0","0","0","0","0","0","0","0","0"
"*0622d*","Matteo Spagnolo","(N/A)","G","","1588","FA","","0","0","-","0","0","0","0","0","0","0","0","0"
"*04qsw*","Ray Spalding","(N/A)","F","","1589","FA","","0","0","-","0","0","0","0","0","0","0","0","0"
"*04qs7*","Omari Spellman","(N/A)","F,C","","1590","FA","","0","0","-","0","0","0","0","0","0","0","0","0"
"*05uj2*","Jaden Springer","(N/A)","G","","1591","FA","","0","0","-","0","0","0","0","0","0","0","0","0"
"*05qt8*","Cassius Stanley","(N/A)","G","","1592","FA","","0","0","-","0","0","0","0","0","0","0","0","0"
"*04xhv*","Jonathan Stark","(N/A)","G","","1593","FA","","0","0","-","0","0","0","0","0","0","0","0","0"
"*03e6l*","Nik Stauskas","(N/A)","G","","1594","FA","","0","0","-","0","0","0","0","0","0","0","0","0"
"*06hso*","Jake Stephens","(N/A)","C","","1596","FA","","0","0","-","0","0","0","0","0","0","0","0","0"
"*01uza*","Lance Stephenson","(N/A)","F","","1597","FA","","0","0","-","0","0","0","0","0","0","0","0","0"
"*05qsj*","Lamar Stevens","(N/A)","F","","1598","FA","","0","0","-","0","0","0","0","0","0","0","0","0"
"*06qdx*","Erik Stevenson","(N/A)","G","","1599","FA","","0","0","-","0","0","0","0","0","0","0","0","0"
"*05xcn*","DJ Steward","(N/A)","G","","1600","FA","","0","0","-","0","0","0","0","0","0","0","0","0"
"*05wvy*","D.J. Stewart","(N/A)","G","","1601","FA","","0","0","-","0","0","0","0","0","0","0","0","0"
"*04xge*","Elijah Stewart","(N/A)","G","","1602","FA","","0","0","-","0","0","0","0","0","0","0","0","0"
"*078g2*","Kobe Stewart","(N/A)","G","R","1603","FA","","0","0","-","0","0","0","0","0","0","0","0","0"
"*076sv*","Bennett Stirtz","OKC","G","R","1604","FA","@SA Wed 9:30AM","0","0","-","0","0","0","0","0","0","0","0","0"
"*03ku8*","David Stockton","(N/A)","G","","1605","FA","","0","0","-","0","0","0","0","0","0","0","0","0"
"*03e71*","Jarnell Stokes","(N/A)","F","","1606","FA","","0","0","-","0","0","0","0","0","0","0","0","0"
"*03llt*","Diamond Stone","(N/A)","C","","1607","FA","","0","0","-","0","0","0","0","0","0","0","0","0"
"*076un*","Peter Suder","(N/A)","G","R","1608","FA","","0","0","-","0","0","0","0","0","0","0","0","0"
"*0480c*","Rasheed Sulaimon","(N/A)","G","","1609","FA","","0","0","-","0","0","0","0","0","0","0","0","0"
"*02nfl*","Jared Sullinger","(N/A)","F,C","","1610","FA","","0","0","-","0","0","0","0","0","0","0","0","0"
"*04exf*","Edmond Sumner","(N/A)","G","","1611","FA","","0","0","-","0","0","0","0","0","0","0","0","0"
"*05qvh*","Dwayne Sutton","(N/A)","F","","1612","FA","","0","0","-","0","0","0","0","0","0","0","0","0"
"*076t1*","Dailyn Swain","CHI","G","R","1613","FA","","0","0","-","0","0","0","0","0","0","0","0","0"
"*04ewq*","Caleb Swanigan","(N/A)","F,C","","1614","FA","","0","0","-","0","0","0","0","0","0","0","0","0"
"*0623n*","Cole Swider","(N/A)","F","","1615","FA","","0","0","-","0","0","0","0","0","0","0","0","0"
"*05ya8*","Craig Sword","(N/A)","G","","1616","FA","","0","0","-","0","0","0","0","0","0","0","0","0"
"*03wqx*","Keifer Sykes","(N/A)","G","","1617","FA","","0","0","-","0","0","0","0","0","0","0","0","0"
"*05x7f*","Anthony Tarke","(N/A)","G","","1618","FA","","0","0","-","0","0","0","0","0","0","0","0","0"
"*03e77*","Edy Tavares","(N/A)","C","","1619","FA","","0","0","-","0","0","0","0","0","0","0","0","0"
"*059ws*","BJ Taylor","(N/A)","G","","1620","FA","","0","0","-","0","0","0","0","0","0","0","0","0"
"*048yg*","Isaiah Taylor","(N/A)","G","","1621","FA","","0","0","-","0","0","0","0","0","0","0","0","0"
"*05qzj*","Marlon Taylor","(N/A)","G","","1622","FA","","0","0","-","0","0","0","0","0","0","0","0","0"
"*05uuj*","Terry Taylor","(N/A)","F","","1623","FA","","0","0","-","0","0","0","0","0","0","0","0","0"
"*05uux*","MaCio Teague","(N/A)","G","","1624","FA","","0","0","-","0","0","0","0","0","0","0","0","0"
"*02nft*","Marquis Teague","(N/A)","G","","1625","FA","","0","0","-","0","0","0","0","0","0","0","0","0"
"*06mo4*","Christian Terrell","(N/A)","G","","1626","FA","","0","0","-","0","0","0","0","0","0","0","0","0"
"*04xhw*","Jared Terrell","(N/A)","G","","1627","FA","","0","0","-","0","0","0","0","0","0","0","0","0"
"*04xk5*","Emanuel Terry","(N/A)","F","","1628","FA","","0","0","-","0","0","0","0","0","0","0","0","0"
"*05qth*","Tyrell Terry","(N/A)","G","","1629","FA","","0","0","-","0","0","0","0","0","0","0","0","0"
"*05qzo*","Jon Teske","(N/A)","C","","1630","FA","","0","0","-","0","0","0","0","0","0","0","0","0"
"*04hoo*","Daniel Theis","(N/A)","C","","1631","FA","","0","0","-","0","0","0","0","0","0","0","0","0"
"*0393m*","Adonis Thomas","(N/A)","F","","1632","FA","","0","0","-","0","0","0","0","0","0","0","0","0"
"*05qyv*","Brodric Thomas","(N/A)","G","","1633","FA","","0","0","-","0","0","0","0","0","0","0","0","0"
"*04qsf*","Khyri Thomas","(N/A)","G","","1634","FA","","0","0","-","0","0","0","0","0","0","0","0","0"
"*052q1*","Matt Thomas","(N/A)","G","","1635","FA","","0","0","-","0","0","0","0","0","0","0","0","0"
"*076u4*","Meleek Thomas","CLE","G","R","1636","FA","","0","0","-","0","0","0","0","0","0","0","0","0"
"*07245*","Saint Thomas","(N/A)","F","","1637","FA","","0","0","-","0","0","0","0","0","0","0","0","0"
"*027om*","Tristan Thompson","(N/A)","C","","1638","FA","","0","0","-","0","0","0","0","0","0","0","0","0"
"*05ujb*","JT Thor","(N/A)","F","","1639","FA","","0","0","-","0","0","0","0","0","0","0","0","0"
"*076u3*","Bruce Thornton","HOU","G","R","1640","FA","","0","0","-","0","0","0","0","0","0","0","0","0"
"*04exb*","Sindarius Thornwell","(N/A)","G","","1641","FA","","0","0","-","0","0","0","0","0","0","0","0","0"
"*05qwu*","Killian Tillie","(N/A)","C","","1642","FA","","0","0","-","0","0","0","0","0","0","0","0","0"
"*05ya9*","Justin Tillman","(N/A)","F","","1643","FA","","0","0","-","0","0","0","0","0","0","0","0","0"
"*05xnb*","Jeremiah Tilmon","(N/A)","C","","1644","FA","","0","0","-","0","0","0","0","0","0","0","0","0"
"*05qze*","Tres Tinkle","(N/A)","F","","1645","FA","","0","0","-","0","0","0","0","0","0","0","0","0"
"*044te*","Mike Tobey","(N/A)","C","","1646","FA","","0","0","-","0","0","0","0","0","0","0","0","0"
"*05uj5*","Isaiah Todd","(N/A)","F","","1647","FA","","0","0","-","0","0","0","0","0","0","0","0","0"
"*03l5d*","Yuki Togashi","(N/A)","G","","1648","FA","","0","0","-","0","0","0","0","0","0","0","0","0"
"*03r8b*","J.P. Tokoto","(N/A)","F","","1649","FA","","0","0","-","0","0","0","0","0","0","0","0","0"
"*06mpg*","Keisei Tominaga","(N/A)","G","","1650","FA","","0","0","-","0","0","0","0","0","0","0","0","0"
"*06hn1*","Au'Diese Toney","(N/A)","G","","1651","FA","","0","0","-","0","0","0","0","0","0","0","0","0"
"*06v8i*","Alex Toohey","GS","F","","1652","FA","","0","0","-","0","0","0","0","0","0","0","0","0"
"*05qz0*","Jake Toolson","(N/A)","G","","1653","FA","","0","0","-","0","0","0","0","0","0","0","0","0"
"*059q7*","Juan Toscano-Anderson","(N/A)","F","","1654","FA","","0","0","-","0","0","0","0","0","0","0","0","0"
"*03se3*","Axel Toupane","(N/A)","G","","1655","FA","","0","0","-","0","0","0","0","0","0","0","0","0"
"*07946*","Trey Townsend","(N/A)","F","","1656","FA","","0","0","-","0","0","0","0","0","0","0","0","0"
"*06mme*","Armel Traore","(N/A)","F","","1657","FA","","0","0","-","0","0","0","0","0","0","0","0","0"
"*06hpn*","Reid Travis","(N/A)","F","","1658","FA","","0","0","-","0","0","0","0","0","0","0","0","0"
"*03wo8*","Travis Trice II","(N/A)","G","","1659","FA","","0","0","-","0","0","0","0","0","0","0","0","0"
"*03lgk*","Allonzo Trier","(N/A)","G","","1660","FA","","0","0","-","0","0","0","0","0","0","0","0","0"
"*04l9b*","Melo Trimble","(N/A)","G","","1661","FA","","0","0","-","0","0","0","0","0","0","0","0","0"
"*05qye*","Jahlil Tripp","(N/A)","F","","1662","FA","","0","0","-","0","0","0","0","0","0","0","0","0"
"*06ceu*","Azuolas Tubelis","(N/A)","F","","1663","FA","","0","0","-","0","0","0","0","0","0","0","0","0"
"*06mov*","Jordan Tucker","(N/A)","F","","1664","FA","","0","0","-","0","0","0","0","0","0","0","0","0"
"*02q81*","P.J. Tucker","(N/A)","F","","1665","FA","","0","0","-","0","0","0","0","0","0","0","0","0"
"*059qe*","Rayjon Tucker","(N/A)","G","","1666","FA","","0","0","-","0","0","0","0","0","0","0","0","0"
"*06hru*","Ryan Turell","(N/A)","F","","1667","FA","","0","0","-","0","0","0","0","0","0","0","0","0"
"*05qxt*","Breein Tyree","(N/A)","G","","1668","FA","","0","0","-","0","0","0","0","0","0","0","0","0"
"*076v0*","Ernest Udeh","CLE","C","R","1669","FA","","0","0","-","0","0","0","0","0","0","0","0","0"
"*042nu*","Tyler Ulis","(N/A)","G","","1670","FA","","0","0","-","0","0","0","0","0","0","0","0","0"
"*03wkm*","Robert Upshaw","(N/A)","C","","1671","FA","","0","0","-","0","0","0","0","0","0","0","0","0"
"*04576*","Jarrod Uthoff","(N/A)","F","","1672","FA","","0","0","-","0","0","0","0","0","0","0","0","0"
"*042na*","Denzel Valentine","(N/A)","G","","1673","FA","","0","0","-","0","0","0","0","0","0","0","0","0"
"*06hi8*","Vincent Valerio-Bodon","(N/A)","F","","1674","FA","","0","0","-","0","0","0","0","0","0","0","0","0"
"*064s5*","Chandler Vaudrin","(N/A)","G","","1676","FA","","0","0","-","0","0","0","0","0","0","0","0","0"
"*03r7f*","Rashad Vaughn","(N/A)","G,F","","1677","FA","","0","0","-","0","0","0","0","0","0","0","0","0"
"*076u1*","Henri Veesaar","ATL","C","R","1678","FA","","0","0","-","0","0","0","0","0","0","0","0","0"
"*06mo3*","Santiago Vescovi","(N/A)","G","","1679","FA","","0","0","-","0","0","0","0","0","0","0","0","0"
"*04exk*","Aleksandar Vezenkov","(N/A)","F","","1680","FA","","0","0","-","0","0","0","0","0","0","0","0","0"
"*05rzi*","Luca Vildoza","(N/A)","G","","1681","FA","","0","0","-","0","0","0","0","0","0","0","0","0"
"*05r0e*","Christian Vital","(N/A)","G","","1682","FA","","0","0","-","0","0","0","0","0","0","0","0","0"
"*03apw*","Noah Vonleh","(N/A)","F,C","","1683","FA","","0","0","-","0","0","0","0","0","0","0","0","0"
"*05uue*","Ishmail Wainright","(N/A)","F","","1685","FA","","0","0","-","0","0","0","0","0","0","0","0","0"
"*02nf4*","Dion Waiters","(N/A)","G,F","","1686","FA","","0","0","-","0","0","0","0","0","0","0","0","0"
"*03wp1*","Corey Walden","(N/A)","G","","1687","FA","","0","0","-","0","0","0","0","0","0","0","0","0"
"*06fk6*","Jordan Walker","(N/A)","G","","1688","FA","","0","0","-","0","0","0","0","0","0","0","0","0"
"*04qrv*","Lonnie Walker","DEN","G","","1689","FA","","0","0","-","0","0","0","0","0","0","0","0","0"
"*05uwr*","M.J. Walker","(N/A)","G","","1690","FA","","0","0","-","0","0","0","0","0","0","0","0","0"
"*01sc8*","John Wall","(N/A)","G","","1691","FA","","0","0","-","0","0","0","0","0","0","0","0","0"
"*042oj*","Tyrone Wallace","(N/A)","G","","1692","FA","","0","0","-","0","0","0","0","0","0","0","0","0"
"*04jw8*","Derrick Walton","(N/A)","G","","1693","FA","","0","0","-","0","0","0","0","0","0","0","0","0"
"*06mok*","Tyson Ward","(N/A)","F","","1694","FA","","0","0","-","0","0","0","0","0","0","0","0","0"
"*048tg*","Jameel Warney","DAL","F","","1695","FA","","0","0","-","0","0","0","0","0","0","0","0","0"
"*03bxn*","T.J. Warren","(N/A)","F","","1696","FA","","0","0","-","0","0","0","0","0","0","0","0","0"
"*03xmk*","Julian Washburn","(N/A)","F","","1697","FA","","0","0","-","0","0","0","0","0","0","0","0","0"
"*05uuh*","Duane Washington","(N/A)","G","","1698","FA","","0","0","-","0","0","0","0","0","0","0","0","0"
"*06qf5*","Warren Washington","(N/A)","F","","1699","FA","","0","0","-","0","0","0","0","0","0","0","0","0"
"*04xhy*","Yuta Watanabe","(N/A)","F","","1700","FA","","0","0","-","0","0","0","0","0","0","0","0","0"
"*051pv*","Tremont Waters","(N/A)","G","","1701","FA","","0","0","-","0","0","0","0","0","0","0","0","0"
"*06mm0*","Anton Watson","(N/A)","F","","1702","FA","","0","0","-","0","0","0","0","0","0","0","0","0"
"*05xoa*","Ibi Watson","(N/A)","G","","1703","FA","","0","0","-","0","0","0","0","0","0","0","0","0"
"*04xlm*","Paul Watson","(N/A)","G,F","","1704","FA","","0","0","-","0","0","0","0","0","0","0","0","0"
"*051pt*","Quinndary Weatherspoon","(N/A)","G","","1705","FA","","0","0","-","0","0","0","0","0","0","0","0","0"
"*0484j*","James Webb III","(N/A)","F","","1706","FA","","0","0","-","0","0","0","0","0","0","0","0","0"
"*03xlt*","Briante Weber","(N/A)","G","","1707","FA","","0","0","-","0","0","0","0","0","0","0","0","0"
"*05xnf*","Romeo Weems","(N/A)","F","","1708","FA","","0","0","-","0","0","0","0","0","0","0","0","0"
"*04qsy*","Thomas Welsh","(N/A)","C","","1709","FA","","0","0","-","0","0","0","0","0","0","0","0","0"
"*05qzn*","Kaleb Wesson","(N/A)","F,C","","1710","FA","","0","0","-","0","0","0","0","0","0","0","0","0"
"*064s7*","Isaiah Whaley","(N/A)","F","","1711","FA","","0","0","-","0","0","0","0","0","0","0","0","0"
"*06rur*","Phillip Wheeler","(N/A)","F","","1712","FA","","0","0","-","0","0","0","0","0","0","0","0","0"
"*04l1t*","Andrew White","(N/A)","F","","1713","FA","","0","0","-","0","0","0","0","0","0","0","0","0"
"*06305*","Fabian White","(N/A)","F","","1714","FA","","0","0","-","0","0","0","0","0","0","0","0","0"
"*062sr*","Jack White","(N/A)","F","","1715","FA","","0","0","-","0","0","0","0","0","0","0","0","0"
"*043vx*","Okaro White","(N/A)","F","","1716","FA","","0","0","-","0","0","0","0","0","0","0","0","0"
"*042o1*","Isaiah Whitehead","(N/A)","G","","1717","FA","","0","0","-","0","0","0","0","0","0","0","0","0"
"*05qyt*","Kahlil Whitney","(N/A)","F","","1718","FA","","0","0","-","0","0","0","0","0","0","0","0","0"
"*06mo5*","Jimmy Whitt","(N/A)","G","","1719","FA","","0","0","-","0","0","0","0","0","0","0","0","0"
"*05qvy*","Greg Whittington","(N/A)","F","","1720","FA","","0","0","-","0","0","0","0","0","0","0","0","0"
"*05ujf*","Joe Wieskamp","(N/A)","F","","1721","FA","","0","0","-","0","0","0","0","0","0","0","0","0"
"*0590m*","Lindell Wigginton","(N/A)","G","","1722","FA","","0","0","-","0","0","0","0","0","0","0","0","0"
"*03sir*","Scottie Wilbekin","(N/A)","G","","1723","FA","","0","0","-","0","0","0","0","0","0","0","0","0"
"*04iy9*","Jacob Wiley","(N/A)","G","","1724","FA","","0","0","-","0","0","0","0","0","0","0","0","0"
"*03z95*","Alan Williams","(N/A)","F,C","","1725","FA","","0","0","-","0","0","0","0","0","0","0","0","0"
"*07242*","Brice Williams","(N/A)","G,F","","1726","FA","","0","0","-","0","0","0","0","0","0","0","0","0"
"*0666j*","Bryson Williams","(N/A)","F","","1727","FA","","0","0","-","0","0","0","0","0","0","0","0","0"
"*06668*","Donovan Williams","(N/A)","G","","1728","FA","","0","0","-","0","0","0","0","0","0","0","0","0"
"*06ps6*","Jaylin Williams","(N/A)","F","","1729","FA","","0","0","-","0","0","0","0","0","0","0","0","0"
"*04xgk*","Johnathan Williams","(N/A)","F","","1730","FA","","0","0","-","0","0","0","0","0","0","0","0","0"
"*06hqr*","KJ Williams","(N/A)","F","","1731","FA","","0","0","-","0","0","0","0","0","0","0","0","0"
"*06l10*","Malik Williams","(N/A)","C","","1732","FA","","0","0","-","0","0","0","0","0","0","0","0","0"
"*04jw3*","T.J. Williams","(N/A)","G","","1733","FA","","0","0","-","0","0","0","0","0","0","0","0","0"
"*065px*","Trevion Williams","(N/A)","F,C","","1734","FA","","0","0","-","0","0","0","0","0","0","0","0","0"
"*045qi*","Troy Williams","(N/A)","G,F","","1735","FA","","0","0","-","0","0","0","0","0","0","0","0","0"
"*04exi*","Nigel Williams-Goss","(N/A)","G","","1736","FA","","0","0","-","0","0","0","0","0","0","0","0","0"
"*06hre*","Bryce Wills","(N/A)","G","","1737","FA","","0","0","-","0","0","0","0","0","0","0","0","0"
"*04ewi*","D.J. Wilson","(N/A)","F","","1739","FA","","0","0","-","0","0","0","0","0","0","0","0","0"
"*048yh*","Kyle Wiltjer","(N/A)","F","","1740","FA","","0","0","-","0","0","0","0","0","0","0","0","0"
"*051p6*","Dylan Windler","(N/A)","F","","1741","FA","","0","0","-","0","0","0","0","0","0","0","0","0"
"*03nwi*","Justise Winslow","(N/A)","F","","1742","FA","","0","0","-","0","0","0","0","0","0","0","0","0"
"*05qua*","Cassius Winston","(N/A)","G","","1743","FA","","0","0","-","0","0","0","0","0","0","0","0","0"
"*059qd*","Todd Withers","(N/A)","F","","1744","FA","","0","0","-","0","0","0","0","0","0","0","0","0"
"*06cd5*","Isaiah Wong","(N/A)","G","","1745","FA","","0","0","-","0","0","0","0","0","0","0","0","0"
"*03nwq*","Christian Wood","(N/A)","F","","1746","FA","","0","0","-","0","0","0","0","0","0","0","0","0"
"*06ptn*","Moses Wood","(N/A)","F","","1747","FA","","0","0","-","0","0","0","0","0","0","0","0","0"
"*05qtw*","Robert Woodard","(N/A)","G,F","","1748","FA","","0","0","-","0","0","0","0","0","0","0","0","0"
"*06moq*","Trey Woodbury","(N/A)","G","","1749","FA","","0","0","-","0","0","0","0","0","0","0","0","0"
"*059cn*","Kenny Wooten","(N/A)","F","","1750","FA","","0","0","-","0","0","0","0","0","0","0","0","0"
"*03r7h*","Delon Wright","(N/A)","G","","1751","FA","","0","0","-","0","0","0","0","0","0","0","0","0"
"*05uuw*","McKinley Wright","(N/A)","G","","1752","FA","","0","0","-","0","0","0","0","0","0","0","0","0"
"*05wqi*","Moses Wright","(N/A)","F","","1753","FA","","0","0","-","0","0","0","0","0","0","0","0","0"
"*051px*","Justin Wright-Foreman","(N/A)","G","","1754","FA","","0","0","-","0","0","0","0","0","0","0","0","0"
"*02nfp*","Tony Wroten","(N/A)","G","","1755","FA","","0","0","-","0","0","0","0","0","0","0","0","0"
"*04xk6*","Ding Yanyuhang","(N/A)","F","","1756","FA","","0","0","-","0","0","0","0","0","0","0","0","0"
"*04w4j*","Gabe York","(N/A)","G","","1757","FA","","0","0","-","0","0","0","0","0","0","0","0","0"
"*03aq0*","James Young","(N/A)","G","","1758","FA","","0","0","-","0","0","0","0","0","0","0","0","0"
"*03r7x*","Joe Young","(N/A)","G","","1759","FA","","0","0","-","0","0","0","0","0","0","0","0","0"
"*03g45*","Patric Young","(N/A)","F","","1760","FA","","0","0","-","0","0","0","0","0","0","0","0","0"
"*042nv*","Rade Zagorac","(N/A)","F","","1761","FA","","0","0","-","0","0","0","0","0","0","0","0","0"
"*05ujn*","Marcus Zegarowski","(N/A)","G","","1762","FA","","0","0","-","0","0","0","0","0","0","0","0","0"
"*04817*","Nick Zeisloft","(N/A)","G","","1763","FA","","0","0","-","0","0","0","0","0","0","0","0","0"
"*031lr*","Cody Zeller","(N/A)","C","","1764","FA","","0","0","-","0","0","0","0","0","0","0","0","0"
"*070te*","Fanbo Zeng","(N/A)","F","","1765","FA","","0","0","-","0","0","0","0","0","0","0","0","0"
"*042og*","Wang Zhelin","(N/A)","C","","1766","FA","","0","0","-","0","0","0","0","0","0","0","0","0"
"*042o0*","Stephen Zimmerman Jr.","(N/A)","F,C","","1767","FA","","0","0","-","0","0","0","0","0","0","0","0","0"
"*042o7*","Paul Zipser","(N/A)","F","","1768","FA","","0","0","-","0","0","0","0","0","0","0","0","0"
"*042ni*","Ante Zizic","(N/A)","C","","1769","FA","","0","0","-","0","0","0","0","0","0","0","0","0"
