Rank;Value;Player Name;NBA Team;Contract;Games Played;Total Minutes;PTS;TPM;REB;AST;STL;BLK;TOV;FG%;FGA;FT%;FTA;zPTS;zTPM;zAST;zREB;zSTL;zBLK;zTOV;zFG%;zFT%
1;1.8670254305858547;Victor Wembanyama;SAS;;68;31;28.3264829834024;1.96255769684774;12.6943292205449;3.89516328381915;1.17964776801033;3.53732700904301;2.06051970748275;0.535472495145465;18.8295522606045;0.842764498304188;7.35497358527995;2.29015447633897;-0.429613946485166;-0.367241121507852;3.20431170044654;-0.18784649490038;6.64068951561973;0.197241304525486;2.81962762749591;2.77039361385578
2;1.443601999107855;Luka Dončić;LAL;;68;36;34.6082438358379;4.2742646618622;7.79645970915875;8.78321332461567;1.31146443607116;0.513476661932703;4.02682709176647;0.477335326081385;23.4913929706036;0.779951826919769;10.1383642599392;3.64072331575852;3.72461539145339;2.68187165203672;0.609521992464076;0.256772093568543;-0.963272270377717;-2.95789540743893;0.730692754397631;1.45156067416329
3;1.2759119878276475;Nikola Jokić;DEN;Player Option;73;35;26.5370319988312;1.41697543138337;13.5117306366434;10.236544808019;1.41125475426735;0.887582646950119;3.5429934875433;0.550359753710911;17.947994612633;0.819677553303249;6.54446221761586;1.90542529033478;-1.41004697184349;3.58844412025095;3.63735402157249;0.593365568976218;-0.0225221381154369;-2.18153603485656;3.23300460012577;1.84122154542864
4;1.1844489760691734;Shai Gilgeous-Alexander;OKC;;73;33;29.6031330274043;1.84129872000673;3.89688036986317;6.14070366841482;1.36402750603181;0.695568534769771;2.14530718980458;0.537456532638059;18.6574000957094;0.867165967101804;8.88728510205803;2.56463225554383;-0.647521149562762;1.03350269515429;-1.45639428226362;0.434067714185449;-0.505372743730521;0.0611913154307806;2.86920916988935;4.25863219548809
5;0.9699639471438712;Kawhi Leonard;TOR;;62;32;28.1608875249562;2.91787623728072;5.99596271872757;3.43700514132788;1.58640535962379;0.333560719089468;1.8247042849925;0.505903571135655;19.9057694446755;0.878823017849984;5.80573276702435;2.25455170963381;1.28713145758403;-0.653035217909112;-0.344343979090162;1.18414984587146;-1.41570006839326;0.57563071743888;1.77598592763146;2.93821754601565
6;0.8904639860621167;Anthony Edwards;MIN;;73;35;29.2584782396292;3.47772597246338;5.2552856247776;3.89843671181343;1.34377659913512;0.823125330618595;3.15237458222007;0.488116765343021;19.7811275578617;0.817164030700262;7.91732385095241;2.49053201077801;2.29320369335221;-0.365199192512172;-0.736739345249239;0.365761256648024;-0.184610506900368;-1.55474896258931;1.0416821338147;2.21507506152755
7;0.8355264240581132;Jayson Tatum;BOS;;73;35;27.8825781845421;3.08488487090249;8.6590537226876;5.33755339064702;1.13866241127993;0.420061204483027;2.80566684607767;0.470030870968525;20.348916670763;0.830515086127485;6.82522853139373;2.19471563313992;1.58725261306805;0.532506234279551;1.06650641462327;-0.326090403849409;-1.1981805783724;-0.998421749779983;0.317738292717464;2.22220133119063
8;0.8286667229509054;Giannis Antetokounmpo;MIA;Player Option;68;33;31.9850125675733;0.366988866799214;11.6994671400176;6.72931238788825;1.09767938931312;0.986090664081459;3.54253205132175;0.595397730955488;19.9747290159599;0.647681193029146;12.0926886869094;3.07673266206536;-3.29691457965447;1.40067045125068;2.67725439901924;-0.464326437623719;0.225192236571429;-2.18079561432289;5.45434509580728;-4.45026331605145
9;0.7556429040792785;Joel Embiid;PHI;;47;33;27.0202705690902;1.70866292469035;7.84256354691275;3.73456997135488;0.632332098345515;1.18198126013097;2.63676999397909;0.490369294691468;17.8900582310116;0.848541443116608;9.15233691169483;2.00932083337259;-0.885872947823953;-0.467417493740908;0.633946849725885;-2.03394626417231;0.717790889153625;-0.727409870940106;1.01780406013336;3.72975743799415
10;0.6513473233505995;Stephen Curry;GSW;Unrestricted Free Agent;64;32;25.9222482618765;4.6320749564294;3.55662753256893;5.13350620503897;1.14849001919951;0.333309155223537;2.82112464739709;0.453651558926288;18.5528753690606;0.925964289170527;4.81345953628606;1.7732477405016;4.36761471861863;0.405223805734294;-1.6366531801927;-0.292941810234425;-1.41633266650616;-1.02322533685847;-0.34103905948899;3.26832246295909
11;0.6090492251660442;Tyrese Maxey;PHI;;73;37;24.8805840830925;2.89990633089793;3.96671904127804;5.18864025941155;1.49722057286367;0.540678248256158;1.97407399901598;0.467657541007926;19.1963303969509;0.875342584922028;4.59941111276522;1.54929155782397;1.25483882126587;0.439615832829283;-1.41939520227891;0.883328905807284;-0.894869472891484;0.335952083193815;0.201969597028375;2.20059783198744
12;0.6009800460251643;Jamal Murray;DEN;;73;35;24.7297764172917;3.48010128299737;4.36973330826114;6.83466905352316;0.895136262024065;0.438064895112262;2.18975923596947;0.459100240518381;18.2258687094189;0.899859923302731;5.01708499409881;1.51686814359972;2.2974722208327;1.46639080032328;-1.2058866002823;-1.14750589196847;-1.15290738035106;-0.0101364352036265;-0.13234515783838;2.90868187289511
13;0.5815798882427596;Cooper Flagg;DAL;;73;34;24.3282426657703;1.07076120559607;6.972206224362;5.6687001727951;1.16625404219277;1.01122182562512;2.28359311604342;0.486063151164114;18.2803185280284;0.840343114512435;6.52912234227467;1.43053900985535;-2.03220770230973;0.739072017145669;0.172849587421991;-0.233023630348798;0.288388615386387;-0.160702273593758;0.879926100798225;2.36269340571988
14;0.5554253933510153;Austin Reaves;LAL;;73;36;25.0655399289029;2.5283647602053;4.45791425150886;6.15805365137567;0.948843796032361;0.367370291518324;3.11759709089941;0.484553196408925;16.0871597166338;0.878629225682048;7.90664098344009;1.58905677778186;0.587163844898166;1.04432542696455;-1.15917016501439;-0.966349985722262;-1.3306804188608;-1.498945002083;0.715590356765431;4.10807352786541
15;0.5423315178842291;Kyrie Irving;DAL;Player Option;52;34;24.5618825406919;2.96742876658431;5.00336625561362;5.85550628203779;1.10477035671182;0.52021734687863;2.11323943339608;0.459177205612632;19.3091968548743;0.906995648859613;4.2577576530519;1.4807712205567;1.37617932312989;0.855599648637598;-0.870201003390297;-0.440408552563582;-0.946321725589924;0.112647235458079;-0.132763563198367;2.53992609456864
16;0.5240187868990479;Donovan Mitchell;CLE;;73;33;24.7647225805809;2.48737707886154;4.33709598661508;4.71423432870317;1.4604228305085;0.282120445562244;2.36018839105312;0.475534008127386;18.0773137301309;0.879484432679564;5.78133097557744;1.52438151450071;0.513507351705359;0.143686541783705;-1.22317717654336;0.75920985086919;-1.54505497331971;-0.283607047322282;0.478358996657501;2.93948184953635
17;0.5131408697417675;Cade Cunningham;DET;;68;34;23.6392142775205;2.06880395985197;5.24378043979322;10.6469465350874;1.43703409031225;0.784843088498302;3.63892436224204;0.464022157175987;18.6521202504626;0.797663697341045;5.34111829687013;1.28239897515714;-0.238685187131892;3.84444828097863;-0.742834553689665;0.680319458590998;-0.280877409276404;-2.33546671069701;0.0548639083872863;0.986647886686436
18;0.5093939914938591;Kevin Durant;HOU;Player Option;73;36;25.2617633386389;2.33015292254418;5.99656071584841;4.02769852897634;0.739701385081056;1.0421505289178;2.94770298340025;0.525373760695748;17.1187264783793;0.865839026900727;5.71024271943063;1.63124450650626;0.230969291003484;-0.284567068341285;-0.344027172615234;-1.67178887227677;0.366163852561315;-1.22633292728662;2.20161421534463;2.59545734014495
19;0.40953932971811685;Devin Booker;PHX;;68;34;26.1739128098653;2.02759586980755;3.8115672546647;5.99489641609678;0.704822399092257;0.209235506465777;2.89815252525237;0.457448607190111;18.6963584856053;0.89374316281276;7.87818126671199;1.8273552279537;-0.312737763524015;0.942549707396837;-1.50159140169653;-1.78943594791375;-1.72833596544749;-1.1468242650873;-0.197282231975887;4.55680381249742
20;0.3790288470125334;Bam Adebayo;MIA;;73;33;20.4230749924585;2.10147705575578;9.21898481043769;4.19325221399039;1.26537705798714;0.638356256235571;1.50573571768493;0.457764032060954;15.2112309802897;0.785547136252722;5.59519458676113;0.590934017532445;-0.179970334592601;-0.181296469335417;1.36314629453346;0.101319029161738;-0.649242290740225;1.08744766158437;-0.164436333026837;0.783834859246652
21;0.3652884069516805;Lauri Markkanen;UTA;;68;34;22.4187425188142;2.39656153526359;6.7907524163468;2.40716221688826;0.956775650172726;0.509636462784265;1.53844332076053;0.471911433950165;16.4840487168577;0.907318603533844;4.92016677670897;1.01999944015077;0.350308208706247;-1.2954401011336;0.0767191224478814;-0.939595783513153;-0.972929073533749;1.03496504363307;0.307020936558834;2.98968567113129
22;0.3131349396238789;LaMelo Ball;MIN;;68;32;21.6600426310167;3.97709083241189;5.62112044038638;8.1257156244035;1.21037281001031;0.269829732664635;3.10104410716541;0.42935782260252;17.832170495335;0.908663257307838;2.60843385845631;0.856880141119652;3.19058220322778;2.27173169447474;-0.542927645660968;-0.0842107028139401;-1.57596196290847;-1.47238408536716;-1.22051965214152;1.45248833507977
23;0.30576909649478295;Tyrese Haliburton;IND;;61;32;18.4650907267423;3.16486341864703;3.37878644323651;9.60835436188298;1.29899994790375;0.547041168258353;1.9861529233462;0.457624114181951;14.0757564220579;0.858671171378434;2.81529910459699;0.169970437499816;1.73097724360054;3.19658571095777;-1.73086970171975;0.214729283531621;-0.878868879280664;0.316570241931392;-0.161727083328973;1.04314762474059
24;0.2981097774051049;Brandon Miller;CHA;Restricted Free Agent;68;32;22.7353685594337;3.55520015616954;5.30675057808913;3.80059896898385;0.899738176648534;0.458605900115673;2.22534779379441;0.459514837661766;16.921236509452;0.894794939008908;4.05573360967975;1.08807354775448;2.43242788212519;-0.426229318821564;-0.70947428012978;-1.13198360017726;-1.1012536941026;-0.0672418329745043;-0.113754491968058;2.21155557825039
25;0.27754640791911495;Karl-Anthony Towns;NYK;Player Option;73;31;20.1691404300338;1.36376791517626;12.2616469348565;3.37470917126901;0.867378613593302;0.431254705455674;2.40871939796842;0.528601157979017;13.4368559534943;0.840988725074591;5.46963014423406;0.536338480497718;-1.50566299419043;-0.691894770585848;2.9750855973173;-1.24113264377506;-1.17003270599873;-0.361479898134385;1.80126778258289;1.94258678909191
26;0.27745009860088427;Anthony Davis;WAS;Player Option;57;32;19.1709407326941;0.369306852924519;11.4837573618023;3.01547616603808;1.0818997086552;1.69016078057405;1.90650079238314;0.525337811299097;14.6437253572567;0.749579086151874;4.55699563392676;0.32172709391137;-3.29274906641581;-0.915980435787004;2.56297583134343;-0.517551416253713;1.99569065610751;0.444380046541008;1.87153530237976;-0.0589342078585482
27;0.2633575634275333;Trey Murphy III;NOP;;68;35;20.0314983891385;3.36595316264697;5.38999891401046;3.42435319370094;1.24895631731385;0.441706166397548;1.39640787225869;0.452459632688064;15.0516010925809;0.879624479981117;3.46177430523993;0.506745655206505;2.09234350962202;-0.660927366065851;-0.665371037943934;0.0459317503966343;-1.143750813548;1.26287511585798;-0.327485324196953;1.63717880039856
28;0.26094131485477967;Trae Young;WAS;;73;33;22.3950731235536;2.46482809715572;2.58429487854069;10.0917835238452;1.06761000631086;0.140907099538313;3.6711054681518;0.435864770069936;15.8111274568301;0.865570116099279;7.10192975130095;1.01491055688415;0.472985934951152;3.49814359611451;-2.15177485861687;-0.565750687100474;-1.9001588189399;-2.38710451132729;-0.879240663487767;3.29639204261202
29;0.25326357054512055;Jalen Brunson;NYK;;73;35;25.0235601979609;2.37519905744645;3.31933386953907;7.14299044746564;0.832071393807;0.138779958021309;2.42597438734456;0.465239150252385;19.5094374701463;0.839367726163296;5.35552270997619;1.58003120074553;0.311918986619676;1.65871835277892;-1.76236644249337;-1.36022415515284;-1.90550786103921;-0.389167253061878;0.10955470645541;1.86169350085375
30;0.24315828620633903;Damian Lillard;POR;Player Option;64;30;22.2590908109609;3.33997461940043;3.48100736290643;4.90649718440596;0.76369466989125;0.19187813248075;2.06519072654841;0.443425609233559;15.6543320792768;0.90087754883483;5.59016341263966;0.985674570603536;2.0456590344074;0.26361803272769;-1.67671517806749;-1.59085934658038;-1.7719838955157;0.189746187610326;-0.628131920251848;3.2986647504106
31;0.23490334012685707;Jaylen Brown;PHI;;73;36;23.971140250469;2.11074094820302;7.15645475421045;4.14432039198855;1.12849677022311;0.371929224726246;2.6011236342655;0.488368268409205;18.0179313803832;0.769969963814186;5.53479694720553;1.35376254447934;-0.163322751499129;-0.211819610926314;0.270460638073758;-0.360379185716352;-1.31921624242393;-0.670211724262135;0.951548413255289;0.435580640825975
32;0.22443666353969582;Amen Thompson;HOU;Restricted Free Agent;73;37;18.4991695926333;0.282636941555155;8.25547423683453;4.35672320194601;1.56288043982067;0.899618621544141;1.82126674167624;0.56293613731181;12.8594062315267;0.774950770090427;4.8241563866616;0.177297340805487;-3.44849834345486;-0.0793250342397552;0.852698371389383;1.10480011878019;0.00774427072243423;0.581146599239858;2.6276210073135;0.433469479636826
33;0.20121400635662157;Jalen Johnson;ATL;;73;35;21.3764007779288;1.57817128044817;9.94896016241536;7.52348742802002;1.02905282366235;0.371394557547951;3.37388220347563;0.480117163845336;16.7654661320019;0.799790396235943;4.62552865751806;0.795897582672332;-1.12037162134563;1.89606825591421;1.74987209970022;-0.695804347056496;-1.32056074969952;-1.91018007849183;0.596113106343846;0.851161098289925
34;0.18103766772752572;Michael Porter Jr.;BKN;Unrestricted Free Agent;68;32;21.9062617858451;3.10590952167789;6.13778196691703;2.46975230669738;1.04040656806052;0.262221571876209;1.70559155645709;0.480836190537114;16.5057223751653;0.851724925877799;3.43685483112396;0.909816877488807;1.6250347465274;-1.25639707973622;-0.269211082074358;-0.657508083902418;-1.59509391629769;0.766758994567954;0.610110144267582;1.24898420555119
35;0.1746858186908977;Jalen Duren;DET;;68;29;20.5234939578475;0;10.60671194987;2.56496944589948;0.665255610056474;0.843541014630143;1.94961056871694;0.668612575356002;11.5089636887807;0.759669098333167;6.75743987196831;0.612523939327788;-3.95640816609378;-1.19700165763981;2.09833535796521;-1.92289501762122;-0.133271960597254;0.375206101997798;4.84216143332807;0.328907369644639
36;0.16340603452557148;Chet Holmgren;OKC;;68;29;16.7857309528043;1.40192702953143;8.84846035289862;1.70212676908864;0.729523237387424;1.92916380661422;1.37685583044331;0.540112021236812;10.9109101909998;0.791533515328471;4.54507148467559;-0.191089308984478;-1.43708954835017;-1.73523359173732;1.166850119892;-1.70611983912143;2.59670250131471;1.29424832099297;1.70673514860388;0.684501550979473
37;0.16092988513250692;Darius Garland;LAC;;66;32;22.0967993269719;2.92470031774244;2.89983587853341;6.72036496280674;1.14198558329029;0.198137638966572;2.84148956497183;0.474076395309292;16.2507927851631;0.858655371756791;4.38344020664766;0.950782153281773;1.29939460152381;1.39508914421032;-1.98460777968097;-0.314881320277338;-1.75624335195246;-1.05590288238861;0.373898052348603;1.79722027859242
38;0.1514162620459463;Matas Buzelis;CHI;;73;32;20.3008557895826;2.83127119581368;6.55345578489137;2.56931921563298;0.78140133792819;1.4058943076704;2.09156117471681;0.46209642897654;15.1854409533091;0.792440779155627;4.33509810476041;0.564657078492511;1.13149875433891;-1.19428831830291;-0.048995712463104;-1.53113462538321;1.28085653772421;0.147432168046502;-0.0291451094739695;0.653852947283075
39;0.1496285904290931;Nickeil Alexander-Walker;ATL;;73;33;20.1637318909656;3.15631748659119;3.13446096555392;3.50383259034462;1.17583439751439;0.553085281997253;1.728010410054;0.464609304218736;14.7303458581301;0.891874300040418;3.7221645742338;0.535175652987425;1.71561986387911;-0.611348977645676;-1.86030827361613;-0.200709021560753;-0.863669975689176;0.7307857034187;0.0455457024019677;1.9616526395606
40;0.13678310577705102;Keyonte George;UTA;Restricted Free Agent;73;33;20.7101943878418;2.15862808826645;3.17266888790198;6.80737665938897;1.07752466247651;0.211243776318791;2.67942981337498;0.46943781771122;14.5431182223067;0.891925582521556;5.49080218524288;0.652664242179141;-0.0772676566397165;1.44936609990478;-1.84006650861164;-0.532308479112849;-1.72328584541331;-0.795861814607487;0.188269049925058;3.0426961329507
41;0.11962248440218479;Jalen Williams;OKC;;68;32;20.6312565887827;1.21302303026262;5.32455444513408;5.24731051525478;1.28406147980191;0.392008406731237;1.97123623613689;0.497200108565377;15.4617953241239;0.814320684908882;4.96490019952321;0.635692737824555;-1.77655754654063;0.476213704173817;-0.700042160539185;0.164341721025012;-1.26872388495461;0.340505557340955;1.08656474758676;1.2179483910395
42;0.11912089392719315;Norman Powell;CHI;;68;31;23.4456987096559;3.11682997172037;2.89991670637474;2.15162315335497;1.07025518538681;0.203470882482286;1.69526084790963;0.466037031290158;16.7449207650189;0.800058183685703;5.90127381879722;1.24079342823487;1.64465922949023;-1.45484260647948;-1.98456495876663;-0.556828478670401;-1.74283204675091;0.783335648889257;0.110995781281983;1.17789408780165
43;0.11687956323858119;Paul George;BOS;Player Option;60;32;18.977721020622;2.93297360402206;5.59921126653881;3.85972079500587;1.66799924359683;0.455158106122447;2.34017719074408;0.447944476472435;14.8672417264384;0.8423456529401;3.23542928441578;0.280185155525571;1.31426202594399;-0.389349762881166;-0.554534671670524;1.45936661514262;-1.10992373089709;-0.251497076495657;-0.462267215542923;1.03913343811725
44;0.09183685396035238;Deni Avdija;POR;;68;33;21.0355034563729;1.52703530089569;7.58214501773606;5.06238331967249;0.766408285974326;0.626632258858476;2.64326861639124;0.482207529277622;14.6856034596777;0.791049488281389;6.7574167156172;0.722605187315307;-1.21226500995244;0.360858118711388;0.495982512843344;-1.58170629962317;-0.67872418230267;-0.73783756007643;0.576045038875822;1.1563695693455
45;0.08992157598788829;Scottie Barnes;TOR;;73;34;17.875936540948;0.871669148778669;6.44410391449364;6.97821358182396;1.36385783491519;1.21720644264853;2.75786841890517;0.495538847752681;14.0592820074716;0.794449026895416;3.86485032493913;0.0433032014112471;-2.38998404502893;1.55593232529979;-0.10692806594803;0.433495412264262;0.806370319688036;-0.92172439637964;0.933320796599527;0.579463993683244
46;0.08560804860741639;Derrick White;BOS;;73;34;17.1922208848278;3.45463231279937;4.41940291165947;4.94154926279396;0.960397818903184;1.18017222610134;1.71368381836864;0.419047455609349;13.6682384099504;0.885091066459865;2.57861320920765;-0.10369460411986;2.25170346864878;0.285483140298217;-1.17957267431961;-0.927378181810542;0.71324177988834;0.753774151585602;-1.24226030190269;1.19513595886933
47;0.07324030599497573;Jaren Jackson Jr.;UTA;;68;32;18.2072416223366;1.65924264474018;6.17198027910602;2.34395616035053;1.31637568814539;1.67855800081336;2.28874196371419;0.491614064761188;13.8645850073937;0.790422333153436;3.6891024859323;0.114533280011154;-0.97468315602302;-1.33486735591743;-0.251093525391382;0.273337782847319;1.96651358588777;-0.168964114260281;0.807597089366615;0.480998777058299
48;0.04986959496912906;Paolo Banchero;ORL;;73;35;23.0070825228745;1.12938437913338;7.63541907718318;5.42875629317349;0.814956079666459;0.452553060458763;3.27882458784747;0.489156247334936;15.7025258466888;0.755208060380866;8.62771632331735;1.14649162842944;-1.92685952839435;0.589397618933315;0.524206004880948;-1.41795423531886;-1.11647454042917;-1.75765063410414;0.845182238519413;0.355862362262891
49;0.04802573572216711;Franz Wagner;ORL;;62;32;20.7468938190016;1.49632653567272;5.21894038896668;3.80443140269941;1.03646207742517;0.340973980890567;1.86638970397393;0.478195216357189;15.4375466686877;0.852274992817382;5.26384721201782;0.660554562952755;-1.2674498821494;-0.42383868810004;-0.755994297549853;-0.67081287975501;-1.39705822009577;0.508742296618633;0.482095072978517;2.08962247051255
50;0.046727428104040764;James Harden;CLE;;68;34;18.8971598207775;2.64181589561011;4.60358126753921;7.55004949704723;0.989785965565346;0.429589167934599;3.14954793679176;0.42935152369179;13.5361518987948;0.864642287209374;5.35690783153151;0.262864622520236;0.791040046446978;1.91263738742609;-1.08199880038138;-0.828251747506966;-1.17422097003617;-1.55021332750303;-0.944469672768229;2.39058885464669
51;0.04119469541403782;LeBron James;PHI;Player Option;65;33;19.0618105311517;1.57670832380773;6.73322339671074;8.6495167749151;1.17810137887475;0.561578685697184;3.11405239790404;0.501316698984895;14.2333463186276;0.732277656530464;4.38941949785378;0.298264269855342;-1.12300061260095;2.59847318965019;0.0462414407303621;-0.193062476800089;-0.842311935523913;-1.49325718791329;1.11471678516818;-0.364554514384605
52;0.038894944411978626;Domantas Sabonis;SAC;;73;33;18.7266491328397;0.491455972799834;12.721798760697;6.52902731243376;0.910995279079904;0.270556445277413;3.11051475392627;0.58308939002109;12.4831593323391;0.734873335978425;5.0043966201115;0.226205089098568;-3.07324224091025;1.2757347863492;3.21886449322797;-1.09401331108623;-1.57413452626226;-1.4875806845968;3.06533950992549;-0.321350451185702
53;0.03192843366174673;Kristaps Porziņģis;GSW;Player Option;51;28;18.2423614849431;1.99905283872845;6.34439116625482;2.73038296504065;0.642839012225198;1.30097096338872;1.63494286581433;0.466655397701768;12.8152748210584;0.821807251860485;5.21128804833757;0.122083995995932;-0.36403072534704;-1.09381849259019;-0.159753812383956;-1.99850636657004;1.01700978315867;0.88012187937469;0.0838715204790499;1.44607366817983
54;0.016458824577830374;Pascal Siakam;IND;;68;33;22.477903765628;1.53926620382995;6.56334857068079;2.99795996739995;1.05417850317406;0.419962553824974;2.08259868471003;0.516155929659206;16.9276684259809;0.731345351402901;4.73648282361168;1.03271901644871;-1.19028559103476;-0.926906851139897;-0.04375471968247;-0.61105524572385;-1.1984286514408;0.161813378978742;1.85570313026859;-0.386010152901477
55;0.014890450765708446;Coby White;CHA;;68;32;21.531306672846;2.84988595627681;4.89706087121164;5.30844705232461;0.667728009526389;0.2;3;0.457477819462049;14.9146950364539;0.842786253142568;5.97439311730286;0.829202109799699;1.16495021908119;0.514350015085954;-0.926519391764697;-1.91455559606994;-1.7515601432932;-1.31024871701457;-0.171440785033844;2.19247676515048
56;0.002219078152416368;Desmond Bane;ORL;;73;32;18.4231962788972;2.03935680503769;3.59682693298974;3.48485583061627;1.13559045950122;0.410402068547121;1.61465562869753;0.488566620841081;12.8364374991558;0.905604368000142;4.24128882807946;0.16096319619703;-0.291602895258259;-0.62318647521736;-1.61535637139931;-0.336452119736995;-1.22247004118016;0.912674778846641;0.661872008306016;2.50587209117072
57;-0.006130293526426588;Alperen Sengun;HOU;;73;33;19.477082231861;0.619313976482103;8.39393404491679;5.42374710140026;1.01851550875235;1.00654233842159;2.40695871136268;0.531443330691059;14.9964005286038;0.695321483165682;4.19704300159926;0.387547041365705;-2.84347632419779;0.586272939256672;0.926051506695636;-0.731346787557075;0.276621286388869;-0.358654700511451;2.10646466108914;-0.967471267918995
58;-0.020208875951705618;Brandon Ingram;LAC;Player Option;66;33;22.2616284888388;1.66468009812216;5.90816174655352;5.28234160762007;0.690140923415465;0.687204417911823;3.05627879605608;0.471209497403119;16.9566415253544;0.793517123303442;5.81800593020977;0.986220167411006;-0.964911836082842;0.498065720890246;-0.39085911356209;-1.83895667308519;-0.526405671177553;-1.40055366982152;0.293494327573843;1.00838161148983
59;-0.02560370391704199;Julius Randle;BKN;;73;32;22.2260748782579;1.53815737998352;6.46313806505459;4.26406458842008;0.854132326731657;0.198940183778168;2.75693845031168;0.47411886462142;16.1320340732008;0.799856170876853;6.73985440998037;0.978576196284534;-1.19227819157763;-0.137124475678125;-0.0968441676610449;-1.28581246654346;-1.75422522295188;-0.920232168829793;0.372032546920158;1.38417402432074
60;-0.0343062227361026;Evan Mobley;CLE;;68;32;17.6791633497498;0.702989251552154;9.71965445738491;3.33212473748732;0.668223166706669;1.60982593265917;1.60860520711481;0.569562251712127;12.4439332105414;0.640696195237459;4.37178319446235;0.000997270525260049;-2.69310852766614;-0.718458480022986;1.62839069191435;-1.91288542726803;1.79367566081767;0.922383284958698;2.70970684462692;-1.92668301103303
61;-0.05692560903522572;Tyler Herro;MIL;Unrestricted Free Agent;58;31;19.7105284118424;2.50950506756339;4.46315856546248;4.38196469916207;0.792605990845908;0.324079368735221;2.10853469839272;0.463339178503433;14.9882950887328;0.910935461121777;3.63548771395926;0.437737607955352;0.553272227291236;-0.0635796611477198;-1.15639183622456;-1.49334124888654;-1.43954246054149;0.12019645296487;0.00853429924866475;2.1791367267838
62;-0.05853240832260658;Josh Giddey;CHI;;68;33;16.6332286826409;2.2057085484861;7.92233415808273;9.86463398047141;1.08367253244066;0.575043537938394;3.69548522985678;0.432391956444283;13.4116519215413;0.790351007557065;3.57985158504482;-0.223877060518122;0.00733780246390755;3.35645016654132;0.676207665450385;-0.511571668618675;-0.808452382257957;-2.42622427551022;-0.852702543279451;0.456543875229166
63;-0.07898518400566945;Kon Knueppel;CHA;;73;32;19.4313273772665;3.32939557974457;5.6865324053536;4.04478498872481;0.723515360396097;0.255496096956814;2.23671098129655;0.452934388746094;14.5373879535369;0.853231883214722;3.437478136742;0.377709818599807;2.02664807948504;-0.273908719462102;-0.508273742962809;-1.72638445229119;-1.61200621300862;-0.0854752029651267;-0.304646842474165;1.26948109378543
64;-0.11648945712426279;Dyson Daniels;ATL;;73;33;13.2502387259009;0.626532647469787;7.68435061848935;5.39344798238519;2.16228096965654;0.351313602733153;1.52333324520804;0.54239349205388;10.7121244544593;0.654972013582222;1.53187140409816;-0.951214653745808;-2.83050408539253;0.567372676361462;0.55012892085121;3.12658250354024;-1.37105756518643;1.05921066996661;1.72449382753564;-0.791883517496711
65;-0.13880316648583718;Jaden McDaniels;MIN;;73;33;16.3363941179498;1.44;4.53620574157306;2.49095154384078;1.21003049695677;1.25933076648708;1.74112626096687;0.526548782860908;12.0117514516078;0.828;2.71358442536974;-0.287696031496464;-1.36867090649951;-1.24317322477895;-1.1176929569816;-0.0853653272549798;0.912298759247029;0.709740009823381;1.55174465706829;0.669442550992247
66;-0.1472235474147973;Ja Morant;POR;;57;31;20.1646379580085;1.13157063448585;3.35442974474929;6.55393156585125;1.12129779628365;0.194010535894171;2.936163043326;0.459746406742607;15.6874096078895;0.856568014746049;5.38031638764347;0.535370455996217;-1.92293074059256;1.29126979040544;-1.74377337553305;-0.384661377630884;-1.76662162152503;-1.20781594012929;-0.103390004771287;2.23287459502838
67;-0.1488452005489419;OG Anunoby;NYK;;68;33;15.7117143870404;2.41761534290086;5.17724354045351;2.00317130635634;1.32911855141529;0.733682485773574;1.63678102280014;0.47330698286163;11.3981136190407;0.855563827363741;2.92729242325758;-0.422001204679892;0.388142738205766;-1.54744526380948;-0.778084423292434;0.316319554147294;-0.409529036642551;0.8771723727845;0.222151774164262;1.06152632477542
68;-0.16867646522433566;Zach Edey;MEM;;52;26;14.455881440146;0.158418934361618;11.3403893510337;1.42277744314567;0.628673709638652;1.72828423301155;1.93835031510286;0.614511934383763;9.49854629846774;0.780586437674893;3.36096332161328;-0.692003340296757;-3.67172304173769;-1.90948868137526;2.48702243202736;-2.04628603612107;2.09155825609045;0.393274304277756;2.92784714336077;0.281540740708748
69;-0.17370996137111316;Zach LaVine;SAC;Unrestricted Free Agent;68;32;20.0218388485736;2.61886364503882;2.65803940922337;3.48901677819961;0.736204798281386;0.200783244457218;2.06912323111798;0.484979020101377;14.2079415406203;0.872930014592767;4.14909329606339;0.504668868968296;0.749793939506104;-0.62059092109649;-2.11270653538151;-1.68358288520547;-1.74959054816179;0.183436091011702;0.635788048456545;1.91561913945394
70;-0.17919110717909761;Jimmy Butler III;GSW;Unrestricted Free Agent;27;28;15.5210961688688;0.634617258087181;4.93318613229244;4.79334100516713;1.17210094049392;0.239939701362963;1.3759780350376;0.465236078680791;10.6162741877632;0.859602847803027;5.82633174954202;-0.462983825912349;-2.81597571863979;0.193032431385034;-0.907380977514843;-0.213301999482063;-1.65112529102005;1.2956568314488;0.0258400210997087;2.5127652244394
71;-0.18341149948155466;Cedric Coward;MEM;;73;29;17.4766563167877;1.80013927696084;5.07475259629846;3.31529948343513;0.872923733469918;0.493350910056418;1.69213172912669;0.491883498718152;12.4783703163913;0.843854234690089;4.02997105539345;-0.0425414274460072;-0.721486305364148;-0.728953891612575;-0.832382000317851;-1.22242891374833;-1.01388173533619;0.788356632702399;0.726364152538129;1.39444889249713
72;-0.18350769602378267;Kel'el Ware;MIL;;73;26;13.2564685311867;1.72953179043745;9.92782593664417;1.34986532212811;0.844451921330794;1.38770587005206;0.817296947067968;0.514861889183893;10.1136129240415;0.679987407017002;1.63636710941046;-0.949875255272626;-0.848370766255044;-1.95497047425491;1.7386756251127;-1.31846454498283;1.23511876345604;2.19211647200258;1.05205939058089;-0.664943490929849
73;-0.18553302320609202;Naz Reid;CHA;;73;31;16.8231102802009;2.32633994187917;7.03779512213152;2.67564877915031;1.05505665289717;0.99058796395695;1.86184889192866;0.460909137733757;13.8666902444664;0.729036666223135;2.35132460429759;-0.183052811574562;0.224117213130595;-1.1279610860487;0.207597225450041;-0.608093240265076;0.236501426004724;0.516028483356614;-0.0668541941547864;-0.369486188914888
74;-0.19726596517406533;Ivica Zubac;IND;;73;31;16.5015176401742;0;11.4277559625297;2.11437285459618;0.400021070523147;0.989904882750904;1.50868715382506;0.654460708778788;10.4745379129366;0.722998621586327;3.86054764639594;-0.252194730346961;-3.95640816609378;-1.4780789401536;2.53330745121869;-2.81753306541417;0.234783707602267;1.08271178732932;4.09581369638641;-0.497903086707898
75;-0.20051734622721662;Ryan Rollins;MIL;Player Option;73;31;17.35824911388;2.50055822587378;4.25893285664438;5.55230884514226;1.44906791933199;0.394443722894537;2.93748224693781;0.460718745929324;13.8097964617692;0.812586928138477;2.62473662735532;-0.0679987924057011;0.53719439701632;0.666468365195687;-1.2645863820602;0.72090965216321;-1.26259988776002;-1.2099327341664;-0.072284082538509;0.479472004850219
76;-0.20144379568976564;Donovan Clingan;POR;;73;28;12.0051353589806;1.06779733008389;12.0641938340654;1.80463555681829;0.645368365105232;2.01393704531602;1.3702073241304;0.516478541157589;8.87846715590257;0.679953730501942;2.59762160404733;-1.21890994631126;-2.03753390445949;-1.67128971811525;2.87047903878182;-1.98997484074857;2.80987854958699;1.30491651382755;0.944026684159579;-0.873125708500228
77;-0.2177965613274383;Walker Kessler;LAL;;68;32;12.4125922007662;0.29365789569542;10.643788356593;1.51618142756744;0.722116036249434;2.31880792946781;1.42581680618092;0.661874782497122;7.72013179892337;0.609296574341764;3.11738695823074;-1.1313073573476;-3.42869325063192;-1.85122428562985;2.11797766945394;-1.73110438290431;3.57652579949763;1.21568554223414;3.11689614709888;-1.84509896089306
78;-0.21976683853032686;CJ McCollum;ATL;Unrestricted Free Agent;73;30;19.4591432039205;2.67073737760102;2.98642617001919;4.96330502528744;0.903545828033519;0.441371520727028;1.82090510011052;0.451772108088824;16.4821219774561;0.768003658315451;2.46884220240998;0.383690178184337;0.843013099607096;0.299054149752585;-1.93873403873377;-1.11914036412009;-1.14459233432396;0.58172688927472;-0.374858557067793;0.0030025470584596
79;-0.22307645983954874;Zion Williamson;NOP;;68;30;19.4803347283909;0;5.18051917615596;2.77669497534365;0.872575471923273;0.561324473144556;1.54229821065038;0.61740951189013;11.6876078138794;0.718198311816855;7.02905336070609;0.388246323074575;-3.95640816609378;-1.06492956121575;-0.776349059418804;-1.22360360250026;-0.842951194188798;1.02877948754491;3.68921288721377;-0.782861176164925
80;-0.25013833260877333;Jabari Smith Jr.;HOU;;73;35;16.310282603285;2.41064133518303;6.81365775494329;1.83897210531942;0.645570609174614;0.944559944102656;1.42844000773425;0.472444553286251;12.5144733175471;0.79795011080981;2.60022741741815;-0.293309966646933;0.375610169025109;-1.64987095035297;0.0888538958855685;-1.98929267001874;0.120756510125652;1.21147635317756;0.228982950160172;0.323575263504067
81;-0.251848980572353;Dejounte Murray;NOP;Player Option;68;33;16.9006977906528;1.63156680390709;6.56847495903389;7.31085344868951;1.43791813722904;0.270043958426868;3.54103151414628;0.455019404029166;14.2423329016138;0.804165713783406;2.8701240172654;-0.166371617176044;-1.02441774249133;1.76342947827178;-0.041038865430571;0.68330135532732;-1.57542325750886;-2.1783878524603;-0.238967074584444;0.459069704957823
82;-0.2558092688476636;Onyeka Okongwu;ATL;;73;31;13.7365870404022;1.84187964516401;7.4094594471211;2.82772434501868;1.10912018512243;1.0585485283097;1.52562356633212;0.479399382763363;10.355006704412;0.745948327529008;2.63602675608994;-0.846650520519532;-0.646477203955457;-1.0330979920617;0.40449727823121;-0.425736549421196;0.40739927972522;1.05553562082702;0.324640546007135;-0.202593173849528
83;-0.2561461372408036;Jarrett Allen;CLE;;73;28;15.9243760248054;0.011763076832307;8.92735018479449;1.31000154083797;0.996389789421424;0.822531497358994;1.17179860402263;0.651935428864918;9.49061850547717;0.68484018974873;5.1662739859763;-0.376279282427156;-3.93526944928376;-1.97983707007924;1.20864431702036;-0.805977001190121;-0.186103796876698;1.62328313432108;3.65490012751581;-1.33034265709526
84;-0.2618363562372767;VJ Edgecombe;PHI;;73;34;14.1222151172557;1.94533205063774;5.83259380427376;3.03442210087345;1.58315958534246;0.578007618607563;1.44424964739279;0.46244341777609;11.8694274941923;0.821690808436345;1.45919343308718;-0.763741082156927;-0.460569117678354;-0.904162166450331;-0.430893442452457;1.17320182540725;-0.800998721014267;1.18610820632103;-0.0304687024618141;0.18023399593632
85;-0.30478897597929383;Immanuel Quickley;TOR;;68;32;14.7828952415245;2.56243676043764;3.59499394276127;5.99522222068123;1.07279501412242;0.0663552786800362;1.20295758671722;0.446280158819831;11.7323204220462;0.832590227750202;2.10025866296812;-0.62169588024267;0.648392584141311;0.94275294077453;-1.61632745161462;-0.54826161771122;-2.08763145541631;1.57328543254112;-0.420494791068653;0.485432557264412
86;-0.3090233128706622;Dylan Harper;SAS;;73;29;16.0558243341014;1.25199112455338;4.26505024884135;5.28228205060854;0.946767396861745;0.534962471716853;1.67296725910383;0.535557093524321;12.1273791157801;0.787;2.30498778515694;-0.348018099822484;-1.70653033158815;0.49802856987029;-1.26134551452065;-0.973353695358674;-0.909242719379595;0.81910794016214;1.79179839613653;0.153017108834583
87;-0.3150414931115526;Andrew Wiggins;MIA;;73;32;15.0152265495267;2.16184837578072;4.52852515950211;2.43208273965444;1.17469989434086;0.831703234563735;1.39352533460115;0.459224811423614;11.848633134092;0.791814705735497;2.48922573198887;-0.571745009399234;-0.0714806719263259;-1.27989494843353;-1.12176197010306;-0.204535709088582;-0.163039977173216;1.26750043561196;-0.108880140813233;0.2368840521996
88;-0.31559385941123064;Kevin Porter Jr.;MIL;Unrestricted Free Agent;57;29;14.9084848971627;0.802277193883393;4.90334961606456;5.18255078317419;1.48133597905434;0.44249633490938;2.26794429776716;0.47195703232068;11.9840261872119;0.868263784734205;3.21828099164011;-0.594694299086867;-2.51468414725018;0.435817283382251;-0.923187745141089;0.829750054347867;-1.14176380675905;-0.135592180717677;0.204141713071419;1.35746697498428
89;-0.31717377648129585;Brandin Podziemski;GSW;Restricted Free Agent;73;30;15.706830594159;2.03487877524807;4.74488987006385;3.73968196039032;0.989169877635716;0.188014885306158;1.57229529977018;0.48173303311736;11.0112979945704;0.822179718244207;3.72538970249103;-0.423051212573975;-0.299650092852821;-0.464228690243381;-1.00713643285037;-0.830329816613662;-1.78169865666899;0.980646160126001;0.402685917332649;0.950455128389641
90;-0.33404277271910343;Cameron Boozer;MEM;;73;30;16.0984642252656;1.50340932381465;7.41719661563629;4.57875713338881;1.28770861250445;0.452086565564797;3.02230374014649;0.471107304406934;12.8229583080035;0.780096144209552;3.2214955478152;-0.338850589362374;-1.25472183022115;0.0591773319128304;0.408596269677485;0.176643526388608;-1.11764761744685;-1.34603729712813;0.201227654945588;0.25078355379246
91;-0.33612441546253374;Stephon Castle;SAS;;68;31;16.7271746894935;1.29635837323275;5.94145491839541;8.04622216884315;0.899896112639758;0.325816248422032;3.03504423712124;0.468090951197324;12.0825257045703;0.736312515277813;5.59460056830575;-0.203678814767678;-1.62680062150948;2.22214453625433;-0.373221081466584;-1.13145088092013;-1.43517479506558;-1.36648069781664;0.110476311482864;-0.291136552902076
92;-0.34548056611071937;De'Aaron Fox;SAS;;68;31;16.770894813418;1.66085860828852;3.62645995755167;6.11153197671184;1.24057406892866;0.260424448690311;2.01539194948818;0.478507512322023;13.8710701321559;0.725910437977796;2.52815441788869;-0.194279055939689;-0.971779205270106;1.01530570922839;-1.59965740943821;0.0176583650953213;-1.59961307381597;0.26965330232164;0.43457045091445;-0.404716171312218
93;-0.34570789788101225;Ty Jerome;MEM;Player Option;62;27;15.4697407357521;2.1169454598684;2.92275717327513;5.55767105662794;1.17249088837649;0.113224290375568;1.81503293521513;0.455777171720203;12.0805005241267;0.879656878605747;2.66099499601713;-0.474025164373271;-0.152172997322674;0.669813254752662;-1.9724645530084;-0.211986702413223;-1.96977172924934;0.591149364716882;-0.195115306854643;1.18683109556485
94;-0.34602356702173415;Jalen Green;PHX;Player Option;73;32;20.3352229127591;2.49872331373198;4.50642728480237;3.43280914669051;0.917937591760763;0.323171466893225;2.46200733414195;0.433620424769469;17.7527905284855;0.761292650558458;3.20580325795376;0.572045956667439;0.533896986934778;-0.655652634003413;-1.13346896591131;-1.07059683948;-1.44182552687067;-0.44698571735154;-1.05997573466022;0.0128202392459432
95;-0.34755807027665814;Keegan Murray;SAC;;73;35;14.7452331587821;1.70813375033719;5.67401199931601;1.97834502411828;1.03925276547143;1.09880640717069;1.30566605207908;0.453557215729351;12.4211341659551;0.791317555826363;2.23640855481115;-0.629793169613341;-0.886823895178462;-1.56293163028689;-0.514906794466239;-0.661399868500525;0.508634240885524;1.40847943512542;-0.255172326074586;0.17688650643805
96;-0.3519160810620093;Alex Sarr;WAS;;68;29;13.1053636333005;1.14148345557706;6.69096656521351;2.47258777149213;0.883277728575399;1.91432753966568;1.37007061245451;0.471455707038594;11.1252364747331;0.686156639578313;2.14785901116608;-0.982362573934184;-1.90511700692213;-1.25462834744984;0.0238546476142811;-1.18750481229336;2.55939430349621;1.30513588137455;0.172757018328712;-0.723830696671714
97;-0.35236326288192904;Jerami Grant;MEM;Player Option;68;29;17.6800054178677;2.44430908277265;3.10490392689177;2.26064530420705;0.670687447846346;0.71109256019073;1.9907631945868;0.449206319091141;12.4379680521126;0.813286956658643;4.9936478269063;0.00117831386444813;0.436112450194746;-1.38683576735386;-1.87596697982313;-1.9045733889042;-0.466335065765197;0.309172600972713;-0.366578155487416;1.20665854433037
98;-0.3721492935413126;Ausar Thompson;DET;Restricted Free Agent;68;29;11.5050835723888;0.131047807443915;6.11834481803818;4.68764158276426;2.11212653251316;0.970546907796755;1.79503361221223;0.541294582982848;9.01009045322288;0.591587775766081;2.73807120814371;-1.32642030478107;-3.72091004518354;0.12709827434593;-0.279508480513846;2.95741121908741;0.186104942151354;0.62324027721878;1.41840379194777;-1.84765954960278
99;-0.38724442927399205;Caleb Wilson;CHI;;73;30;14.0018394915509;1.07945634394507;8.04819297761292;1.99266265472345;1.19420651768017;1.10858720577356;1.9493578221148;0.478897504593781;11.1257551344766;0.725379845570344;3.12414305442884;-0.789621654964709;-2.01658219294652;-1.55400044709508;0.742885058307945;-0.138739725450788;0.533229644187752;0.375611659180571;0.34283884842471;-0.433246455389564
100;-0.3876831075729629;Rudy Gobert;MIN;Player Option;68;32;11.9553882102924;0.00856319831453862;12.455721177034;1.73624010727088;0.813892667923162;1.61798637928327;1.49381350005452;0.666346222223098;7.23557772453955;0.572831055171759;4.02217237784;-1.22960550611472;-3.9410197582189;-1.71395406015896;3.07790210662119;-1.42154113093094;1.814196426452;1.10657805128559;2.98307994674836;-2.86265444890067
101;-0.39432581124528987;RJ Barrett;TOR;Unrestricted Free Agent;68;31;19.1136266565189;1.77698490203034;5.16386082323835;2.94429318508796;0.709200902997916;0.383823569317985;1.70297600181313;0.465443923003316;14.9338617649239;0.70853287576278;4.84789268229771;0.309404656435525;-0.763095637815731;-0.960383609785326;-0.785174309377397;-1.77466722211618;-1.28930598518138;0.770955913394211;0.072799087399953;-0.819325948313351
102;-0.4032987179077439;Payton Pritchard;BOS;;77;31;16.6860346924873;2.8124083535262;3.5524670093037;4.63904383933767;0.679267248651532;0.124489234903106;1.56700628977624;0.47123589574507;13.4809662874807;0.871656440292859;1.34020221383146;-0.212523850310354;1.09760147669366;0.0967835273587428;-1.63885733914862;-1.87563365784086;-1.94144420047774;0.989132905247952;0.218909101557308;0.401472579514171
103;-0.40661398829986894;Collin Murray-Boyles;TOR;;73;26;13.2986613669723;0.179864428729334;5.99509066308069;2.14910757565678;1.09215152109908;1.3012188838153;0.983478467116658;0.62327556367767;8.89011038683569;0.645263856315505;3.15656888772586;-0.940803861025472;-3.63318463560869;-1.45641179665314;-0.344805976089481;-0.482971977666003;1.01763321925281;1.92546161480858;2.8955991027159;-1.42134920114862
104;-0.40704879126058297;Jalen Suggs;ORL;;57;28;12.4394635815332;2.22987034457597;3.7855444888968;5.47963342526861;1.74127898738805;0.656414044021289;2.60813451202018;0.433482616284604;10.4532716378705;0.846806288251101;1.35446580432286;-1.12553005216381;0.0507575107975831;0.621134223930768;-1.51537772340861;1.70653972858212;-0.603833056651154;-0.68146137829064;-0.657503943103835;0.27771367411845
105;-0.4161278094849601;Aaron Gordon;DEN;;57;28;16.0194112371135;1.7841342064626;5.80845206703972;2.76141130357922;0.535733078783272;0.296030437376917;1.18224455186701;0.478439136385919;11.3273329569008;0.786185559156525;4.32009745814221;-0.355846859193282;-0.750248053468823;-1.07446335043939;-0.443683234251131;-2.35977546587408;-1.51007604445063;1.60652156703079;0.339725184077597;0.545063884097881
106;-0.4247986649702467;Tobias Harris;SAS;;73;30;13.561496191678;1.24164578743147;5.80694327617142;2.71071087043773;1.0840002001634;0.560293698307771;1.04950222371534;0.463150859300097;11.2114319274818;0.86843656549934;2.22777554367331;-0.884294781405832;-1.72512131376414;-1.10608973253976;-0.444482560367815;-0.510466442985873;-0.845543244577922;1.81951989889411;-0.0165870872744001;0.845416572306705
107;-0.4321830718953244;Neemias Queta;BOS;;73;25;11.4428523651434;0.0263149922799754;8.30405371534525;1.7339782546903;0.75594578846625;1.31952073763424;0.857295077466285;0.669371301189983;7.10286503287619;0.739375074223083;2.58005634880458;-1.33979991780988;-3.90911907858765;-1.71536497934714;0.878434771790768;-1.61699638047814;1.06365619693923;2.12793547434252;2.97114473979231;-0.27107667516446
108;-0.44033241771689974;Reed Sheppard;HOU;;73;24;12.9110549514083;2.87408960565015;2.78437206789975;2.74393941845762;1.30853284769335;0.644377486940574;1.17724703611887;0.44323865774456;10.3482669285715;0.833650209860402;1.03575990114348;-1.02413863914217;1.20844513942949;-1.08536212349972;-2.04577811236953;0.246883824461996;-0.634100930246221;1.61454058050326;-0.444264140320926;0.0859848222906057
109;-0.4436114974254392;DeMar DeRozan;DEN;Unrestricted Free Agent;73;29;16.2452900130605;0.51032032311395;2.62061347354866;4.20373873254446;0.77969291043894;0.308900945354945;1.37319007983421;0.484397563117747;11.9701157997427;0.862735670350073;4.79681087140189;-0.307283272732971;-3.03934225328117;-0.174755092425123;-2.13253402006125;-1.53689716383868;-1.47771106616233;1.30013038420248;0.509704124164797;2.07241938165092
110;-0.45069995253015804;Derik Queen;NOP;;73;27;13.104507724054;0.319243175942651;7.51594257843389;2.95964595882518;1.14134654469311;0.955579885356436;2.21736429605823;0.507275648305441;9.66733529650031;0.809295313924396;3.67882642720078;-0.982546593094551;-3.38271548466461;-0.950806715498076;0.460909833233309;-0.317036802154063;0.148467938456673;-0.0544315129814872;0.851727739794027;0.749724107163074
111;-0.451224599562744;Cameron Johnson;DEN;Unrestricted Free Agent;68;32;13.1808296865739;2.34518592820256;4.26244118371981;2.91626379593004;0.880243954699314;0.468868506448407;0.931936600946304;0.468723050120582;9.72085934059719;0.845139964889742;2.0385523701513;-0.966137489538379;0.257984199938132;-0.977868039732393;-1.26272774312211;-1.19773775383529;-1.07544670717502;2.00816569020241;0.0870499873527803;0.561860520291366
112;-0.4572218433115246;De'Andre Hunter;SAC;Unrestricted Free Agent;68;30;15.9794452839462;2.09571789922966;4.02069254145959;1.88112003731553;0.847100867873853;0.181893384381287;1.45210742797242;0.439856512932592;11.8685028259982;0.859762114834476;4.00442260919002;-0.364439477131695;-0.190319767874871;-1.6235795260109;-1.39080116104336;-1.30952962885856;-1.79709216288207;1.17349961206995;-0.581119833896112;1.63221403862703
113;-0.46016544868294834;Egor Dëmin;BKN;;68;31;14.143673364916;2.82760048571989;3.5415842083307;3.34895070595521;0.999564337225509;0.444231890918719;1.4789631748084;0.417972746154953;11.2964173885744;0.834975526591469;2.24304021413843;-0.759127592194584;1.1249023423397;-0.707962622788607;-1.64462282144518;-0.795269228156227;-1.13739946988468;1.13040688229296;-1.06446298584792;0.560463298238618
114;-0.46269256140341314;Peyton Watson;CLE;;68;32;15.3662554098499;1.44208928836057;5.13813986995024;2.62671428913133;0.94014148158837;1.13944188512777;2.00983265869697;0.481213026380346;11.8070718454043;0.701896373598089;3.64830574280943;-0.496274348922616;-1.36491637223792;-1.15848589191985;-0.798800737095884;-0.99570295618814;0.610818736172025;0.278573739994828;0.424520042485977;-0.788055813231434
115;-0.46436929334691185;Aaron Nesmith;IND;;73;30;13.7942053615258;2.15417247624303;4.30529399951509;1.6163557908472;0.880939482639447;0.578093236142318;1.00952643053506;0.487111959048292;10.1079598205467;0.863864732936788;2.07511268442776;-0.834262670851706;-0.08527456861701;-1.78873660074349;-1.24002520988287;-1.19539173299034;-0.80078342184673;1.88366505425544;0.475265360546939;0.729141261835436
116;-0.4697213135027877;Mikal Bridges;NYK;;81;32;13.1645661213463;1.75610373098012;3.36168902292418;3.23548360893898;1.10479555798013;0.696351534314128;0.941215967278278;0.480802364608032;10.7860990898306;0.845315986498067;1.2261669155057;-0.969634130835341;-0.800619932503655;-0.778742171279651;-1.73992756047984;-0.440323548500678;-0.503403764472194;1.99327601953759;0.372318361132915;0.214805837397164
117;-0.4742524166476286;John Collins;DET;;73;28;14.7382967510342;1.38311768004663;5.90334999443361;1.38927155707359;0.889601439988976;0.637790707032333;1.43385302391029;0.531754863440658;10.5049620524993;0.767699623518398;2.84362487717592;-0.63128448651984;-1.47089069730193;-1.93038929089412;-0.393408280061745;-1.16617488730017;-0.650664455872714;1.20279062774318;1.46015094604011;0.0473159432092486
118;-0.48737265525605866;Myles Turner;MIL;;73;27;12.3960944702269;1.91504248588363;5.3630075786468;1.38196668535126;0.682948855514455;1.71585831205759;1.3016190175984;0.450876744646877;9.50944867859011;0.737833701550471;2.58306641884184;-1.13485434382335;-0.515000669963848;-1.93494599090573;-0.679670487744202;-1.86321557088137;2.06031126393026;1.4149733064126;-0.265049393385029;-0.286566452476973
119;-0.4975574544340301;Ace Bailey;UTA;;73;28;15.4763996521494;2.01554977328761;3.90809274595021;2.08076569239793;0.85;0.9;1.55245664403822;0.462675832661908;13.0117917499452;0.785;1.80938434930357;-0.472593507676724;-0.334385077966603;-1.49904272462512;-1.45045419790551;-1.29975083492699;0.00870330866130787;1.0124792659345;-0.0200722004598851;0.0390977641693956
120;-0.49793702954671476;Jakob Poeltl;TOR;;68;27;12.8738507838325;0;7.14917697550276;2.35777570610022;1.03866038908667;0.948569968505527;1.35113969177778;0.694141849254334;8.30331341504871;0.611819104891591;2.20080758404987;-1.03213747746231;-3.95640816609378;-1.32624687267395;0.266605021821878;-0.663397958392411;0.130840366408251;1.33551243556737;3.90827503040017;-1.37241550067216
121;-0.5044553792439849;Cason Wallace;OKC;Restricted Free Agent;73;30;10.245164834293;1.7622029973175;3.52317813510999;2.75022310946974;1.8980444937477;0.498629545761343;0.874058586488138;0.437403295954346;8.72254051898144;0.816567716624022;1.04391329148314;-1.59730087916863;-0.789659308366551;-1.08144242497574;-1.65437397738073;2.23531093167518;-1.00060775032539;2.1010367487623;-0.4906388911024;0.0195242804424376
122;-0.5095094730876137;Jeremiah Fears;NOP;;73;26;14.9667074050996;1.45768963156651;3.217605925698;3.52887386239095;1.20057118331261;0.426619047268945;1.69396622973567;0.450016057884598;12.0568328155378;0.795551039682733;3.34042807127615;-0.582176550191356;-1.33688193517092;-0.595728502849999;-1.81625979777354;-0.117271661576906;-1.18168981982995;0.785412993134254;-0.337557197223428;0.472983727220186
123;-0.523314400446489;Toumani Camara;POR;;73;33;12.2441988654659;2.53221146049021;5.03876171572895;2.28167298362001;1.40446204749886;0.423775928108575;1.33462850176128;0.421463694885705;10.2653437487533;0.751851837471968;1.40858602845704;-1.1675116632365;0.594076518268816;-1.37371892825424;-0.851449222559254;0.57045371921003;-1.18883930375502;1.36200629008659;-0.900444095541959;-0.220683672831103
124;-0.5261847038664338;Grayson Allen;CHA;Player Option;62;27;13.6015416323746;2.6199951611377;2.97082279482898;3.79449642724094;0.994751057788731;0.268863938129603;1.70317401669137;0.441235260121771;9.94550676704938;0.844721991602431;2.61024332544064;-0.875685073771915;0.751827318928949;-0.430036018389714;-1.94700038336774;-0.811504455010081;-1.5783906097972;0.770638178732355;-0.470778738932223;0.802424774284137
125;-0.5332206385583699;Ajay Mitchell;OKC;;73;27;13.0875023369639;1.29454489063917;3.32552307171205;3.71500153110141;1.19745433849347;0.335884860507768;1.29637287361253;0.485019185232568;10.0975809630542;0.854829674894487;2.33720999862394;-0.986202724941285;-1.63005952184075;-0.479624075227844;-1.75908753151754;-0.12778480201923;-1.40985563811354;1.42339126874055;0.431294321640089;0.778130825678971
126;-0.535815046846995;Miles Bridges;PHX;Unrestricted Free Agent;77;30;14.7345695125198;1.55001547181833;6.02511006546532;3.39498454090754;0.614383656435149;0.42722828813216;1.56303734316531;0.472180340904474;11.7911808373102;0.811359740437971;2.52591589612316;-0.632085837018989;-1.17096872902997;-0.67924721419072;-0.328902319169601;-2.09448649041837;-1.18015778493715;0.995501476743977;0.205075318355649;0.437610015702272
127;-0.5588352962696532;Scoot Henderson;POR;Restricted Free Agent;68;30;15.6719717624825;2.10485892647505;3.02683464515334;3.98844680369045;1.01147198284394;0.250769765650673;2.16068790574936;0.422923325031266;13.0243153991625;0.832248259952883;3.06463757150107;-0.430545807313696;-0.173892978434699;-0.309051870246744;-1.91732646649249;-0.7551046521224;-1.62389133909437;0.0365114195398588;-1.08352805454973;0.84710252327833
128;-0.5605706379107743;Fred VanVleet;HOU;Unrestricted Free Agent;61;32;12.6715552873506;2.55224127039129;2.95715822446252;5.41949104780967;1.12123164797708;0.330013310029515;1.49541555130805;0.375832475377218;11.330925676829;0.818550202246635;1.95742951585111;-1.07563069541845;0.630070883118562;0.583618059036615;-1.95423958940794;-0.384884496354255;-1.42462060341807;1.10400739993939;-2.0482966213865;0.324020004755515
129;-0.5656173464719061;Paul Reed;DET;Unrestricted Free Agent;73;20;10.2948451446867;0.202674469553205;6.34406957804817;1.85634691083675;1.28885917620926;1.21686549742791;1.13548685287758;0.600007410032977;7.06174932843302;0.684647475476802;2.36321155540119;-1.58661968949481;-3.59219408523869;-1.63903273450031;-0.159924183147587;0.180524386206277;0.805512957672356;1.68154896805043;1.94735817208229;-0.779126666627414
130;-0.5725276128521237;Isaiah Hartenstein;OKC;;68;26;9.58843838308028;0.0299853709258196;10.2950744186746;3.37075417880574;1.0384892872863;0.909344402718161;1.6124807304466;0.640635169728505;6.4087603836438;0.647924495115503;2.07909784251079;-1.7384960475085;-3.90252326221358;-0.694361852129281;1.93323625585826;-0.663975086020381;0.0322013237829122;0.916164620450829;2.2952839769163;-1.02079854871727
131;-0.5750861507475427;Ayo Dosunmu;MIN;;73;31;13.5611833116316;1.30191757586722;4.09523262968864;4.41017634201794;1.07491775065938;0.259978821057622;1.71910493829521;0.497211993240894;10.8719262039937;0.848028555041718;1.70744431970453;-0.884362050130489;-1.61681051332137;-0.0459815433141118;-1.35131136791613;-0.541101611798167;-1.60073367672312;0.745075422873604;0.74232928325487;0.439312511441934
132;-0.5816655764809129;P.J. Washington;DAL;;68;29;13.9319272578934;1.60765382687861;5.67084776462122;1.8660809974715;0.869213006780595;0.810446185095425;1.25161804712618;0.451510110508952;11.2262926257404;0.690060680535724;3.16885781872014;-0.804652676757815;-1.06739031307774;-1.63296071648718;-0.516583140395952;-1.23494522209592;-0.216494273281009;1.49520486066078;-0.284945646083094;-0.871734668097555
133;-0.5895960143314639;Nic Claxton;CHI;;73;28;12.0777099234945;0.0361037974257746;7.89342482025084;3.04033689629317;0.737834809867087;1.39791232633375;1.28285916687824;0.595484855063665;8.74297102711499;0.559736439650285;2.91028480702759;-1.20330652751366;-3.89152820650245;-0.90047258100897;0.660892097712945;-1.67808484416799;1.2607845519798;1.44507536176328;2.34735927942618;-2.30602168571375
134;-0.5984610342053011;Anthony Black;ORL;Restricted Free Agent;68;26;13.0114052500049;1.41210572930197;3.04092830712339;2.76239045844101;1.31191261872848;0.676607715200669;1.44671168894153;0.448471019302629;10.3258307935804;0.74868856906196;3.12229663309103;-1.00256348060068;-1.41879802012069;-1.07385256422169;-1.90985993661809;0.258283816959866;-0.553052797597083;1.18215761459825;-0.332481452762221;-0.14918441077427
135;-0.6153583998399237;Sandro Mamukelashvili;LAL;;73;26;11.9993330445845;1.70006221696167;5.33299456376939;2.36688057263063;0.858230444035635;0.534341399485984;0.932515889641332;0.493905802970791;8.91753272480604;0.733417497072623;2.03216927826855;-1.22015743490625;-0.901328761607561;-1.32056735535977;-0.695570760695204;-1.27198948681047;-0.910804506163913;2.00723616359679;0.535029959178191;-0.326825668137274
136;-0.6220575615097267;Kelly Oubre Jr.;IND;;73;28;13.8797733571765;1.51454328763864;4.20359875669065;1.38706278988313;1.22265012832627;0.359098329813598;1.21093283272821;0.464358692026643;11.0928246957876;0.744942168363287;2.76951825782296;-0.81586568451425;-1.23471365450287;-1.93176709598981;-1.2939012408425;-0.0427992180591685;-1.35148160723908;1.56048835326585;0.0103274599481014;-0.207970476486069
137;-0.6289258791866049;Jaime Jaquez Jr.;MIL;Restricted Free Agent;73;27;14.5404554816509;0.978931631362828;4.15689684709722;3.45190020370565;0.857516286625343;0.286934128190382;1.46428600415923;0.504767746485237;11.5293109915025;0.786503270178889;2.44407781602041;-0.673820052558891;-2.19722909868198;-0.643743839019832;-1.31864294416359;-1.27439834499495;-1.5329501881774;1.15395786944436;0.970624422748726;0.17628778959169
138;-0.6341017571902702;Pelle Larsson;MIA;Restricted Free Agent;73;30;13.7638585440581;1.02513161606537;3.19618499911983;3.36669020606937;0.836177719407811;0.256315081707575;1.67390688654091;0.535504507806392;8.94644843163201;0.82;3.85;-0.840787189535275;-2.11420588909347;-0.696896914388951;-1.82760816050376;-1.34637348877441;-1.60994674311652;0.817600214032443;1.30145915307878;0.959906864390438
139;-0.639698324056366;Jrue Holiday;POR;Player Option;68;31;13.0595345769278;2.21568121780116;4.66586522672349;4.14169541727599;0.988992414542853;0.129358733212302;1.74428543059334;0.434562315714724;11.1866575274655;0.842841392810754;1.33032592870351;-0.992215749967298;0.0252590857723809;-0.213457041774913;-1.04900205028666;-0.830928400927883;-1.92919905775913;0.704670806428496;-0.67363549220407;0.246636439859609
140;-0.6429644941960064;Andrew Nembhard;IND;;68;31;13.4097487723139;1.52058825531961;3.47718044157434;5.15604840985012;0.998142084681901;0.131327599107348;1.89328807119364;0.444166517966958;10.7463968006741;0.818778654837221;2.86131203819273;-0.916920241188501;-1.22385060721044;0.419285389404647;-1.67874260163659;-0.800066496420462;-1.92424802536363;0.465581178176451;-0.438029620456322;0.619864754886672
141;-0.655190225864011;Mark Williams;PHX;;65;23;11.3136950849298;0;7.95012262418116;0.673349917751345;0.712487073940503;0.964882459172987;1.18005543679878;0.643478085716365;7.29762368893596;0.772619473768526;2.48760652159767;-1.36756853271553;-3.95640816609378;-2.37697347008528;0.69092941858513;-1.76358294341717;0.171860768025792;1.61003422093918;2.6665001728506;0.0501965307612139
142;-0.6569888270508251;Darryn Peterson;UTA;;68;31;15.3125023967436;1.56838091950934;3.3801654518253;4.81957751684466;1.20683249224303;0.532194623022521;3.33355982898108;0.421299874651149;13.1051954574489;0.792222027524126;3.41026502213474;-0.507831163362333;-1.13796528925278;0.209398483741604;-1.73013913156366;-0.0961522206172352;-0.916202923518413;-1.84547879877422;-1.13349971749838;0.445075877520961
143;-0.6592155787863804;Miles McBride;NYK;Unrestricted Free Agent;73;27;12.6819635827923;2.6472274743494;2.80029110489784;2.83021700304704;0.919023664907137;0.214024550461798;0.929256860182272;0.434065579213046;10.2440674652472;0.805571960033391;1.41705770493242;-1.07339292804315;0.80076486862538;-1.0315430989303;-2.03734453665511;-1.06693350678909;-1.71629313813892;2.01246560207312;-0.633558185308837;0.0769137324286528
144;-0.6654241128650579;Day'Ron Sharpe;BKN;;73;24;10.2853810768984;0.151909928638097;8.80739943923995;2.32673339838883;1.03687308235551;0.841572745084361;1.62733776552141;0.610520411995152;7.09377445404239;0.669287011968406;2.19888167165636;-1.58865444938925;-3.6834199838444;-1.34561072864374;1.14509689924898;-0.669426557109552;-0.138221493375876;0.89232502285274;2.10971301925108;-0.878384073673459
145;-0.6664303518595757;Nikola Vučević;ORL;Unrestricted Free Agent;73;22;12.3098624586244;1.44965597679301;6.80111832742381;2.67120263385702;0.450538714347838;0.620550532940722;1.08081580070302;0.482048685564587;10.2588716671028;0.835262795810908;1.16089844021437;-1.15339409256047;-1.351318732246;-1.13073454341793;0.0822107671954511;-2.64713668216054;-0.694017667813851;1.76927413512064;0.376768123837701;0.141268775399277
146;-0.6716305125009266;Saddiq Bey;NOP;Unrestricted Free Agent;73;29;13.4331530459855;1.6483165129529;4.3397638380916;2.02808305685422;0.834673739403463;0.121513039778356;1.02784938630882;0.460988471047458;10.542262531356;0.837650831341328;2.465363232917;-0.911888358652277;-0.994317849307174;-1.53190558315555;-1.22176380414999;-1.35144642436333;-1.94892832548343;1.85426404050979;-0.0668369278619448;0.672590386030004
147;-0.672249492516812;Mitchell Robinson;BOS;;52;23;8.72813833466478;0;8.71157471217951;0.996353871591098;1.14824245530041;1.33217621039073;0.782536789808267;0.727901073481342;5.18343407162223;0.492681183496835;2.39928766137912;-1.92345922347701;-3.95640816609378;-2.17548709549045;1.09433094581379;-0.293776845082392;1.09548043431131;2.2478926182757;2.7714419946781;-2.58355805275872
148;-0.673637896204383;Jonathan Kuminga;MIN;Player Option;68;29;14.7480013344532;1.18208912725735;5.49342290942355;2.74309067480902;0.904612171113401;0.420508147374251;1.85880617432374;0.467526854119575;11.6818890510374;0.704131083842172;3.75316271561932;-0.629198016137867;-1.83214700028467;-1.08589156061244;-0.610579149709174;-1.11554358108821;-1.19705666803449;0.52091082784464;0.0908251734250011;-0.769034536423364
149;-0.6833193157833132;Ja'Kobe Walter;TOR;;73;25;11.2409187867205;2.34817000453249;3.26879786525324;1.62492858049621;1.14120071468699;0.257613750619848;0.629836459178154;0.428977102488389;8.5972958757231;0.785558944818139;1.93067960614073;-1.38321532394472;0.263346703760647;-1.78338898723595;-1.78913936968112;-0.317528687834617;-1.60668102965585;2.49291555972983;-0.633459697106608;0.0667870240951828
150;-0.6896731573951496;De'Anthony Melton;GSW;Unrestricted Free Agent;68;25;12.1909471914738;1.76596601487612;3.5691347826858;3.2028082826683;1.457010574049;0.417722405340443;2.30399181685816;0.420493327247703;10.1432135070242;0.823019100841332;2.30210207947292;-1.17896069054431;-0.782897016182564;-0.799124686573098;-1.63002709842328;0.747700284796584;-1.20406186787547;-0.1934340277088;-0.910828754581194;0.476005537006216
151;-0.6975681197561295;Rui Hachimura;LAC;;73;30;13.0319377273735;1.85892771928239;5.80578255191626;1.25939680657761;0.644037805468642;0.371756812989905;0.874273492896145;0.487892541620973;10.2290671224337;0.715235815462116;1.66607833217873;-0.998149029815055;-0.615841136871807;-2.0114037562521;-0.445097488010149;-1.99446282816471;-1.31964979967846;2.10069190995279;0.498246912041932;-0.442204333345876
152;-0.708446990120589;Josh Hart;NYK;;73;30;10.2324197961308;1.19406875181646;7.47347756629765;4.29746758886062;1.09793508821569;0.178328913680725;1.58204441439983;0.464244622760766;8.43808252876716;0.729321073089096;1.65041462250991;-1.60004104260423;-1.81061913859886;-0.116288045103988;0.438412750331383;-0.463463963349364;-1.80605560216744;0.965002731370653;-0.0118185244484888;-0.350259374949424
153;-0.7104087289753083;Christian Braun;DEN;;73;31;12.7438750971252;1.16366389583621;4.69183989074553;2.25432335603802;0.644598113984546;0.260879001227809;0.838259165034804;0.53721524165116;9.37325473067427;0.800627531520947;1.88514700216179;-1.06008204849464;-1.86525787380213;-1.39077933027875;-1.03524121188212;-1.99257290342975;-1.59847002778919;2.15848049829877;1.4000131751552;0.168722302461978
154;-0.7168794607954045;Max Strus;LAC;Unrestricted Free Agent;73;26;12.113254550738;2.6941068766841;4.92964893662392;2.16693033516212;0.484556674692971;0.161700858331854;0.757973449699678;0.463504661610567;9.2607589043053;0.819342606791377;1.01830152947512;-1.1956644877908;0.885009018714971;-1.44529415194533;-0.909254910434954;-2.53239385233674;-1.84786954232129;2.28730695235415;-0.0198370862786429;0.0224382070705357
155;-0.7178968707141472;Devin Vassell;SAS;;68;29;12.237508155025;2.2863970441304;3.82336025575777;2.31416781749687;0.800465482564456;0.30757591071688;0.861637115159713;0.439129523667359;9.94577924794728;0.76877243808484;1.58192521394324;-1.16895015560311;0.152338237602359;-1.35344900216486;-1.49534371424969;-1.46683112565712;-1.4810430805137;2.12096824091769;-0.513808979360925;-0.105102488572824
156;-0.7263939910607516;Jusuf Nurkić;UTA;;68;27;9.89924249902062;0.54630833931585;10.6249654086934;4.84058338728232;0.98798319276076;0.766106165253715;2.5379014030839;0.501367255396881;7.95165418344641;0.580030416566747;2.37838577540651;-1.67167364468022;-2.97467035715302;0.222501718638203;2.10800566195758;-0.834332513403243;-0.327994439547151;-0.568765335865424;0.590941612544347;-1.75307742192945
157;-0.7270733044459614;Dillon Brooks;PHX;;68;29;15.9141196750493;1.71977576706999;3.52402797546885;1.69377940815115;0.828176344919407;0.18003627966368;1.44818071486822;0.419470064289032;14.7152761838674;0.847797015898956;2.18107421888385;-0.378484381715743;-0.865902728181053;-1.74044058525159;-1.65392374958036;-1.37336218362751;-1.80176215368329;1.17980041568358;-1.31898333188767;0.645508405389122
158;-0.7282504639091585;Wendell Carter Jr.;ORL;;73;28;11.0290436967782;0.707592632745678;7.03790777654511;1.53384883139795;0.64929452688539;0.544468609957468;1.24093910991267;0.516299092432572;7.21871860823441;0.807270527316011;3.55198813172447;-1.42876813963562;-2.68483606861434;-1.84020355011254;0.207656907422429;-1.97673186825902;-0.885337994073621;1.51234028267893;0.751064711181058;0.685083274643426
159;-0.7401017079856004;Sam Merrill;CLE;;73;28;11.6801629830935;2.7493310966473;2.90195970476267;2.38768207169973;0.752046954862148;0.176387421422647;0.836543660344414;0.450482840979201;8.82188878111404;0.844109209306245;1.16408260184277;-1.28877850305122;0.984249137903032;-1.30759160511353;-1.98348262058304;-1.63014717482936;-1.81093779911622;2.16123319702302;-0.25837016213977;0.182694363211084
160;-0.7434411617269933;Joan Beringer;MIN;;73;19;10.3196834568653;0;5.72182910756902;0.647861008443796;0.453155632659253;1.47808285570676;0.652262614400599;0.685515993831725;6.11741613748609;0.707023987807024;2.73330224129638;-1.58127949090397;-3.95640816609378;-2.39287317616535;-0.489574282019356;-2.63830979749659;1.46238634166431;2.45693055239268;2.75154016314959;-0.613751303557625
161;-0.7481192471021324;Tre Jones;CHI;;66;25;12.2265791288344;0.604452543810235;2.77898049733898;4.546313542535;0.867270328325393;0.166751159344043;1.26358583552092;0.540242755260804;8.98988828061478;0.826410100245479;2.30960700509942;-1.1712998792817;-2.87018290965331;0.0389393706672687;-2.0486344546564;-1.24149789077817;-1.83516974190254;1.47600134811382;1.39563451263213;0.509133219179634
162;-0.7519057657957533;AJ Dybantsa;WAS;;73;31;15.714614586664;1.29550325487323;5.04038959796074;2.29922258685775;0.847483376752257;0.26314114353482;2.5407271131743;0.447407810455243;12.4746605379884;0.760042683333844;4.28474648628748;-0.421377666259417;-1.62833730320412;-1.36277167547323;-0.850586804307597;-1.30823942360534;-1.59278150432326;-0.573299470108549;-0.41352673125617;0.100949739488517
163;-0.7520210775767637;Isaiah Stewart;MEM;;68;24;11.2145509046217;0.619324841846306;5.16070708187434;1.42217972363496;0.373388768779589;1.33998231448979;1.20417388953663;0.568472094965186;7.40754538906467;0.763724077443483;2.8456093440286;-1.38888437769584;-2.84345679870627;-1.90986153234444;-0.786845096158047;-2.90736401458848;1.11511014823664;1.57133375310938;1.56650061894401;0.00342101615753584
164;-0.7557668922106576;Jalen Smith;CHI;Unrestricted Free Agent;68;22;10.6086945012744;1.6098369626738;6.61363573917059;1.17205503641503;0.479481425807702;0.855894555866169;1.00103025513766;0.484913325321186;7.82333408240804;0.767858309908358;1.83833349250454;-1.51914256465092;-1.06346713124443;-2.06588660827776;-0.0171136205397563;-2.54951270406234;-0.102206978968698;1.89729801679318;0.315798988721124;-0.0782656141638327
165;-0.7558655668307847;Brook Lopez;LAC;Unrestricted Free Agent;68;25;10.2125825887006;1.6256691205077;4.25133998624386;1.70031637243278;0.527406134720686;1.42232864058707;0.88099056380021;0.454768291256381;8.45924945881926;0.755016007438302;1.18264595187212;-1.60430601143156;-1.03501611407322;-1.73636289760008;-1.2686089273574;-2.38786230928949;1.32218333142488;2.08991369837932;-0.176324627544795;-0.220589228311457
166;-0.771271503099064;Bennedict Mathurin;NOP;Player Option;68;22;13.2069048176072;0.941748084178057;4.31072461790373;1.79902101959554;0.564887030276697;0.187527550239177;1.56114538960781;0.450889973535343;9.2723425779309;0.875248816674356;4.45992506349621;-0.960531376812247;-2.26404941152498;-1.67479200573926;-1.23714818086647;-2.26143897359287;-1.78292413967936;0.998537305309903;-0.260032559531282;2.12279287056863
167;-0.7783764862554907;Quentin Grimes;LAL;;73;30;12.477583212143;1.5763143433698;3.3393444164426;2.42883616909732;0.808664830813319;0.307035541095489;1.33074729985828;0.47260617103132;9.55719429022559;0.816905713048491;2.28629919013736;-1.11733439071137;-1.12370861111397;-1.28192012405025;-1.75176526967003;-1.43917466385752;-1.48240192750668;1.36823406642949;0.160570506967329;0.416060938592293
168;-0.778950573445243;Max Christie;DAL;Player Option;73;30;12.2118868209218;2.61278358820868;2.82665025056645;2.06773778514267;0.702318363184315;0.386625925432398;1.37192661046351;0.422810268346846;9.57633455119607;0.875106113485981;1.71540119173945;-1.17445870269317;0.738867835617347;-1.50716939233372;-2.02338000784659;-1.7978820794026;-1.282259006542;1.30215774707961;-0.818481642094527;0.624062699651386
169;-0.7829443243572409;Jaylon Tyson;CLE;;73;28;13.0237733529631;2.07631279394943;4.68357973716672;2.38474388343363;0.749605552364843;0.359526856517687;1.72988763486805;0.46428278196329;10.703247902883;0.732348132475251;1.37747758134858;-0.999904357649251;-0.225191513680422;-1.30942441519086;-1.03961726997081;-1.63838204336462;-1.35040400738852;0.727773508593639;0.00569880739546972;-0.32751749467966
170;-0.7830367219654284;Kyshawn George;WAS;;68;27;11.1601050681835;1.62524889149609;3.80522711145263;3.11614462307317;0.858008610112603;0.806453997131994;1.72277742997363;0.431527208913275;9.31403021554072;0.807338397085742;1.85342510252993;-1.40059014807725;-1.03577128231689;-0.853184540557442;-1.50495027810505;-1.27273773426039;-0.22653327694581;0.739182542944667;-0.631316282807661;0.209183636481626
171;-0.788599711613039;Collin Gillespie;PHX;;73;26;10.3079114360117;2.5371925462019;3.7316126874236;3.94001024777705;1.00496484670862;0.164148254158172;1.24313820420824;0.391375284860691;9.27890119175887;0.918290660357273;0.552824631119102;-1.5838104571275;0.603027727358656;-0.339266070205709;-1.54394967353311;-0.77705327004776;-1.84171516885624;1.50881161610295;-1.39450069308677;0.0834137777021139
172;-0.7890902897177446;Klay Thompson;MIA;Player Option;68;26;13.3117446636199;3.33084725538012;1.94069437859101;1.60736913693387;0.600134720569808;0.391752475348641;1.05678161947351;0.405738485912528;11.4842009999106;0.847563660106659;0.780746967040503;-0.937990972540187;2.02925679832599;-1.79434237830507;-2.49274105819395;-2.14254825563237;-1.26936746589602;1.80783938089317;-1.36953084770142;0.0306005635278316
173;-0.7904189404634174;Gui Santos;GSW;;73;27;11.5712417690321;1.32066812191938;4.82648007854564;2.96556610588317;1.01709355460953;0.396629374167972;1.84018363155721;0.504209469200931;8.61327259284761;0.717411197588999;2.18115698239198;-1.312196395123;-1.5831150364763;-0.947113791762615;-0.9639116322001;-0.736143049313262;-1.25710371339524;0.550792558861081;0.696549733997876;-0.464211091571902
174;-0.796132621458085;Morez Johnson;DAL;;73;25;11.0022535609366;0.266219254374454;7.96212006428664;1.0341672486576;0.637342575406078;0.959697259046735;1.35491556245882;0.522706173099957;8.37378119714042;0.725966836769576;2.73012479125675;-1.43452797728647;-3.47800158014505;-2.15189951965509;0.697285413581621;-2.01704588828665;0.158821741921062;1.32945367369698;0.993279920262413;-0.411591695480876
175;-0.8021707116317383;Tari Eason;HOU;;68;25;10.4023789742386;1.42008809761641;5.97595605395952;1.37766000979816;1.16243673377761;0.464757965262596;1.23600313089296;0.425245125830046;9.50351873116162;0.809851252848882;1.11087170160622;-1.56350008294055;-1.40445338685189;-1.93763244855876;-0.354943095238624;-0.245899439639591;-1.0857833291995;1.52026055432061;-0.765289168475539;0.0116182635452931
176;-0.808431502969065;Sam Hauser;BOS;;73;26;11.4740053903765;3.11934841643945;4.01194746951791;1.27847666055543;0.458556448182309;0.266872812698603;0.582623648608649;0.433353636125313;9.1917682670185;0.842141401980196;0.460830652853626;-1.33310206570728;1.64918497479286;-1.99950194960209;-1.39543411882574;-2.62009280711314;-1.58339761740355;2.56867323276381;-0.589515511162802;-0.119177058519583
177;-0.8106885787233703;Julian Champagnie;SAS;;73;25;10.0355694053123;2.23619590381371;4.77716142805378;1.43701436361569;0.623400691581334;0.471642153678512;0.684780596541598;0.447978129090002;7.72266563548753;0.85925258983704;1.02438201055498;-1.64236357128884;0.0621247922748544;-1.90060784429324;-0.990039630590087;-2.06407196471498;-1.06847192167821;2.40475220018177;-0.275123355893587;0.183964072574088
178;-0.8289441219124847;Naji Marshall;DAL;;73;26;12.9480148522577;0.662217302686935;3.52146808179328;3.30571692174077;0.953800261532744;0.166951138074537;1.65486609803642;0.492163970566119;9.94807829166393;0.763350487885443;3.26668570478355;-1.01619231778931;-2.7663773410167;-0.734931390005941;-1.65527992816933;-0.949631791225355;-1.83466686297331;0.848153062135158;0.56981270647619;0.0452043368719124
179;-0.8298994380412771;Mikel Brown Jr.;BKN;;68;28;12.807078325779;2.08325841448894;2.87916991606526;4.66514773652037;0.93674590878684;0.17381667630808;2.69739538350416;0.399636084597138;10.3406744585771;0.820334803510779;2.99732084428008;-1.04649345237076;-0.21270995738801;0.113066856227057;-1.99555617808016;-1.00715624816001;-1.81740235435831;-0.824689367369079;-1.37014426159693;0.682319437006043
180;-0.8329245194861742;Malik Monk;SAC;Player Option;68;22;12.3717197416435;1.87185480200982;1.84445280778303;4.07778338014448;0.545095775464097;0.416608886508598;1.67654639719599;0.452119988570735;9.73373534809731;0.88250207985522;1.92433802677009;-1.14009487266031;-0.59261065518318;-0.253324679621188;-2.54372784680317;-2.32819502127833;-1.20686199145084;0.813364855392168;-0.244699168478367;0.793507411737421
181;-0.8353903250143856;Tim Hardaway Jr.;MIA;Unrestricted Free Agent;73;27;12.1335010837592;2.79858984119447;2.80198038418615;1.44280140422203;0.577637650067431;0.117139692423771;0.638966463416763;0.416337818071755;9.39337532807605;0.784715987878088;1.92843842753376;-1.19131151459633;1.07276906055965;-1.89699795092338;-2.036449591516;-2.21843103949121;-1.9599258162134;2.47826555547116;-0.929142443067568;0.0600049394381171
182;-0.8488629035931868;Herbert Jones;NOP;;68;29;8.2800290815501;1.22407062883805;3.29810213937555;2.40009687738847;1.6503127809573;0.479992878053103;1.21810373810243;0.417150986069356;7.37159258587274;0.81576213315997;1.11040238777263;-2.01980201781908;-1.75670457260822;-1.29984738353424;-1.77361457288617;1.39971004689916;-1.04747267180115;1.54898191892854;-0.732761715499668;0.0370938519345543
183;-0.8506145528202339;Yaxel Lendeborg;GSW;;73;26;10.4726868567962;1.17720817305615;5.99464118955061;2.25389322876919;0.805871666907315;0.859248810064329;2.04897100180206;0.472327022007776;8.29211090722664;0.764526494135163;1.91269052546972;-1.54838399724763;-1.84091826906857;-1.39104763901919;-0.345044097845716;-1.44859602620509;-0.0937721631492892;0.215772356974384;0.124772655770245;-0.0937143603581674
184;-0.8544727902878656;Jaylen Wells;MEM;;73;25;11.8989511466368;1.91674492101945;2.71854105831032;1.50827801893107;0.80963509277231;0.163015800646897;0.822512396973464;0.440955997514593;9.26197266221367;0.799075229491035;2.27007592055389;-1.24173938725921;-0.511941326329808;-1.856154346498;-2.08065401621949;-1.43590196315132;-1.84456290675186;2.18374776139417;-0.448818352134398;0.252953053832174
185;-0.8592042498230092;Isaiah Jackson;LAC;;68;20;8.63581175431062;0.0142991942898969;6.08454079937442;1.38214083698299;0.74404138295257;1.4141064900974;1.24305007518068;0.679812222645647;5.21160629721509;0.651316510644935;2.35781715033204;-1.94330929504224;-3.93071194536729;-1.93483735700051;-0.29741714866298;-1.65715002761487;1.30150740141997;1.50895302793534;2.27210847292311;-1.08472618286227
186;-0.8627211311063544;Draymond Green;GSW;Unrestricted Free Agent;64;29;8.70172225042344;1.4791432826462;5.36371580529989;6.44404383330648;0.975403637242303;0.593830409245163;2.61583493693744;0.429645435436563;7.21391500082725;0.725074567709144;1.41189294164066;-1.92913864061401;-1.29832887110618;1.22272301077723;-0.679295283948738;-0.876763446459461;-0.761209749489559;-0.693817479655241;-0.533525894011975;-0.368000567090414
187;-0.8790454210319968;Bradley Beal;LAC;Player Option;62;25;12.4171536909294;1.49065637745499;3.13097189738104;2.93219893181391;0.671490657887019;0.36806468684089;1.77625937517785;0.47820000075475;9.76328703738436;0.816683105582042;1.94553991055069;-1.13032664403799;-1.2776393819326;-0.967927874233646;-1.862156709587;-1.9018641555441;-1.32893424927863;0.653365416848397;0.277810556398248;0.305987232889065
188;-0.8855271638333087;Darius Acuff Jr.;SAC;;73;32;15.3305270414208;1.81446122104979;2.30631815305357;5.68142795946909;0.732738060600704;0.262922675742258;3.10578170069876;0.383787949637483;14.1899184789127;0.780656372169889;3.36156403359253;-0.503955892715378;-0.695749202344148;0.747011472880105;-2.29904116382893;-1.69527621683684;-1.59333087699565;-1.47998602766922;-2.31457763529248;0.282564037068624
189;-0.8856052632299558;Robert Williams III;POR;;53;18;7.16284510473184;0.11879533513041;7.39162889870002;0.905552108520291;0.59792401436197;1.4589549474097;0.824522431022582;0.676892249682813;4.69825013160192;0.624133297079842;1.09532942801606;-2.25999483993273;-3.7429282251334;-2.23212825368826;0.395051023400789;-2.1500049838907;1.41428611611052;2.18052246087841;2.01283635446234;-0.786692778192564
190;-0.8925831957699053;Bobby Portis;MIA;Player Option;73;23;11.1797149360529;1.50270169229255;5.93780671231687;1.67223484201852;0.647686013467602;0.246790471722532;0.940612993170035;0.458739395662119;9.7589418068333;0.734076340234344;0.985443979835114;-1.39637405690287;-1.25599347220433;-1.75387985269918;-0.375153825400082;-1.9821573958184;-1.63389791861765;1.99424355175585;-0.112449872115483;-0.316208231775364
191;-0.9036878257926927;Tristan da Silva;ORL;;73;24;10.0800350840136;1.26444140350931;3.51665428713893;1.66815704622882;0.793451285197681;0.362714558083275;0.830912032185209;0.481832771559909;7.65617090610364;0.854000230884505;1.68337845127602;-1.63280351934029;-1.68415668523633;-1.75642353763009;-1.65783017676138;-1.49049006483634;-1.3423880151576;2.17026970723259;0.259024754600408;0.467962516924952
192;-0.908478220207562;Maxime Raynaud;SAC;;73;22;10.9819979923327;0.445321051378771;6.25013786586005;1.01781310856276;0.43431343264788;0.420084531766566;1.13772777351122;0.590329200075722;7.39414166029768;0.811434381156828;2.22657742852594;-1.4388828931172;-3.1561485291948;-2.16210105545102;-0.20968725655579;-2.70186467637457;-1.19812191813719;1.67795318693487;1.89550437981657;0.349527509110829
193;-0.9122374257011497;Daniel Gafford;DAL;;68;20;8.97392455228983;0;6.38143246305074;1.00416599366261;0.601062119617536;1.06031095509049;0.899083645117849;0.665473733583946;5.40290468419164;0.671254778799845;2.65613341435452;-1.87061556793503;-3.95640816609378;-2.17061397819461;-0.140130101406573;-2.13942013184033;0.411831187509464;2.0608815411723;2.19909343916156;-0.975947439880566
194;-0.9123186459177487;Duncan Robinson;DET;;73;26;10.8095199938853;2.48453309891469;2.495426027347;2.17960641462951;0.485836865195711;0.275722149725274;0.712238409565981;0.442612256162739;8.30561991575306;0.803451486928268;1.21058778446712;-1.47596539524687;0.508396606653975;-1.4373869506074;-2.19885573325053;-2.52807576037862;-1.56114452520059;2.36069339503466;-0.381854098707229;0.0103572633305178
195;-0.9150059948567233;Moussa Diabaté;CHA;Unrestricted Free Agent;73;26;7.2334832067831;0;8.86714361884469;2.32930225900361;0.723425857185399;0.786558527243734;1.04074773803103;0.639651767502088;4.61783516323715;0.636495622845119;2.08307851743052;-2.24480775756089;-3.95640816609378;-1.34400830116271;1.17674812678574;-1.72668634727753;-0.276563660522617;1.83356734610288;1.62387500933811;-1.1150580256555
196;-0.9157567586720243;Collin Sexton;LAL;;73;22;12.4384018398361;1.39828499749927;1.9744875318113;2.13658599177938;0.724564219545493;0.0901287833231096;1.34465956557548;0.491040736945967;9.15737313165077;0.842122825268925;2.43056033966686;-1.12575832498178;-1.44363442473229;-1.4642226253122;-2.47483814633147;-1.72284664268511;-2.02784912491906;1.34591044568647;0.497516350547327;0.701118273397743
197;-0.9180045397770815;Scotty Pippen Jr.;MEM;;62;20;9.07082737854679;1.01142949909872;2.23582564695669;3.98023724599673;1.38163104865564;0.351614951496613;1.75229539059543;0.484254850228054;6.83095058089358;0.76301013425602;1.89192241846683;-1.84978161059907;-2.13882913812814;-0.314172903587268;-2.33638663187067;0.493444592607591;-1.37029977487985;0.691818025085173;0.257120541137286;-0.107269869650388
198;-0.9180119141611791;Isaiah Joe;DET;;73;21;10.1882616166914;2.49409991905762;2.5914485477221;1.4282291951071;0.688157829684676;0.133457392507453;0.702068673516593;0.43747749000774;7.51346529674699;0.881853966584618;1.27029855454417;-1.60953498268844;0.525588562862104;-1.90608793743749;-2.14798499301855;-1.84564566278851;-1.91889231467446;2.37701175289512;-0.43173419823036;0.414852603076015
199;-0.9198720412866521;Santi Aldama;DAL;;68;21;10.472403015456;1.50975881579253;4.58621130366336;2.18630345483297;0.559865483904013;0.513067594239073;0.920383289851128;0.458140962062911;8.12086393746519;0.697722786852715;2.18087096215197;-1.54844502269549;-1.24331154065818;-1.43320940932634;-1.09120104707013;-2.27837668634953;-0.964300937392678;2.02670413249912;-0.115969678762409;-0.631743464040577
200;-0.921145205065395;Brandon Williams;GSW;Unrestricted Free Agent;73;22;11.4407628312528;0.65593937642957;2.73844320975447;3.35997056305592;0.770730383438723;0.274198779256439;1.58139082462122;0.484929840085243;8.00730781303268;0.793140424385814;3.80620930093988;-1.34024916435521;-2.77765902413418;-0.701088555058537;-2.07011026906291;-1.56712783316581;-1.56497528714355;0.966051481490567;0.325235921923657;0.546514903329487
201;-0.9231405528875601;Derrick Jones Jr.;LAC;Unrestricted Free Agent;68;24;9.72695780649635;1.06507085617241;3.98368065115895;1.09046278822632;0.841552260690783;0.592185317928752;0.761345192350502;0.508544928903836;7.28383547960857;0.732975739315226;1.71024999987792;-1.70871458633626;-2.04243348649286;-2.1167829706509;-1.4104092930693;-1.32824512159553;-0.765346598231568;2.28189665429702;0.642491220897016;-0.32728764639441
202;-0.9245204744065364;Luguentz Dort;ATL;Unrestricted Free Agent;73;26;9.86970303762528;2.06153319691673;3.54885041288794;1.34187417603896;0.931624871174305;0.388687609980352;0.822028685667018;0.394396858023394;8.31653437270289;0.744072283252411;1.67744427030349;-1.67802458306055;-0.251751037238289;-1.95995526479763;-1.64077333693822;-1.02442954559862;-1.27707456660025;2.18452392452775;-1.2059212945807;-0.254342737908432
203;-0.9277479124365428;Kobe Sanders;LAC;;73;23;9.7681653912957;1.56577287817116;2.60592736438554;2.01905514390148;0.998312346764523;0.186656952532893;0.996025415265094;0.467984309093649;7.32558431859168;0.849909845434926;1.58355087691568;-1.6998550195229;-1.14265204324262;-1.53753709765988;-2.14031441617392;-0.799492201166615;-1.78511339871326;1.90532878255526;0.0362629800322499;0.396484858876564
204;-0.9307056519788535;Obi Toppin;IND;;73;20;10.7775670384069;1.3462946036449;4.14039933203909;1.56463705008364;0.561156130555336;0.252486075428181;0.984383473030571;0.538823205604901;7.67789955291228;0.822115426809898;1.40760226386597;-1.4828352311114;-1.53706322981419;-1.82099819213017;-1.32738298555927;-2.27402332572552;-1.61957539998926;1.9240094423729;1.15877494842433;0.165193627360992
205;-0.9341859166101784;Shaedon Sharpe;POR;;15;25;13.9562262785412;1.61407200461809;3.66661520609285;2.27622162903771;0.793039464113523;0.105948781497266;2.1230580368011;0.4491409297635;12.0848758807311;0.773161608804374;1.92266335873273;-0.79942842500958;-1.05585659247;-1.37711942431121;-1.57838399139514;-1.49187914037461;-1.98806717549627;0.0968923050179021;-0.359894089750086;-0.0277946955799688
206;-0.9366069355227918;Jay Huff;IND;;73;18;8.69338996738695;1.33051261830659;3.24689980249973;0.917140955776731;0.445669349856885;1.25043682785976;0.581338078640114;0.492495058749048;6.60628731483544;0.82385862916;1.03870931289138;-1.93093006854236;-1.5654240850158;-2.22489925605007;-1.80074050926344;-2.66356108431361;0.889933509090461;2.57073605825892;0.358051336701479;0.0474278684045385
207;-0.9403408241512583;Moritz Wagner;BKN;Player Option;60;19;10.6569709505215;0.79945753985127;4.86763123985424;1.20995956090691;0.619853313697923;0.266406789760875;1.0548785856615;0.543660782061824;6.99074671629651;0.781136708207646;2.88851328199857;-1.50876320294605;-2.51975117766552;-2.04224217566379;-0.942110600223472;-2.07603729634178;-1.58456950761077;1.81089298883482;1.11791535562203;0.20443134912474
208;-0.960618746231119;Noah Clowney;BKN;Restricted Free Agent;68;24;9.26596022364948;1.5383505060257;4.32343665927525;1.14878987185734;0.727764396595079;0.697362099792888;1.05432666576702;0.409424011156029;7.61911454769271;0.808948052633526;1.84030709219223;-1.80782835157922;-1.19193113640044;-2.0803991664225;-1.23041360493675;-1.71205242201811;-0.50086253378924;1.8117785994647;-0.875813558989457;0.217060344621368
209;-0.9628525983616764;Keon Ellis;BKN;Player Option;73;23;7.43508001934542;1.37954706767972;2.20886155957814;1.22074634375269;1.23594220062981;0.701570081337625;0.661208374431028;0.452621001520092;5.75774246075868;0.794919741184149;1.06096576774235;-2.2014647555637;-1.4773072297057;-2.03551349713431;-2.35067164625342;0.00203503934065827;-0.490280882189669;2.4425761863795;-0.16902602187516;-0.0646992906354787
210;-0.9637582731303876;Al Horford;GSW;Player Option;58;22;7.52190337168999;1.50227267070951;4.59177170893682;2.65234505377126;0.587204804769004;0.962030266909872;0.83034215626139;0.416226217398291;6.7186420892384;0.811821314069861;0.525584544125999;-2.18279786948429;-1.25676444104851;-1.14249769801695;-1.08825525965333;-2.18616095649144;0.164688468313351;2.17118413010608;-0.687168739992294;-0.15438902077743
211;-0.9646108796256141;Davion Mitchell;MIA;Unrestricted Free Agent;73;30;9.39024825345208;1.43545278809734;2.40782511803654;5.72524435059106;0.841014152281105;0.190791053269025;1.48468089368552;0.48611827700774;7.65487008971008;0.662254819948664;0.773797234029277;-1.78110661795908;-1.37684242710213;0.774343663988127;-2.2452648785657;-1.33006016520932;-1.7747175323811;1.12123223092254;0.326352844096107;-0.531983842196011
212;-0.9696563675517305;Jake LaRavia;LAL;Unrestricted Free Agent;73;26;7.78165918628985;0.952984452510121;4.0527268230287;1.84040354905888;1.27676764945352;0.466690058953354;1.1206544626373;0.452401674483606;6.01980234117678;0.761047645825753;1.81583560890314;-2.12695077226144;-2.24385721083372;-1.64897803122281;-1.37383006291082;0.139739577747225;-1.08092476647151;1.7053490205485;-0.176065473149924;-0.129374221577876
213;-0.9699005792887353;Marcus Smart;HOU;;68;26;8.49920190766568;1.52835490198688;2.93908326552799;2.62524112659489;1.25601444453041;0.323030556836723;1.30769462738097;0.40262119369723;6.9583834909104;0.775135937086124;1.76441525365628;-1.9726802001707;-1.20989363431948;-1.15940483478457;-1.96381532786044;0.0697388652814741;-1.44217986804563;1.40522438331656;-0.90350966280101;-0.037521729911813
214;-0.975717580759968;Jordan Goodwin;PHX;;68;21;7.32561423872488;1.49649516957517;4.35051911822156;1.96374256485006;1.32298542346774;0.217366231565431;0.818728462053973;0.419955431744992;6.35875003298226;0.718476026724078;0.679682856583542;-2.224999728601;-1.2671468403212;-1.5720404865196;-1.21606587975188;0.29563246858327;-1.70788993940347;2.18981946314111;-0.605611718134903;-0.356008995657175
215;-0.990523360393049;Andre Drummond;NYK;Unrestricted Free Agent;73;22;6.71997378331404;0.587012440539564;8.79064823346655;1.78633406200826;0.726518065134203;0.734687233647954;0.958782307335796;0.472595603916918;5.7061984149126;0.628385385891367;1.17684590928975;-2.35521148708471;-2.90152346871212;-1.68270599273078;1.13622245777273;-1.7162563071796;-0.407002435268693;1.96508907132526;0.0659492591919995;-0.802558169010146
216;-1.0004500737726534;Zaccharie Risacher;DAL;;73;20;9.05714304927404;1.31685024632902;3.87579711962654;1.06335470110239;0.813202450966522;0.511687628982086;0.646493405894392;0.462662900481448;7.26872354479879;0.711380340023278;1.42589738541696;-1.85272372016648;-1.58997591072468;-2.13369270234883;-1.46756375106994;-1.4238692377896;-0.967771083688165;2.46618782401888;-0.0440446741024141;-0.444761296339997
217;-1.0027178895265918;GG Jackson;MEM;Unrestricted Free Agent;68;20;11.2751726251004;1.05825995715922;3.51706137840794;1.57101275952012;0.464820455571833;0.658927403394415;1.44428140952957;0.512210135988875;8.17783350826609;0.740856856235655;2.48276603736981;-1.37585080182534;-2.05467294284548;-1.81702109350783;-1.65761450824824;-2.59896426423111;-0.597512807156667;1.18605724079825;0.79199343686008;-0.258231177411507
218;-1.0081635872810086;Daniss Jenkins;DET;Restricted Free Agent;73;20;9.96199945853693;0.900830118525089;2.44570135248902;4.02304210445911;0.701619551885252;0.254650213135259;1.53820953892721;0.437162048084971;7.75740391594039;0.854220198233222;2.66756063283809;-1.65818099572868;-2.33758062284927;-0.2874716956172;-2.22519883493062;-1.80023917504131;-1.61413332497388;1.03534016994892;-0.448376793213328;0.925747274295684
219;-1.0129338686997267;Keldon Johnson;SAS;Unrestricted Free Agent;73;21;11.0724947091229;1.0148035636555;4.22736358332304;1.2443156607429;0.476536568495608;0.175612711201078;0.759390951477282;0.481019818942974;8.85773856463688;0.814224751806747;1.88669718139484;-1.41942623937986;-2.13276580995463;-2.02081121199018;-1.2813111284652;-2.55944572938158;-1.81288593352891;2.28503242908605;0.29649046257091;0.269223430550527
220;-1.013503759826697;Ronald Holland II;DET;;73;20;9.01836174201805;0.810365361613268;4.13073013626332;1.24352995512631;1.04341867333282;0.371970785872857;1.17716108998172;0.470263729642437;7.08429043801875;0.799179271201425;1.93326672697129;-1.86106164107151;-2.50014938822487;-2.02130132666;-1.33250552498689;-0.647348230720029;-1.31911173018479;1.61467848966982;0.0658025278343015;0.170045229298299
221;-1.0221292270485975;Anfernee Simons;PHI;Player Option;73;23;11.6598759720718;2.34619082451809;2.26416169121259;1.7517805695958;0.477363961569938;0.0976566733670107;1.12898908735828;0.435915059586245;9.68412327574971;0.886511489557223;0.982248744921187;-1.29314017895301;0.259790038575427;-1.7042600877597;-2.32137478318233;-2.55665492647153;-2.00891902532676;1.69197528221654;-0.566179578311254;0.268082151241934
222;-1.0271766450473354;Dereck Lively II;DAL;Restricted Free Agent;45;19;6.41577787226786;0;6.2381354634594;1.565290506732;0.473662691538589;1.37702668151009;0.903950948143256;0.675058294100877;3.83514082555199;0.672384145959992;1.84104671866252;-2.42061313611096;-3.95640816609378;-1.82059057293707;-0.216045880473366;-2.56913933744239;1.2082642130461;2.053071467027;1.61502843167364;-0.763821885463694
223;-1.0354670295080444;Isaac Okoro;CHI;Unrestricted Free Agent;73;28;9.28779953932848;1.24066319855877;2.46267949441773;1.65000375366488;0.795787566807052;0.424941359667733;0.736093883927285;0.46262127694639;7.37722287384392;0.776617483691136;1.57273797459844;-1.80313293258395;-1.72688706503967;-1.76774736528665;-2.21620416738489;-1.48260976982732;-1.18590863721311;2.32241490229223;-0.0442290546524758;-0.0581528393944108
224;-1.0377060619957335;Kyle Kuzma;MIL;Unrestricted Free Agent;63;23;11.5950169557416;1.22579885515362;4.3377282450525;2.18011819325748;0.517471991362989;0.343194060025264;1.56851206202076;0.472285484324436;9.36645049915714;0.704285715986631;2.16097081802287;-1.30708476685896;-1.75359888119863;-1.43706770863182;-1.22284221913332;-2.42137024771886;-1.39147547129398;0.986716743193883;0.149720067166622;-0.573475676634303
225;-1.0386586987145803;Khaman Maluach;PHX;;68;18;7.38781817121359;0.337457955531183;6.28915154948011;0.37691618930596;0.258881825095007;1.41544629139846;0.752740387534311;0.560016766472476;5.24152806729461;0.735634227291321;1.60361355232746;-2.21162597960257;-3.34998280145868;-2.56188562531456;-0.189018615937154;-3.29359677574002;1.30487654893874;2.2957039235937;0.995786827835798;-0.309644433335675
226;-1.0424954925531151;Mouhamed Gueye;ATL;Unrestricted Free Agent;59;20;5.95795639170386;0.824318212103305;4.70549333270389;1.22521048615466;1.0587647970292;0.734445700823577;0.512720734348357;0.463469929457854;4.77631427586165;0.700917881540592;1.00765313198159;-2.51904404428966;-2.4750755610786;-2.03272881336325;-1.02800790144179;-0.595585642902187;-0.407609808701834;2.68083944483156;-0.0463806037723756;-0.446703955000077
227;-1.0512445751164352;Brayden Burries;MIL;;73;23;10.1432960791763;1.40706473474548;3.05745299388704;1.69859539272552;0.878017465466677;0.195906789297571;1.20486846211196;0.434895574279162;8.5114564096808;0.787480414480401;1.69279371707303;-1.61920250350661;-1.42785688778684;-1.73743642613695;-1.90110550021625;-1.20524771835207;-1.76185318500839;1.57021924199628;-0.524398453909617;0.0329148781411677
228;-1.05816271513356;Josh Minott;BKN;;68;18;7.25502422854016;1.18575388256537;2.66680994088678;0.900289440087961;1.02014552859568;0.60800545203385;0.778872982831454;0.473084849919843;5.23910861149823;0.824831901937204;1.34837719175739;-2.24017647129614;-1.82556128927227;-2.23541104936466;-2.10806008956648;-0.725848718666552;-0.725564306988392;2.25377156273296;0.0597628382902134;0.1594453031117
229;-1.0592208575341258;Bilal Coulibaly;WAS;Restricted Free Agent;68;23;7.9333966697709;0.843754341403313;3.41273047433799;1.94842680747029;1.10494709010045;0.542127940327471;1.10776017007002;0.441527334695547;6.67485028786355;0.746653733596789;1.60098926770883;-2.09432744867822;-2.44014806387588;-1.58159429040323;-1.71288685788432;-0.439812429547093;-0.891223987220455;1.72603920163565;-0.336273307864973;-0.240803733023873
230;-1.0624245516912916;Jared McCain;OKC;;68;22;10.9360677637438;2.0065545348111;2.30974813550333;1.36542173614224;0.557364868270573;0.0902630955039476;1.00642895960779;0.452585707296537;8.84684255854602;0.869215591052828;1.06027117439893;-1.44875782101987;-0.350549879192024;-1.94526655136437;-2.29722403024901;-2.28681128122739;-2.0275113751718;1.88863525592125;-0.220677940782226;0.242530582493644
231;-1.0627812632782996;Jaylin Williams;OKC;;73;19;6.8602338873096;1.54255206234065;6.01654269352728;2.1083588779902;0.432539698112859;0.630678036558467;0.989257937562347;0.423726794432686;5.1724577255768;0.786582482624493;1.18775078623315;-2.32505578228791;-1.18438077263344;-1.48183039374676;-0.333441135174724;-2.70784749597456;-0.668550418559774;1.9161878768749;-0.466354464655688;-0.0738926592841504
232;-1.073346417516408;Yanic Konan Niederhäuser;LAC;;52;17;7.48518316818643;0.0399282788199351;4.9172819752236;0.535584763570928;0.279824824620244;1.29310052428525;0.852411110943215;0.661081128594225;4.08998486054234;0.765950116569537;2.66026628915627;-2.19069265627959;-3.88465546136197;-2.46290988396299;-0.91580667015129;-3.22295588468882;0.997218288437707;2.13577228673518;1.60983510097678;0.0060415914545211
233;-1.076725483477728;Keaton Wagler;LAC;;73;25;11.000855395652;1.77189007232219;2.60434872014749;3.04773538177657;0.632400671153019;0.258451629260398;1.75650830074377;0.397193670303409;9.40885900579921;0.773039288273042;2.26985467127864;-1.43482858065391;-0.772251249390078;-0.895857485745206;-2.14115074915746;-2.0337149675895;-1.60457404801566;0.685057989711519;-1.30054569711168;0.0222862982871779
234;-1.0791571917225182;Dru Smith;MIA;;73;18;5.35653043970715;0.551803624171747;2.66504581593285;2.61914698045929;1.49254546127269;0.346189996086738;0.817232248638865;0.461627442947653;4.21006122739437;0.840915679156365;1.09139030246873;-2.64834969107659;-2.96479511175463;-1.16320629726364;-2.10899468638728;0.867559720111004;-1.3839417045034;2.19222028709807;-0.0655824393130129;0.138256218446387
235;-1.0824658878713584;Vít Krejčí;POR;;68;23;8.52560146928616;1.77214992894659;2.70488150099982;1.64632276131403;0.745975893000115;0.344221183639474;0.739668231341826;0.44312803836297;6.91333137326869;0.749251833288431;0.836126883548046;-1.96700433537156;-0.77178427670321;-1.77004352852201;-2.08789056644658;-1.65062491103158;-1.38889260249579;2.31667950464328;-0.322914697916759;-0.265925297091734
236;-1.0854206187482818;Marvin Bagley III;DEN;Unrestricted Free Agent;73;18;9.50510029822403;0.423925047901714;5.46001871167842;1.11116973103982;0.419130104599282;0.602513502395906;0.879678980917354;0.565539898353035;6.6999943303627;0.660295945517103;2.27617182175311;-1.75641360648404;-3.19459799822534;-2.10386620357471;-0.628276001026052;-2.75307815327806;-0.73937470445646;2.0920182641952;1.36945466395641;-0.978182350399519
237;-1.085481046112659;Luke Kennard;PHX;Player Option;73;23;8.17573273060411;1.46851666839271;2.60736817718378;2.90330397905095;0.70263898875539;0.144600705112169;0.941782197445744;0.481225519872662;6.15834275130105;0.916342940314402;0.851332665744089;-2.04222557149483;-1.31742531947222;-0.985952233400426;-2.1395511034292;-1.79680060699903;-1.89087064908619;1.99236744664453;0.186201411547703;0.289985615975705
238;-1.086874771436643;Yves Missi;NOP;;73;22;5.89062594656608;0;6.56623732170018;1.49350780879389;0.325839608922886;1.84051129059992;0.861952709220692;0.548443641508348;4.45802869824667;0.570592120093372;1.75374128891244;-2.53351998555573;-3.95640816609378;-1.8653678439093;-0.0422243192917261;-3.06774767963921;2.37377138150931;2.1204618387062;0.729905963148603;-1.43896401739916
239;-1.0878578609986247;Kris Dunn;LAC;Unrestricted Free Agent;68;23;6.6046467929373;0.894052831690127;3.36798533934343;3.18617207174917;1.35610417366868;0.14705286537354;1.16309547078431;0.460078463450405;5.62770979813217;0.74569473580356;0.713720752413228;-2.38000661112807;-2.34975967678107;-0.809502175099921;-1.73659190259739;0.407342255993475;-1.88470429467701;1.63724818139807;-0.0806715105040178;-0.282450093027568
240;-1.0906580885746977;Jock Landale;ATL;Unrestricted Free Agent;73;20;9.02411178691662;0.856704866471269;4.56135309716752;1.80264996262753;0.46993305259203;0.510233296378715;0.75618211140834;0.531370293605426;6.72954828521604;0.631060721719837;1.60942170728536;-1.85982539033741;-2.41687545536917;-1.67252831030632;-1.10437040942745;-2.58171943697238;-0.971428238729165;2.29018133366997;0.903489926798203;-0.966391333998603
241;-1.0997439030719425;Jamal Shead;TOR;Restricted Free Agent;73;23;8.05435698945788;1.03923721074349;1.45217383488173;5.37332879643481;0.911015269348824;0.191966467638296;1.39279965821541;0.404681950908825;6.84049016763766;0.800916701011929;1.84622691026626;-2.06832116757121;-2.08885757456756;0.55482254566259;-2.75154911259556;-1.0939458837625;-1.7717617624452;1.2686648558974;-0.860498926384273;0.160898689796296
242;-1.1051393380656875;Aaron Wiggins;ATL;;73;20;9.297444112189;1.33765640125476;2.55548420525408;1.51402794432118;0.884537398766522;0.339107282636621;1.11824944431992;0.456049661510091;7.85607779115668;0.767709075739219;1.03459044724925;-1.80105936437896;-1.55258642299535;-1.85256760519879;-2.16703815592406;-1.18325593549687;-1.40175233539898;1.70920811279764;-0.148347174512986;-0.180679947770376
243;-1.1069664009418723;Terrence Shannon Jr.;MIN;;73;20;9.81997232966647;1.01385627561723;2.22385662829449;1.59802649081522;0.500689784870839;0.124408222433546;0.6882073341874;0.476432661816791;6.7535758858114;0.80794022096767;2.93445940727151;-1.68871660813269;-2.13446812422698;-1.8001702199559;-2.34272756977584;-2.47797675334295;-1.94164791946249;2.39925365715897;0.144857136468305;0.519555553735945
244;-1.1139022836322743;Karlo Matković;NOP;Restricted Free Agent;73;17;6.92203022904638;0.73119640271358;4.21489381562112;0.972313695600318;0.455934133533358;0.956695653689827;0.573814757596566;0.576460618058972;4.84616978149206;0.730673834563004;0.826061838903163;-2.31176966466892;-2.64241915541098;-2.19048309738895;-1.28791735282839;-2.6289378936632;0.151273718768268;2.58280797875829;1.07878923441548;-0.326354919969325
245;-1.116415102765246;T.J. McConnell;IND;;73;16;8.18971133291133;0.213206234124327;2.063858615541;4.79673618720554;0.843588849228537;0.206360079857888;1.07894747821215;0.536627078291772;6.85826168187158;0.811101475548276;0.759272742494254;-2.03922019368147;-3.57326808552344;0.195150309237229;-2.4274911993142;-1.32137569351584;-1.73556669168555;1.77227204527846;0.996240172662585;-0.0868301461559018
246;-1.1173891889360335;Jaxson Hayes;UTA;;73;19;7.2441981293258;0.0201754965900613;4.46638181990186;0.94750117949965;0.49041285412583;0.981524539124705;0.575010931999297;0.737306837981212;4.0054648752912;0.650233639350205;2.02620914900809;-2.24250406583449;-3.92015199647092;-2.20596087669867;-1.15468422285796;-2.51264091614466;0.213709975316527;2.58088859738276;2.20219546340311;-0.984488139750785
247;-1.1197469277851182;Leonard Miller;CHI;Unrestricted Free Agent;68;17;8.93613750877033;0.820568199838205;4.48917797379168;1.11701054362912;0.438938164207042;0.375864519498458;0.819479520632829;0.559279963190971;6.36039298863394;0.752032807845554;1.3311767589947;-1.87873972367895;-2.481814482233;-2.10022276782318;-1.14260729321388;-2.68626542289524;-1.30932030590937;2.18861431459011;1.2145079309595;-0.224714187979879
248;-1.121860552526478;Zach Collins;CHI;;61;17;8.30064110404546;0.672003577221745;4.88245034985606;1.61271522854681;0.369056858075799;0.519638913917452;0.891338982124099;0.537286360838359;5.95771477875134;0.781998850242708;1.56859532679181;-2.01537046495459;-2.74879101654007;-1.79100754415045;-0.934259743024278;-2.92197558117431;-0.947776289019878;2.07330862695181;0.863783649539182;-0.0258799550203846
249;-1.1275630084700707;Deandre Ayton;WAS;Unrestricted Free Agent;73;21;8.29517884137778;0;5.89362612216308;0.66699467392714;0.39358893539551;0.767012118069301;0.805577837258205;0.634076289372711;5.9422968565123;0.671660937207368;1.13068918713435;-2.01654484295544;-3.95640816609378;-2.38093780247992;-0.398559785962555;-2.83922870439036;-0.325716274360764;2.21092095490686;2.0427806076106;-0.592344528240817
250;-1.1296179094898844;Baylor Scheierman;BOS;;73;22;8.58842273015619;1.99397711473238;3.34002205941396;1.85766172361685;0.538441338382653;0.0896869629148021;0.887065154947421;0.422425593631071;6.93336605132657;0.89801773762138;0.820454924631091;-1.9534978617287;-0.373152003197063;-1.63821256850177;-1.75140626847499;-2.35064048637567;-2.02896015394345;2.08016640978552;-0.618476564257924;0.209513526628449
251;-1.1352672221299611;Danny Wolf;BKN;;68;20;7.95053000787751;1.00536075418649;4.78121670676789;2.01738193238279;0.530101873574326;0.585105395359257;1.20042496725421;0.439272467228645;6.41307071345592;0.763789122378791;1.71644034414219;-2.0906438075614;-2.1497349140506;-1.53858082891711;-0.987891228015067;-2.37876956235833;-0.783150211005496;1.57734927358095;-0.355688765269645;-0.120961099687373
252;-1.1375722608640724;Luke Kornet;SAS;;68;19;5.78684194197094;0;5.31690330099552;1.6268342159901;0.476968275576205;0.671223185859147;0.356770529199033;0.654556521860124;3.54437082158073;0.811438334945493;1.41336663338095;-2.55583338556076;-3.95640816609378;-1.7822002724156;-0.704095578054468;-2.55798957823142;-0.566593069319738;2.93107713474608;1.33771194181593;0.108257473752339
253;-1.1444101515679266;Ziaire Williams;LAL;Unrestricted Free Agent;68;22;8.32320534255608;1.31554353261724;2.24051919216027;1.0685215371449;0.901819770326986;0.267375706128846;0.986189478091279;0.441543360495434;6.51204793847498;0.851820431712586;1.47561469791058;-2.01051918867497;-1.5923241272244;-2.13046968588121;-2.33390008894422;-1.1249623694278;-1.58213301036715;1.92111152675982;-0.329660717363947;0.359254563215035
254;-1.149437121680261;Landry Shamet;NYK;;73;25;8.83436892371719;1.90133668285943;1.87854299924889;1.47287596779413;0.656130387385437;0.198896915248192;0.641676036432245;0.44149371106822;6.94690252236634;0.717611030559277;1.11342308963347;-1.90061981160864;-0.539630542990493;-1.87823776328596;-2.52566757023739;-1.95367446063968;-1.75433402868322;2.47391777477154;-0.347444908936926;-0.388406135564381
255;-1.1551025637448638;Spencer Jones;DEN;;73;23;6.71176880115558;0.947465387340819;3.51872335966431;0.972470342725076;0.866563672081471;0.527458688521927;0.484360906999632;0.511697845436177;5.20147432049351;0.614375305015062;0.718025292419085;-2.35697554552175;-2.2537751904009;-2.19038538260595;-1.65673402504042;-1.24388144747345;-0.92811219839305;2.72634562210991;0.471356641259988;-0.65021835610507
256;-1.1625071126137898;Kyle Filipowski;UTA;;73;17;7.26276459356317;0.686778995337045;5.49509516525431;2.02334062877496;0.630617950568364;0.381174998400489;1.16970707293283;0.504322649730808;5.52953316944686;0.751766125733038;1.32840244387533;-2.23851230482253;-2.72223900266295;-1.53486385852372;-0.609693223244885;-2.03972809720084;-1.29596624601849;1.62663920498348;0.421980236470597;-0.226276689757959
257;-1.163819148440222;Moses Moody;GSW;;16;19;8.19627004520878;1.73911079402332;2.38057552569161;1.34892980031336;0.6654197552791;0.273386565668687;0.649635366378108;0.420086560111582;6.59829870558139;0.76634105078738;1.19195759983646;-2.03781008071096;-0.831156915915499;-1.95555404264957;-2.25970114755959;-1.92234135458102;-1.56701772984884;2.46114623441343;-0.623863455458916;-0.167200598267327
258;-1.1694307239930084;Bones Hyland;MIN;Unrestricted Free Agent;73;16;8.32068859672445;1.67151144476689;1.76886352910064;2.15611217279487;0.634211361595116;0.240289437849328;0.846123939897049;0.433437864496125;6.47380380052927;0.791368425879926;1.31063323870635;-2.01106028512496;-0.952635634523274;-1.45204240468108;-2.58377347927724;-2.02760749544381;-1.65024582194182;2.14586068102221;-0.435944451031269;-0.0248713652768612
259;-1.170355613750765;Goga Bitadze;ORL;Unrestricted Free Agent;44;16;6.18062754690145;0.0201435615832806;5.47506377930544;1.4111035246974;0.545760608167376;0.821798116807895;0.75839288059707;0.66152684280983;3.74574885324315;0.680296377785321;1.77078285136681;-2.47117009131502;-3.92020938494796;-1.91677074550326;-0.620305436162342;-2.32595253569249;-0.187948001134517;2.28663393356112;1.4715478454566;-0.691871665349888
260;-1.1743078661436315;Allen Graves;TOR;;73;17;6.71496089008087;0.915029394028285;4.20520544128121;1.34401786961411;0.955863758204803;0.355364130572391;0.895765748406824;0.446592368677819;5.56494032772764;0.752091934251252;1.10280631031776;-2.35628925135417;-2.31206396015561;-1.95861805191969;-1.29305005266162;-0.942671601811238;-1.36087185644853;2.06620543803763;-0.23475516318719;-0.239285039524317
261;-1.1751276858057589;Quinten Post;MEM;;73;16;7.86025088198657;1.38655930436958;3.97653395608401;1.3781484577253;0.382886594396282;0.488840407889606;0.790869484252368;0.475969128263925;6.19444987823103;0.7871038839036;0.733013484221678;-2.11005367959292;-1.46470596154221;-1.93732776002214;-1.41419546393062;-2.87532777910065;-1.02522412407076;2.23452197726591;0.120844334121773;-0.163229461307031
262;-1.1776131366965135;Brice Sensabaugh;UTA;Restricted Free Agent;68;19;10.1265561754288;1.60046462309493;2.28364540897927;1.56418890832953;0.543564023214215;0.126951836549187;1.4338498289382;0.474650126514286;7.69044237794975;0.817234649130136;1.49963374454203;-1.62280155684648;-1.08030959814568;-1.82127773811178;-2.31105271351169;-2.33336163285519;-1.93525158951443;1.20279575439521;0.147051555148937;0.167774873510255
263;-1.1803964325120686;Gary Payton II;GSW;Unrestricted Free Agent;68;17;6.89233212345528;0.444601053819539;3.11413089758164;1.72831002250947;1.00470156828307;0.315372734362512;0.708887804492577;0.564389503587849;5.36367707387866;0.666121937184845;0.590469950643287;-2.31815471130526;-3.15744239343844;-1.71890076130553;-1.87107872207631;-0.777941310108736;-1.46143670379265;2.36606977573631;1.06889273367301;-0.470749213437557
264;-1.1849207243565454;Will Richard;GSW;;73;21;6.72314869508711;1.13385031489647;2.54901377501475;1.16526573317791;1.01326271151099;0.132308108386192;0.618348711533897;0.475121876763807;5.12592399511928;0.881763249060376;0.814755121101714;-2.35452888597821;-1.91883406424636;-2.07012170224181;-2.17046605569808;-0.749064511190396;-1.9217823758667;2.51134879891709;0.0783223379192074;0.154218000750597
265;-1.189913412717335;Dennis Schröder;CHA;;73;20;8.65168866126723;0.661739885171063;2.04297235711365;3.97477993271144;0.642015957121241;0.122985590301743;1.27410920763653;0.412200472631755;7.23880254430708;0.837199786439682;2.415520343828;-1.93989578467378;-2.76723527927656;-0.31757711661875;-2.43855630594466;-2.00128253747419;-1.9452253585299;1.45911554584252;-0.794504233716778;0.64845073984349
266;-1.1981312496139662;Javonte Green;DET;Unrestricted Free Agent;73;16;6.44159567549283;1.19075174106774;2.81880216553328;0.618580390160131;0.902488601249042;0.263757652221766;0.473339589809565;0.430288738784171;4.79915351897395;0.841134097312647;1.33248730277861;-2.41506234846447;-1.81657993881064;-2.41113810931474;-2.0275377605642;-1.12270639782069;-1.59123119330977;2.74403042701809;-0.373346685571406;0.238665324531038
267;-1.206513173856224;Taylor Hendricks;MEM;Unrestricted Free Agent;68;16;6.87438373809747;0.992235824917172;3.24457198135673;0.705840678853392;0.758977283225705;0.55906706675913;0.695055244051276;0.492374247105384;5.26978426160705;0.723738936531448;0.957162537181055;-2.32201358631683;-2.1733209338421;-2.3567060845488;-1.80197374063676;-1.60677112641333;-0.848627808412332;2.38826550139836;0.269346769225622;-0.354673167528014
268;-1.2083352607203741;Alex Caruso;OKC;;68;18;5.768567898039;1.11943691005239;2.46156717982807;1.85058509534091;1.12158837985159;0.342977285816691;0.792293671579635;0.414124291333491;4.90617778525486;0.798674806124388;0.733209795208988;-2.55976227666064;-1.94473552588013;-1.64262689271893;-2.21679344859023;-0.383681237124297;-1.39202058517495;2.23223672636521;-0.542925054219992;-0.130083906790394
269;-1.2086318991804033;Nae'Qwan Tomlin;CLE;Restricted Free Agent;68;19;6.56248391048591;0.597715908838462;3.57089347943502;0.978085541796263;0.719603063116184;0.636926369953004;0.554862545654594;0.488104494590702;5.3906630389979;0.763109674264795;0.920384459817559;-2.38907156545483;-2.88228891057049;-2.18688268212804;-1.62909537735278;-1.7395806597197;-0.652837971545445;2.61321869691405;0.229942539656076;-0.211599032063277
270;-1.2110423056776622;Matisse Thybulle;LAL;Unrestricted Free Agent;61;18;4.56247422910325;0.946898213771365;2.1735939523162;0.929550087649851;1.48480153881357;0.582184674817313;0.817574773541868;0.420214574443393;3.82296544360859;0.717743110929294;0.560986814370104;-2.81907054466869;-2.25479442385807;-2.21715857373562;-2.36935569329381;0.841439412841533;-0.79049483618172;2.19167067165907;-0.391556314639071;-0.349776173913607
271;-1.2241045705365463;Grant Williams;CHA;Unrestricted Free Agent;73;20;6.38251654344802;1.32233276341888;3.6115297039572;1.57685809247634;0.521486946663503;0.571819193143384;0.979573028417706;0.42968508468487;4.64822449593616;0.814713449900756;1.30799154944321;-2.42776427021444;-1.58012360950955;-1.81337483800028;-1.60756714820819;-2.4078277740337;-0.816560519828179;1.93172828151282;-0.369694500805733;0.0937058314153218
272;-1.2244610131676055;Jordan Poole;NOP;Unrestricted Free Agent;47;17;9.05689432221859;1.71249217871277;1.5209704913881;1.95780842516267;0.444465198175571;0.251320212650613;1.20708894211863;0.403714597698849;7.29093090169604;0.877361954900259;1.6612205073502;-1.8527771960976;-0.878991626080728;-1.57574213870601;-2.7151020705028;-2.66762269676918;-1.62250715089976;1.56665625990954;-0.926780034412865;0.609148046856834
273;-1.2272785627313103;Hannes Steinbach;CHA;;68;19;6.80280273757242;0.46992655850505;6.57188415319654;0.894564377808998;0.501394185824406;0.580679341875763;1.14942659403162;0.481958633230251;5.40229771895908;0.752959408464224;1.4947792889635;-2.33740339039798;-3.11193145448515;-2.23898228132391;-0.0392327450541108;-2.47560080375859;-0.794280239838911;1.6591812602231;0.162398732103985;-0.208688679598284
274;-1.2279101973543043;Tre Johnson;WAS;;73;22;9.09288899923654;1.47140985032887;2.5175593401023;1.9052165503232;0.504354295770366;0.233119203378693;1.17535579646326;0.427188884070823;8.01087923403917;0.886165235536259;0.876994489189973;-1.84503839637131;-1.31222615648959;-1.60854838169029;-2.18712996309526;-2.46561633119342;-1.66827653862839;1.61757526354225;-0.624721089817791;0.204830715656973
275;-1.2341734412362624;Will Riley;WAS;;73;20;8.76685314542519;0.931020813921604;2.23409070252193;1.69473738556524;0.612192596596514;0.130210861669783;0.979649344533192;0.473915252323558;6.77435931762424;0.81283646790243;1.74067967751263;-1.91513559921539;-2.28332674273078;-1.73984300929683;-2.33730576945748;-2.10187695132924;-1.92705624264474;1.93160582467845;0.110500234008672;0.214878016626062
276;-1.2346325325383056;Luka Garza;BOS;Unrestricted Free Agent;73;13;8.83822686658328;0.913068501471244;3.25239120740572;0.548527308031704;0.309498535556715;0.291007148196894;0.546556055302734;0.548071544707271;6.23107337205073;0.739979457677002;1.47978479313627;-1.89979035987662;-2.31558776205278;-2.45483646464278;-1.79783127681057;-3.1228662399929;-1.52270791923948;2.626547290839;1.04485182922119;-0.284668033975302
277;-1.235712950904631;Jordan Walsh;BOS;;73;19;6.19492039721325;0.849282674479128;3.82341913384594;0.879995683805301;0.735983366306492;0.452115664615514;0.504065104214939;0.452078898281516;5.13093767274201;0.785140525837472;0.899788507913166;-2.46809715066812;-2.43021342951218;-2.24807007514963;-1.49531252185944;-1.68432977688137;-1.11757444316761;2.69472826842924;-0.164389016552883;-0.136472531146687
278;-1.2375875332691368;Royce O'Neale;CHA;;73;20;6.44014615483546;1.78039294689825;2.88479646161151;1.62827757205563;0.653530216915232;0.336008787129129;0.689152288587036;0.412519314368389;5.33446457912075;0.743543951469011;0.347812481055854;-2.4153739931574;-0.75697124567194;-1.78129992250521;-1.99257535091828;-1.96244485471236;-1.40954400453882;2.39773738338547;-0.601451161735406;-0.300073331653668
279;-1.256991314948601;Dean Wade;PHI;;68;23;4.55349709786253;1.0775902671993;4.80022223196484;1.1285820629107;0.724052342891409;0.385161702674529;0.288596158706776;0.441715674049599;3.78477029608391;0.700357205395637;0.188935167266909;-2.82100061396071;-2.0199356070606;-2.09300457918839;-0.977822494852372;-1.72457320639482;-1.28594103197942;3.04046972558637;-0.221227346064395;-0.336964306604845
280;-1.2675228612351257;Oso Ighodaro;PHX;;73;20;6.11864513094543;0;4.33865016970899;2.29739724806207;0.715636586019198;0.700777005113822;0.877075443325168;0.660498980259731;4.11328706306201;0.469468460929867;1.45909974069963;-2.48449621460252;-3.95640816609378;-1.36391030208128;-1.22235380256677;-1.7529596160687;-0.492275200891632;2.0961959004609;1.61450963123964;-1.82524797985607
281;-1.2678842710433367;Kyle Anderson;TOR;Unrestricted Free Agent;68;18;5.33462056740401;0.154094652336155;3.00621685661153;2.57645642183531;0.853374150157664;0.601544897595368;0.745676208954692;0.489422292227256;4.38118367815629;0.725543331699713;1.22946205861245;-2.65306027963662;-3.6794939484865;-1.18983620623014;-1.92824934334441;-1.28836980169005;-0.741810418213281;2.30703910412273;0.184894006239905;-0.35840350460952
282;-1.2680588950397989;Hugo González;BOS;;73;19;6.27958976802146;0.906843936916361;4.33613363283165;0.895175592765038;0.750688374372189;0.270164244528737;0.694578568279358;0.493384662771148;5.1145456869647;0.708416175365022;0.459996601511492;-2.44989336727791;-2.32677355206904;-2.23860101204183;-1.22368701162305;-1.6347296767895;-1.57512077861043;2.38903037531365;0.26984910981003;-0.359561016866756
283;-1.2682724042519489;Jarace Walker;IND;Restricted Free Agent;73;18;8.02032345414598;1.1884069064318;3.65874444905127;1.88795512518986;0.580543470822277;0.234970527550755;1.33564425858506;0.461250187231194;6.2367538599484;0.713490087316483;1.51159602025926;-2.07563832487268;-1.8207936998905;-1.61931587208511;-1.58255375527269;-2.20862968476597;-1.66362108394582;1.36037640674752;-0.066388303555311;-0.440348217079256
284;-1.2768068290180874;Kevin Huerter;DET;;68;17;7.46848540849642;1.20895269579215;2.27441672542006;2.05868017050211;0.655331167848794;0.286404358406127;0.924520012358079;0.452759800328448;6.4157074551578;0.740920535615462;0.607330797768366;-2.19428264871248;-1.78387209943524;-1.51281943442983;-2.31594187870117;-1.95637023400041;-1.53428238016193;2.02006634781031;-0.178061888299088;-0.298039907457954
285;-1.2812008892509765;Simone Fontecchio;MIA;Unrestricted Free Agent;73;17;6.9870486554362;1.34174566546834;2.88378237406468;1.36367704801426;0.523654142774579;0.144575703798505;0.619147285349077;0.423977110912043;5.43465049387106;0.844379399521763;1.22808320541554;-2.29779080384741;-1.54523785259965;-1.94635486895778;-1.9931125934731;-2.40051780565096;-1.89093351894147;2.51006740742071;-0.483451260077694;0.211139446382583
286;-1.2867465079361329;Jordan Miller;LAC;;21;16;7.86395401399961;0.486431451664413;2.04770664010144;1.67964331645966;0.576687128911083;0.137771929790939;0.81356935932295;0.552067086627542;5.02912242061382;0.771892195805786;2.36392678429314;-2.10925751195417;-3.08227150518369;-1.74925852643157;-2.43604818098485;-2.22163715432527;-1.90804271139987;2.1980977590767;0.870314642185743;0.0255231061413368
287;-1.2978140721938325;Isaiah Collier;UTA;;73;18;7.75288105733235;0.295565185061401;1.71142826038843;4.63251830669921;0.777191015918091;0.246520593068126;1.80156314983647;0.500013685783787;5.98316572487634;0.721053420974403;2.04421244791789;-2.13313802534857;-3.42526577580054;0.0927129706426609;-2.61420149369926;-1.54533607241316;-1.63457657223452;0.612762981534973;0.40970806308971;-0.425546133170592
288;-1.2997974433031152;AJ Green;MIL;;77;22;7.64526236964442;2.15591092974075;2.23913452809128;1.36407095263214;0.355886967456626;0.0953040374790037;0.797475526993297;0.420757742045162;5.93310038112973;0.883219654113795;0.562210768530775;-2.15627587627045;-0.0821504985544232;-1.94610915551542;-2.33463365525644;-2.96639771885636;-2.01483510956878;2.22392192147641;-0.560244675962342;0.0131717278734159
289;-1.3049575361252588;Nikola Jović;MIA;;68;18;7.39001929798707;1.11727871656762;3.09947894723481;2.01046969243665;0.585631050814232;0.273224676708925;1.10939308088634;0.425443905165146;5.97962690624929;0.723914660782665;1.6365864662666;-2.21115274076052;-1.94861388538982;-1.54289260947125;-1.87884102155641;-2.19146924012705;-1.56742482587619;1.72341903303683;-0.506499222763521;-0.384458483178267
290;-1.3053927935314271;Steven Adams;HOU;;51;22;4.94519161732056;0;8.09759438955409;1.34804552780628;0.682644036414073;0.678285409478926;0.984494748724251;0.531409517153875;3.69761426713406;0.509666205203085;1.9920818416399;-2.73678689984799;-3.95640816609378;-1.95610564228012;0.769056901997686;-1.86424372794332;-0.548833963423413;1.92383088940143;0.463412404917038;-2.06584952874142
291;-1.311704542026395;Cam Spencer;MEM;;73;17;6.57800672871145;1.14993951800627;1.53952377403899;3.35142070008213;0.491661645916317;0.115824384231731;0.902345703840301;0.448472275913989;5.02608838077605;0.914188897625514;1.00629598866452;-2.38573418361431;-1.88992112649329;-0.706421867153924;-2.70527292606359;-2.50842873227333;-1.96323337183984;2.05564724194012;-0.199775929670918;0.390945226999074
292;-1.3128386061092543;Branden Carlson;POR;Restricted Free Agent;22;13;6.68923583244908;0.815152129081363;3.55748825840297;0.781823125987319;0.225341306056176;0.702297137796968;0.412194972633873;0.518665208915275;5.17079550013058;0.663535500261422;0.769002180742255;-2.36182009884199;-2.49154737674556;-2.30930905542929;-1.6361971854933;-3.40672919253482;-0.488452580885542;2.8421430761044;0.542142980321263;-0.52677219598194
293;-1.3155722383307151;Craig Porter Jr.;CLE;Unrestricted Free Agent;73;19;4.43085805205601;0.568047583829831;3.44539813039391;2.76807028930715;0.81955620223824;0.611889246058934;0.960320500678738;0.451306626545784;3.88662831980192;0.66328318472471;0.534746312133886;-2.84736781857949;-2.93560407033062;-1.07030954712878;-1.69558021108192;-1.40243798813451;-0.715797877449428;1.96262088637859;-0.148621505508961;-0.461609348819187
294;-1.3176524870268365;Noah Penda;ORL;;73;17;6.2305360486309;0.982942820413218;3.25323914738864;1.78226568970135;0.583631887924423;0.390020245589835;0.871774979735448;0.4303197323152;4.9930616546816;0.752271561060977;1.26333011648821;-2.46043984085798;-2.19002083245908;-1.685243799395;-1.79738205578997;-2.19821243122164;-1.27372343837433;2.10470102402195;-0.38512591109581;-0.227941640091831
295;-1.3188862546713636;Harrison Barnes;SAS;Unrestricted Free Agent;77;20;7.22481990830041;1.41324969613149;2.14074114962387;1.39286610660944;0.451167484161961;0.127431104938346;0.55972019923198;0.452955880895967;5.50133127139669;0.800318773255493;1.03439971116685;-2.24667035329673;-1.4167422662398;-1.92814704975227;-2.3867604269451;-2.64501583696441;-1.93404639147284;2.60542410627247;-0.161007656036478;-0.0490769676470107
296;-1.3213821653097448;Daeqwon Plowden;SAC;;73;18;7.60167801410741;1.44252859930844;2.02666713568124;0.987239399793163;0.434148766686495;0.153762796326311;0.611390807735665;0.429812457771856;6.0268111136279;0.860054340378826;1.13754721570006;-2.16564644510572;-1.36412691299601;-2.18117260446668;-2.44719447416471;-2.70242009587043;-1.86783108578944;2.52251345093823;-0.455831210592458;0.242217048495716
297;-1.3231560952568842;Precious Achiuwa;SAC;;73;17;6.44006416488519;0.160855977512687;4.90066836172633;1.01668634140579;0.570532325262293;0.54912822280583;0.73159823729807;0.55141691949601;5.06113479527378;0.572929700173945;1.21763188613337;-2.41539162086953;-3.66734357828959;-2.16280392062271;-0.924608218092675;-2.2423973521886;-0.873620642363294;2.3296286166063;0.869566071700504;-1.08308439931507
298;-1.3384328764773732;Julian Strawther;DEN;Restricted Free Agent;68;16;8.22209480034042;1.27807943762729;1.94374220653736;1.05873287447471;0.429639672809238;0.136758749830534;0.712820755809563;0.451081885061024;6.74783140485839;0.810652782269624;1.05639104816309;-2.03225779841532;-1.6596485956289;-2.13657574783526;-2.49112638214582;-2.7176293026003;-1.91059051662066;2.35975896228681;-0.206708678199897;-0.000906291657458296
299;-1.3419756313450977;Bogdan Bogdanović;HOU;Unrestricted Free Agent;68;17;7.80202046805865;1.48865694393463;2.13524843630168;1.77172806960979;0.431842099606698;0.142402780103398;0.924527263414499;0.40661718352776;6.72903625743592;0.83929858315886;1.00212248571767;-2.12257312826423;-1.28123244347337;-1.69181705289195;-2.38967035256974;-2.71020050085392;-1.89639768774773;2.02005471276561;-0.820934463239408;0.0951759267685505
300;-1.3530080476081856;Mike Conley;BOS;Unrestricted Free Agent;52;18;4.93733495470049;1.32519072986575;1.52030603509864;3.10586581028316;0.6195434298141;0.221554971408781;0.617807421829611;0.383996527006056;4.02816671787784;0.902627218940473;0.574478759581917;-2.73847607012457;-1.57498773016147;-0.859596352857504;-2.71545408566721;-2.07708253695544;-1.69735667418062;2.51221735234442;-0.708281376471968;0.0637548930557406
301;-1.3544113713014623;Jamal Cain;ORL;Unrestricted Free Agent;68;16;6.51521613163535;0.873323698138133;2.68734804530378;0.911893626721335;0.514085409228114;0.203315787525036;0.645917394503102;0.504961592678248;4.55417870117013;0.817785982373711;1.27481003025111;-2.39923406458903;-2.38701075403912;-2.22817248318896;-2.0971794277116;-2.43279321410615;-1.74322205815781;2.46711209186311;0.340480566381385;0.0987203245318991
302;-1.3550736676183197;Nique Clifford;SAC;;73;20;7.1191098834951;0.768318210232979;2.97988206544321;2.25682153536187;0.657440282626007;0.216370617228837;1.28590732086554;0.453182391488293;6.03846632743156;0.748486034749929;1.17268514058709;-2.26939784465943;-2.57570979120165;-1.38922099302292;-1.94220096964368;-1.94925617438292;-1.71039357301625;1.44018429405641;-0.166698378536876;-0.251233341137611
303;-1.355408638881887;Nolan Traore;BKN;;68;18;7.42358496428937;0.895066012082646;1.45189304957111;2.90390127550803;0.74646725453863;0.344754137619469;1.68984917266285;0.420017621055954;6.5100074052994;0.818879981886019;1.29430848084067;-2.20393617457038;-2.347938951328;-0.985579646327528;-2.75169786683094;-1.64896754495719;-1.38755240333499;0.792019222668625;-0.61742694665247;0.110514496930665
304;-1.3635919240021914;Carter Bryant;SAS;;73;16;6.31429632980693;0.920954984236497;3.40924363497734;1.15505730927884;0.313612982340256;0.536625967359423;0.668077307777943;0.467467880961186;4.95853954354322;0.722842959479809;1.04784225878152;-2.44243151032857;-2.30141543892862;-2.07648960671264;-1.71473411307668;-3.10898818080555;-0.905059589976593;2.43155429633926;-0.00460841652592742;-0.362461816277825
305;-1.3657098105820038;Ron Harper Jr.;BOS;;47;14;6.85408202559774;1.41383930919838;2.17295623402117;0.869303968046137;0.353061191182658;0.302277824870694;0.390290812112695;0.454351764716044;5.68699412565789;0.790268910312155;0.344757435094923;-2.32637842301359;-1.41568270811345;-2.25473945185819;-2.36969354322319;-2.97592908296033;-1.49436597605707;2.87729049077492;-0.147639590832;-0.237310853795103
306;-1.3679638400767284;Rob Dillingham;CHI;;44;18;8.58496622597007;1.10636465711206;2.13249837183451;2.5424987470102;0.718208071357498;0.118721748985682;1.70606941201032;0.421942272112412;7.84975529511677;0.716272877769663;1.19272197213745;-1.95424100476722;-1.96822688421384;-1.21101863668911;-2.39112727970083;-1.74428597715639;-1.95594747857789;0.76599222757564;-0.698240562707724;-0.400137819402327
307;-1.371049025017364;Noa Essengue;CHI;;44;14;6.5790235423063;0.744040175289103;3.13260557679125;0.643269336889878;0.473867743105946;0.519142096353794;0.613815716766213;0.426458127129497;5.20615818836901;0.7157875132806;1.9482966663139;-2.38551557026863;-2.61933838537804;-2.39573741124276;-1.86129122011042;-2.56844769700129;-0.949025617305015;2.51862244205192;-0.439702377353273;-0.460212575643446
308;-1.3731821491144867;Charles Bassey;GSW;Unrestricted Free Agent;44;11;5.06415281612043;0;4.20755384191244;0.618518219003273;0.3701498261952;0.814476532555167;0.45825493083784;0.663952850300594;3.21056389934654;0.663180620568758;1.20755445378814;-2.71121042663081;-3.95640816609378;-2.41117689101029;-1.29180591870216;-2.91828899168879;-0.206359311378064;2.76823526990765;1.26672955620653;-0.651421988560607
309;-1.3734852229580996;Gary Trent Jr.;MIL;;73;17;7.65087529125328;1.72375589602573;1.16778155693239;0.880495425417818;0.536772042526375;0.0364210751649515;0.508221799588739;0.406437524387045;6.60355416035901;0.80434836435628;0.695289516117729;-2.15506910683094;-0.858750278183308;-2.24775834173416;-2.90221424447324;-2.35627103354602;-2.16290586171769;2.68805843527947;-0.809441724559292;-0.124054081530555
310;-1.3816439944760037;Jose Alvarado;NYK;;68;16;6.1985097424626;1.04520582758548;1.99584397182556;3.12427873469352;0.710140948946698;0.128004730947715;1.04795124218741;0.411050991113778;5.71930291245137;0.747789989075085;0.603717166833694;-2.46732544700706;-2.07813173276877;-0.848110569661882;-2.46352394724566;-1.7714964402341;-1.93260391590229;1.82200860376166;-0.656756115874691;-0.281934565862357
311;-1.3822791087175068;Dylan Cardwell;SAC;;73;14;3.77251854833691;0.0339144626171007;5.18467600937943;1.11026240113059;0.439211062686181;1.04911418040319;0.63354599214419;0.592759794974718;2.84222406594743;0.513733255620844;0.718450231662249;-2.98890979070618;-3.89546252820949;-2.10443218616347;-0.774146855370496;-2.68534493432293;0.383675082849716;2.48696324335299;0.697277271092411;-0.932572829792525
312;-1.3831364550938623;Micah Potter;POR;Unrestricted Free Agent;73;15;5.70806988730169;0.890370081961677;3.93015742476417;1.02945454779761;0.345428770546012;0.254088178015591;0.707774740391629;0.491857180814425;3.91189456089728;0.845136802608198;1.1471668747776;-2.57276925512862;-2.35637772448251;-2.15483925150525;-1.43876478858921;-3.00167329376454;-1.61554665337369;2.36785579832655;0.176733557514208;0.180118391090408
313;-1.38659158804995;Justin Champagnie;WAS;;73;15;5.19462833872333;0.541775434171804;3.2896994259188;0.747974055089557;0.602230421736682;0.46397627940165;0.521707739976357;0.514584187948593;4.0202973799207;0.75266736092388;0.68461847316234;-2.68315839165623;-2.98281616794153;-2.33042373993243;-1.77806615624216;-2.13547944022097;-1.08774900498797;2.66641889613497;0.371361756730791;-0.2649920733383
314;-1.3937196906584495;Khris Middleton;WAS;;65;20;6.96684368807395;0.848450683790052;3.17624842907545;2.2818426247549;0.578991481846595;0.086806624117907;1.51427278511669;0.420360906829093;5.95410845802492;0.886903999890906;1.25452601732826;-2.30213484048968;-2.4317085498634;-1.37361310794819;-1.83817014192106;-2.21386455496743;-2.0362032326769;1.07374908369073;-0.566819990897395;0.43056050794582
315;-1.4030765668666485;Kasparas Jakučionis;MIL;;68;15;5.74135320787292;1.03745264910899;1.73837472612506;2.34657244838271;0.490049932590994;0.097186540592145;0.76012666297969;0.430818521301579;4.19320104244486;0.878337962448746;1.24198572776013;-2.56561339283271;-2.09206450278537;-1.33323534372614;-2.599925814897;-2.5138650531443;-2.01010125038556;2.28385190645301;-0.330980745030316;0.381631378924631
316;-1.4039371089801156;Thomas Bryant;CLE;Unrestricted Free Agent;68;12;5.63846385669376;0.674236874985418;3.26480355681841;0.489721626324771;0.296623147636638;0.48606405365987;0.429513945425149;0.519854949406729;4.08085370538366;0.841328635606021;0.857361746746902;-2.58773444374104;-2.74477769165477;-2.49151881317708;-1.79125547146642;-3.16629501791022;-1.03220571675688;2.81435305339278;0.422251318079562;0.043274877029417
317;-1.405060853311574;Dominick Barlow;PHI;Unrestricted Free Agent;73;18;4.64514144309744;0.13985332883152;3.66146089327795;0.840904710524695;0.630368324765508;0.574597267066615;0.543212955013478;0.560763449671988;3.38465026982387;0.699674660107332;1.01377373260565;-2.80129722188788;-3.70508617311072;-2.27245460169199;-1.58111463944788;-2.0405700868653;-0.809574602694049;2.63191162936445;0.62201086585296;-0.452445564336766
318;-1.4070947231394193;Adem Bona;PHI;;73;18;4.24672803773242;0;4.626808051143;0.490440228782093;0.455072344398871;0.977160562719668;0.91164883427785;0.635864128830717;2.61381465075593;0.71549316605246;1.28955261888413;-2.8869554860487;-3.95640816609378;-2.4910705567326;-1.06969373204411;-2.63184471473651;0.202736049357986;2.04071943939291;0.866727815800781;-0.411287383895598
319;-1.4129606097153995;Ben Sheppard;IND;Restricted Free Agent;73;16;6.27615427541532;1.02046188875315;2.18551596807826;1.24036960359749;0.468228195873483;0.0692769913196175;0.450794688082474;0.500325736283101;4.78073904351513;0.791429023684306;0.596185897526832;-2.45063199285932;-2.12259757475873;-2.02327271977893;-2.36303965655051;-2.58746993119207;-2.08028433544978;2.78020597498955;0.315572875335466;-0.180775320225229
320;-1.4136469480214364;Olivier-Maxence Prosper;MEM;Unrestricted Free Agent;47;14;6.2071958715529;0.636828719412155;2.42121542370542;0.711281350507166;0.61011894442296;0.183492857039294;0.592931086907902;0.534203635966022;4.26690503997666;0.726784752275385;1.39184920379685;-2.465457942726;-2.81200163470313;-2.35331225238715;-2.23817097227531;-2.1088713953244;-1.79307002965022;2.5521339178814;0.570634766937554;-0.357904735744124
321;-1.4161040374526495;Tre Mann;WAS;;68;14;7.2383601079633;1.26494378966733;1.79627056495682;2.02614071445154;0.548976809933691;0.119876008094985;1.06681707718093;0.378571330333037;6.7672252474261;0.835788949863633;1.01659801708527;-2.24375923137187;-1.68325387733369;-1.53311719534879;-2.56925379997574;-2.31510426353839;-1.9530449069719;1.79173648605225;-1.2150264294116;0.0871223678037833
322;-1.4308064364866644;Corey Kispert;ATL;;47;14;7.30932034918017;1.25413184839494;1.68318406940232;1.20599005293455;0.198366758433416;0.121879237291584;0.57252621609692;0.467004012571855;5.50000138742822;0.810033828489528;1.13346262135471;-2.2285028895791;-1.70268336572195;-2.04471831182487;-2.62916468042987;-3.49771453957063;-1.94800746248525;2.58487557237205;-0.00227725388569451;0.0189893009696776
323;-1.434107992335144;Mo Bamba;UTA;;20;13;4.53243762642194;0.390880583105506;4.51825549308157;0.513664095807585;0.311928313255373;0.864473298333047;0.640353148368381;0.508090109614561;3.60383487732088;0.665790645616824;0.720063177173044;-2.82552836765437;-3.25398021543124;-2.476583759542;-1.1272026264273;-3.11467058198877;-0.0806343406427329;2.4760404808802;0.277158863672103;-0.506712283269054
324;-1.4345745368650438;Trey Lyles;MIN;Unrestricted Free Agent;73;15;5.43499738046126;1.01119906866175;3.55712018519944;0.897309323965171;0.430179505425183;0.224174549160223;0.44746339348571;0.440584927022828;4.33625269347494;0.697166812178886;0.864675638963775;-2.63147942052721;-2.13924323078612;-2.23727001358573;-1.6363921830444;-2.71580844322613;-1.6907693213586;2.78555137010154;-0.252759224370915;-0.440123924100647
325;-1.444000209287786;Gradey Dick;LAC;Restricted Free Agent;47;14;6.59964097588759;0.755934881765615;1.88944220747478;0.687006232207969;0.5220786588122;0.088970780622872;0.609199659745863;0.459889433318133;5.25208095579173;0.879407494096044;1.15185853193481;-2.38108285402906;-2.59796312486332;-2.36845480875782;-2.51989339571846;-2.40583192461493;-2.03076111039119;2.52602936687245;-0.0822620528890444;0.336166949486
326;-1.4583630961542082;Sergio de Larrea;DAL;;73;17;6.56127669408661;1.12073990191849;2.39375923391852;3.85500685692115;0.584658078594324;0.218304614025516;2.20707050784863;0.37625666594802;5.89641841663997;0.815771111010062;1.23000595346753;-2.38933111510812;-1.94239399768509;-0.392290266498734;-2.25271669231008;-2.1947510825632;-1.70553022461998;-0.0379141010321213;-1.09622718957494;0.0746449546587762
327;-1.4619145327698133;Josh Okogie;UTA;;73;17;4.23923062823844;0.670221751800093;2.57882444415641;1.09196079439;0.890807736598776;0.295360416612388;0.616664897667622;0.422883908431936;3.60753149094882;0.656634397836636;0.78868064904473;-2.88856741746042;-2.75199302767458;-2.11584853060008;-2.15467298132216;-1.16210603998508;-1.51176092025614;2.51405064654685;-0.353877904395386;-0.553529149189439
328;-1.4641171024669908;Jamison Battle;TOR;Restricted Free Agent;73;15;6.56611405254296;1.08814264955013;2.64873792322018;0.681378470686809;0.253117340655245;0.123756516669988;0.43514103135246;0.487865099226638;5.1747978616886;0.752153795310552;0.570049451488562;-2.3882910905434;-2.00097255637538;-2.37196534555621;-2.11763426979622;-3.31304042404764;-1.94328673922966;2.80532383164823;0.21522879874372;-0.273855726493039
329;-1.467182716288299;Jase Richardson;ORL;;73;14;6.09767954036679;0.585428780111987;1.58406664629354;1.26338194170341;0.505448651746386;0.0778624560791634;0.480061586379148;0.50504893058373;4.47778947557446;0.789263906929065;1.25337694975552;-2.48900378405649;-2.90436936947253;-2.00891787204164;-2.68167503595619;-2.46192506045734;-2.05869479282939;2.73324431172203;0.334332491862668;-0.0476699715657098
330;-1.4680250382018727;Ryan Kalkbrenner;CHA;;73;14;4.08821267738091;0.00554758495962305;3.44993436092652;0.626200386679773;0.200029423014738;1.0091225469587;0.550882752565606;0.74059915302962;2.29533861515619;0.710090468889445;0.961586521344914;-2.92103604264568;-3.94643893532935;-2.4063848378612;-1.69317701020617;-3.49210635973936;0.28310963894072;2.61960467266813;1.24592249648429;-0.40608764618369
331;-1.4693915154501587;Javon Small;MEM;Restricted Free Agent;47;13;5.62876741661397;0.824808034460161;1.69932764503289;2.02936527335312;0.511657190535356;0.145356625401262;0.908733160489809;0.465933043899143;4.19930063850416;0.839574070245951;1.06098265326506;-2.58981916331771;-2.47419533082623;-1.53110575036484;-2.62061214880385;-2.44098361357194;-1.88896976500408;2.04539792937992;-0.0284646776875929;0.120181162357459
332;-1.4789635695282057;Rasheer Fleming;PHX;;73;15;5.92016587644446;1.03798563540167;2.6591835707131;0.400524342974478;0.497452420571259;0.46085036756753;0.647453763740387;0.427850573761309;5.05838278399657;0.571961171735448;0.968101185065035;-2.52716894645227;-2.09110670522397;-2.54715911427034;-2.11210038234887;-2.48889640687702;-1.09560961692459;2.46464683387627;-0.41485243875453;-0.928545833183914
333;-1.4837812167194089;Jaylen Clark;MIN;;73;14;4.82707190150754;0.655146526679209;1.82534808464162;0.840806858392536;0.809976876787442;0.118255096161149;0.324236662049849;0.448073549832754;3.99576705653337;0.70148945939194;0.842678828972524;-2.76218245552826;-2.77908380666214;-2.2725156407942;-2.55384913297994;-1.43474912316072;-1.95712095273757;2.98328097604018;-0.177254493264958;-0.42262824717411
334;-1.484504213265888;Sidy Cissoko;POR;Unrestricted Free Agent;73;21;4.60564698468021;0.609229332884054;2.46044146536354;1.65930939438796;0.799202521297148;0.395916557033723;0.999951450745382;0.430410404596328;3.94767851942898;0.651877486856298;0.917616954611442;-2.80978846918638;-2.86159882974529;-1.76194260720153;-2.21738982877143;-1.47109110327772;-1.25889620760859;1.89902906625692;-0.31924020948522;-0.610190491139317
335;-1.492722275144925;Meleek Thomas;CLE;;73;16;6.73836278782315;0.966130005112233;1.91300069328729;1.30524214305524;0.539625619238037;0.100576540605707;0.950921189045453;0.410498809533933;6.12528733958688;0.798735213034327;0.930704504662434;-2.35125787963906;-2.22023413009314;-1.98280593096499;-2.50741259842897;-2.34664589836174;-2.00157654591985;1.97770302126676;-0.705074243305262;-0.0810982400530833
336;-1.4963483861488298;Kingston Flemings;ATL;;73;14;5.54944614323353;0.551911848162678;1.71981315438596;2.40961364518025;0.536236890921915;0.149919680913598;0.733963550027429;0.417344979621542;5.09253852430525;0.824684415567675;0.905611295274168;-2.60687311405657;-2.96460062893955;-1.29391092666604;-2.60975935072327;-2.35807610383411;-1.87749522236464;2.32583323594134;-0.527048865266008;0.0044010624164703
337;-1.4982932924357137;Emanuel Sharp;SAC;;73;15;5.68493006719682;1.31285394570663;1.70355491365335;0.65153639104655;0.661736684603266;0.0633259791696205;0.770559301372313;0.369941435183504;4.76273007194051;0.814164176080841;1.04182147777939;-2.57774428055821;-1.59715742185045;-2.39058051223021;-2.61837262954273;-1.9347643789922;-2.0952491200066;2.26711169550821;-0.961458938534348;0.00909035356054647
338;-1.499318595643787;Kentavious Caldwell-Pope;PHI;Unrestricted Free Agent;73;17;4.94858217389372;0.904666968225906;1.77480510030849;1.31751661214034;0.626676663431065;0.146093292931563;0.61101541760585;0.409698132179662;4.24372084242222;0.87471470504361;0.647784011330872;-2.73605793544397;-2.33068565136992;-1.97514924984194;-2.58062575805201;-2.053022087631;-1.88711729510432;2.52311580191822;-0.518184296998322;0.041034785662243
339;-1.5008664100292082;Marcus Sasser;DAL;;73;13;5.94270700845713;1.21955369847988;1.15258572907997;2.14776614530196;0.531336912961462;0.0835907055257128;0.931722943288505;0.417824291693057;5.22188883942481;0.846731107442996;0.42456134604262;-2.52232263803387;-1.7648216760713;-1.45724856640704;-2.9102646789783;-2.3746037654444;-2.04429018119448;2.00850852526741;-0.533416383508158;-0.126680813174602
340;-1.5009180012973056;Taurean Prince;DET;Unrestricted Free Agent;68;16;5.41699892049042;1.34516142637486;2.35880939705652;1.13879738870956;0.439882404153645;0.174173443983495;0.792496154908265;0.430603294406401;4.50866522992562;0.827309162766638;0.228385348375165;-2.63534906150292;-1.53909959442766;-2.08663236938708;-2.27123239118167;-2.68308049462774;-1.81650520421564;2.23191182162813;-0.352311183595649;-0.229218400649312
341;-1.503008162719996;Terance Mann;BKN;;60;20;5.00394846019447;0.710707809527657;2.47265152634407;1.89317622293637;0.528438134111328;0.208810816022709;0.819325941525695;0.448062432263754;4.20469639831503;0.766515484240559;0.68531904592628;-2.72415426976985;-2.67923797206646;-1.61605900775313;-2.21092119164411;-2.38438136777339;-1.72940391839795;2.18886074761629;-0.182752170907736;-0.227911472215509
342;-1.5030574438869573;Quenton Jackson;IND;;47;12;5.68817879974543;0.426077792992676;1.46657329446733;1.88070227259599;0.459604107717856;0.0780160374730171;0.639250171382751;0.489534541269313;4.18296799275852;0.825050995757547;1.41407789069208;-2.57704580809947;-3.19072942969598;-1.62384012312674;-2.74392057748527;-2.61655904381337;-2.05830858752296;2.47781031768579;0.174147814041309;0.18358347660081
343;-1.5072188170545076;Tyrese Proctor;CLE;;47;12;5.47130639795145;0.771943133782395;1.34298551705573;1.50455447469563;0.639457313152989;0.0208529644674683;0.735734538693709;0.454480481883955;4.27941015511123;0.840148551672678;0.963575410097688;-2.62367303808698;-2.56919565944332;-1.85847705313896;-2.80939481931931;-2.00991286235112;-2.20205439925592;2.32299150763267;-0.128268768043713;0.0827430733598602
344;-1.5073263006394924;Josh Green;MIN;Unrestricted Free Agent;68;18;4.75822814229223;1.06492654329963;1.88014279125688;1.00407181677324;0.733359972862259;0.115821563642078;0.803383413607149;0.435121379225376;3.68723805281491;0.790644594294121;0.612803006993229;-2.77698375697365;-2.04269282246366;-2.17067272472011;-2.52482003360384;-1.69317850221583;-1.96324046466966;2.21444212696693;-0.267376850481666;-0.179017780801822
345;-1.5124473886309098;Asa Newell;ATL;;73;12;5.63261772305127;0.614210576139927;2.32388697295762;0.638209910481117;0.375941321580665;0.359398438840022;0.497072823303715;0.542624373224387;4.15802543606867;0.619071156007278;0.817216647563785;-2.58899135340603;-2.85264733754229;-2.39889342674199;-2.28973356733979;-2.89875423526313;-1.3507269344522;2.70594808196384;0.626108238775577;-0.682086700417877
346;-1.5142328293794998;Jeremy Sochan;POR;Unrestricted Free Agent;22;13;4.94412090200515;0.317236715774577;3.17776670407423;1.11523994190405;0.434826415810106;0.250171556271196;0.549401226789234;0.500719984196674;3.94085892872965;0.766444808059431;0.887670629439707;-2.73701710197998;-3.38632117337073;-2.10132725003832;-1.8373657913087;-2.70013438040478;-1.62539563353339;2.62198192884084;0.250333244088437;-0.203584297252505
347;-1.5181597453028837;Justin Edwards;PHI;;73;13;4.79751493571824;0.836141804414425;1.09105986605212;0.684070696292911;0.761757700067751;0.168181219098002;0.404556218327318;0.448915733505492;4.08932100472964;0.79197886952878;0.365984580776805;-2.76853715732614;-2.45382809554684;-2.37028596432723;-2.94285980544875;-1.59739276000601;-1.83157362487539;2.85440022081073;-0.172599006277036;-0.230323567173816
348;-1.5201813213146897;Georges Niang;GSW;Unrestricted Free Agent;68;15;6.14197203070229;1.33102838229434;2.15019899253369;0.829783597492316;0.240988978555325;0.129829163632695;0.615680617893412;0.44201044431117;5.01331910638686;0.82373274067099;0.460179398385589;-2.47948096733795;-1.56449723662118;-2.27939183177761;-2.38174985788338;-3.35394947839286;-1.92801608422241;2.51563002181405;-0.265999215039404;-0.152504977374356
349;-1.5229972290069946;Patrick Williams;CHI;;73;17;5.27144567637007;0.929712358115313;2.20492234525092;1.35458741345311;0.601416694808009;0.29849105929456;0.900072141929998;0.360256881692924;5.19652873536146;0.783719665075266;0.762470139803615;-2.66664278321618;-2.28567808984361;-1.9520248847342;-2.3527585603229;-2.13822414712146;-1.50388841183534;2.05929539924627;-1.14566982712315;-0.167355031680464
350;-1.5238734498718278;DaRon Holmes II;DEN;;44;11;5.57758101331125;0.991103966011295;2.14364597205506;0.717623079523241;0.194288543879937;0.40725398168939;0.561913853205537;0.449821427813988;4.13647257498877;0.756272628603449;1.14393806544053;-2.60082416063082;-2.17535492930275;-2.34935635038372;-2.38522151225363;-3.51147038718017;-1.23038641580765;2.60190416923687;-0.166041063030916;-0.21794325239038
351;-1.5300197463762872;Jordan Clarkson;NYK;Unrestricted Free Agent;73;15;6.56622212705252;0.45078084624335;1.75601160401486;1.40056642077011;0.355508463089525;0.0908475153655424;0.657948994723437;0.480111628963511;5.58384148284971;0.82283055184613;0.915992750522129;-2.38826785469148;-3.14633706072201;-1.92334367702252;-2.59058216269822;-2.96767441686356;-2.02604175671043;2.44780618686459;0.149156454461082;0.00139173119433774
352;-1.5324851332800569;Larry Nance Jr.;IND;Unrestricted Free Agent;44;13;4.49018135983923;0.701759259440491;2.77507228718008;0.836500782399072;0.59261162029613;0.249688811643386;0.573398071094586;0.445145200412643;3.89932180661994;0.687230616994017;0.461116426422325;-2.83461339942451;-2.69531887239973;-2.27520172444841;-2.05070494336039;-2.16792372805024;-1.62660957314048;2.5834765938946;-0.198215872950298;-0.397799531621138
353;-1.5357422290846814;Trayce Jackson-Davis;TOR;Unrestricted Free Agent;68;13;4.89402260164936;0;3.49189196755372;1.16068541427583;0.38625768747388;0.614903299932541;0.568621995345029;0.566930406383596;3.48153834327318;0.552576148537999;1.71278240758233;-2.74778815884729;-3.95640816609378;-2.07297885565773;-1.67094874022169;-2.86395705741721;-0.708218550483811;2.5911402847585;0.686035699138229;-1.53303535698794
354;-1.5375004380356003;Ben Saraf;BKN;;44;16;6.1959927992671;0.409713320068836;1.62839340580689;2.27922478603821;0.635450105152325;0.133799982654429;1.55384798301272;0.460970733578854;5.12097746410814;0.823320822229558;1.29358808122052;-2.46786658588998;-3.22013703825059;-1.3752460874397;-2.6581916378979;-2.02342920433705;-1.91803081622486;1.0102467234987;-0.0706803298279055;0.132696486577972
355;-1.538754001901531;Ebuka Okorie;DET;;61;14;6.57248787551383;0.445775798564751;1.42563251389693;1.60402107320943;0.498392587921621;0.118379396676163;0.864154015236371;0.403956449928787;5.90347447762151;0.797107635033592;1.70267957907781;-2.38692072849132;-3.1553313304192;-1.79643086426238;-2.76561015410913;-2.48572521550652;-1.95680837894666;2.11692962320426;-0.761554204145407;0.0988893225108574
356;-1.5461070709743765;Ryan Dunn;PHX;;73;14;3.98858761339997;0.571077944316181;3.48503651320097;1.17176996605017;0.558269735432502;0.297655552481804;0.553267146931276;0.463548578953499;3.42512613504146;0.468570724089396;0.51664551660656;-2.94245527686974;-2.93015839203859;-2.06606443208963;-1.67458061778738;-2.28375915765147;-1.50598942913013;2.61577867361067;-0.053625901054031;-0.849066593946641
357;-1.5554046938688002;Drake Powell;BKN;;47;16;5.38939874326292;0.758134021272115;1.32144661168851;0.883024748386229;0.413368525300972;0.171298926997323;0.565179626351493;0.448513191720741;4.33634802850824;0.900859205205952;0.823043299496447;-2.64128305679525;-2.59401118372442;-2.24618057740952;-2.82080568476563;-2.77251200252226;-1.82373364306247;2.59666390984095;-0.182143854857168;0.220281950118277
358;-1.5634345795928335;Liam McNeeley;CHA;;44;12;5.1218589740592;0.858065693810118;2.300221972044;0.76043623277697;0.20612973274764;0.0984968413886465;0.388707241707303;0.41345084882674;3.690503038273;0.838877072098512;1.44491975406317;-2.69880369218397;-2.41442999452986;-2.32264996821248;-2.30227079412121;-3.47152997025412;-2.00680628666678;2.8798314877533;-0.431824927427527;0.272330067462016
359;-1.5661511725527213;Kenrich Williams;OKC;Unrestricted Free Agent;68;13;4.95341265526911;0.711929921086506;2.74770029325318;1.07759779599628;0.472493189845358;0.0820520047006381;0.572306014571657;0.473334426153835;4.09030798250672;0.625824772147135;0.590126161882331;-2.73501938944099;-2.67704178899964;-2.12480801372795;-2.06520605817437;-2.57308407523394;-2.04815949380286;2.5852289077264;0.0325404259111662;-0.563452217301189
360;-1.5688876589022223;Jarred Vanderbilt;LAL;Player Option;68;15;3.14678929096339;0.2445739327547;3.86684288203693;1.04476667411638;0.737558733152785;0.21759715694962;0.713420077130681;0.500831936080504;2.56892599457592;0.634537925232507;0.518511165532221;-3.12344061045144;-3.51689908379181;-2.14528771263821;-1.47230752047546;-1.67901605295083;-1.70730924009788;2.35879729133057;0.138031793858243;-0.51520201700563
361;-1.5696462982271704;Jalen Slawson;IND;Restricted Free Agent;47;11;3.41392988964611;0.453569335594954;1.95801690025581;1.04368287014995;0.635743914259082;0.412031799769294;0.534754834924573;0.482599899588238;2.60590051927963;0.718527190625591;0.619525470958194;-3.06600579610557;-3.14132603447678;-2.14596377783608;-2.48356394540488;-2.02243818406437;-1.21837181788459;2.64548352835645;0.0434908472073627;-0.351913248117076
362;-1.5762063386823792;Sion James;CHA;;56;14;3.8293361988305;0.767573320771009;2.28344226085706;1.59033916395034;0.502687364750089;0.11556540134633;0.516436318504345;0.40134763021727;3.17348652206521;0.815806482643223;0.630566560439823;-2.97669408398186;-2.57704838718431;-1.80496549135093;-2.31116033717449;-2.47123890175459;-1.96388462627963;2.67487741871568;-0.460585247304693;-0.113274874153727
363;-1.582029654088071;Clint Capela;HOU;;47;11;3.43383722681205;0.00659389795510036;4.11120602410693;0.549501857202455;0.332211210097978;0.724344504035909;0.453782988387312;0.524741638382918;2.73856932454429;0.579890829072057;0.95390475715744;-3.06172574949384;-3.9445586692713;-2.45422855140535;-1.3428489947676;-3.04625622212908;-0.433010905168022;2.775410948498;0.286529220209801;-0.88997512861643
364;-1.5823977873118087;Tristan Vukcevic;WAS;;44;11;4.78517411258841;0.630023796238523;2.3483700904835;0.71919517936074;0.32080382588114;0.513791484968621;0.977050364041391;0.478223791202336;3.516119452949;0.78344167069817;1.01113636886947;-2.77119041515678;-2.82423035223444;-2.34837569150016;-2.27676291934115;-3.08473341278506;-0.962480596829203;1.93577614862113;0.0529050187282818;-0.121561799337311
365;-1.5840475696242715;Zeke Nnaji;DEN;Player Option;47;13;4.21411255139447;0.315890022327526;2.57202606822535;0.654423616641195;0.379789462761539;0.540520283030516;0.494014163917227;0.47844412283288;3.41368259089061;0.687252802116272;0.919181095318402;-2.89396776502036;-3.38874123504447;-2.38877949211641;-2.15827461992358;-2.88577442682738;-0.895266702053452;2.71085600663363;0.0507543190162861;-0.483814970411274
366;-1.5854906822090007;Jevon Carter;ORL;Unrestricted Free Agent;73;14;4.29773663009018;0.974008046978067;1.32681092703688;1.40947575172066;0.587445090147119;0.177318905353041;0.539663512395295;0.384315575005084;4.11892417029731;0.779956539908253;0.202312761311529;-2.87598871781295;-2.20607697560087;-1.91778613268923;-2.81796378172514;-2.18535047214815;-1.80859543180371;2.63760706477865;-0.71987399976046;-0.275952755915708
367;-1.5888411976308865;Trevon Brazile;DEN;;47;13;4.03472307563131;0.48248351400829;3.28588075385372;0.519882514745415;0.385415151193633;0.540148039411784;0.743263204567756;0.466003868382539;3.3646020239221;0.686073285465303;0.606938723623064;-2.93253622405229;-3.08936610613599;-2.47270477703234;-1.78008920952065;-2.86679893847192;-0.896202768963848;2.31091101081861;-0.0370159562004785;-0.427948412541057
368;-1.595521226990391;Tyler Kolek;NYK;;73;12;4.40788827612344;0.771663641863607;1.42873609335712;2.95659398341533;0.38945355071171;0.0960529758545174;0.778582343430805;0.438524072973177;3.76500270590346;0.734093943532585;0.455167890306094;-2.85230628477579;-2.56969791753499;-0.952710504765586;-2.763965942065;-2.85317738726891;-2.01295178263995;2.25423792269797;-0.245140950117175;-0.313444922578339
369;-1.5996813493374;Mohamed Diawara;NYK;;73;13;5.25001585252879;0.953264551679525;1.68345471086086;1.31886578681604;0.325924171048908;0.13002239435346;0.569223837610107;0.41331657433519;4.52191319125079;0.723954393077429;0.771855198193027;-2.67125016210152;-2.24335386148855;-1.97430764926439;-2.62902130019699;-3.06746245096773;-1.92753017425732;2.59017456869573;-0.513695986411708;-0.34559444603298
370;-1.6018739677971916;Jonathan Isaac;ORL;Unrestricted Free Agent;44;11;3.0866672634681;0.137579094391009;2.64086301015285;0.555263109476643;0.473527173233795;0.694255671277635;0.353609962854614;0.440152579842319;2.45409738741018;0.666405717841453;1.18356363916879;-3.13636675310559;-3.70917306283208;-2.45063474451831;-2.12180623545004;-2.56959644167872;-0.508674151762824;2.9361485793145;-0.177325440198692;-0.629766197416091
371;-1.601989839621587;Moussa Cisse;DAL;;57;10;3.79052855192533;0;4.35828224986726;0.192751157031665;0.327926459736533;0.74730052606938;0.552356088440546;0.625072185929182;2.49522700124957;0.492333382720807;1.36317093936478;-2.9850376678706;-3.95640816609378;-2.67676578154477;-1.21195313357742;-3.06070871653417;-0.375284267185478;2.61724055801076;0.768736288430392;-1.60407497996888
372;-1.61241488784248;Nikola Topić;OKC;;68;15;5.54637000035838;0.609022919878617;1.68550699679457;3.44851223787927;0.448177802882752;0.0731485353187499;1.5514392652786;0.449398977889622;5.00957617806856;0.723582506912791;0.600830241413968;-2.60753448000321;-2.86196976212379;-0.645857215476973;-2.62793404166422;-2.65510005385358;-2.07054871058648;1.01411175183172;-0.189826635373751;-0.33883008256964
373;-1.6153167251939176;Walter Clayton Jr.;MEM;;64;12;4.98397744584989;0.73577092883179;1.12161283736083;1.99153197787084;0.363598484887964;0.164050093025328;1.00975719680969;0.415867060301043;4.07678871671714;0.891558074963904;0.961689723772143;-2.72844800687621;-2.6341985500769;-1.55470575109263;-2.92667347477664;-2.94038671398334;-1.84196201093417;1.88329476670488;-0.449050333253882;0.274897243398138
374;-1.621878156971203;Ousmane Dieng;MIL;;44;13;5.15822602268508;0.607077380169964;2.43973058678002;1.10400782800542;0.314503123693445;0.199928985391036;0.742939122509768;0.446076282448232;4.54580462923255;0.727201844705844;0.681512824307454;-2.69098483313957;-2.86546597434191;-2.10833372126435;-2.22836202279719;-3.10598572749054;-1.75173872103707;2.31143103286959;-0.210124698206365;-0.33292438016947
375;-1.6239536928313072;Jericho Sims;MIL;Unrestricted Free Agent;68;14;3.9554048844704;0;4.08349139527843;0.71193934705123;0.199882548279711;0.354745652294842;0.59757017021809;0.741933600390964;2.27894089506118;0.621761445777891;0.922796422429625;-2.94958951211873;-3.95640816609378;-2.35290180125619;-1.35753163044778;-3.49260176929818;-1.36242712031681;2.54469004507757;1.24274021106399;-0.72032455559071
376;-1.6240341017390139;Svi Mykhailiuk;UTA;;47;14;5.00405785008775;1.1265359620297;1.57829898689605;1.05905442137162;0.283035277263005;0.0628618632948524;0.597447578157401;0.450173277314552;4.07589392847411;0.850668983053798;0.244284012538828;-2.72413075111248;-1.931978247193;-2.13637517035703;-2.68473062231041;-3.21212700437065;-2.09641621459493;2.54488675629087;-0.161746575403954;-0.20124857458087
377;-1.6246080714527984;Adou Thiero;LAL;;73;12;4.17896366290379;0.199326262962344;2.2246243189445;0.729662458183615;0.489273242665963;0.268839181708018;0.546559486381281;0.51729193459628;2.87929555844564;0.700815078134401;1.4280010401601;-2.90152472152522;-3.59821094561924;-2.34184631612619;-2.34232086318781;-2.51648483395978;-1.57845286383165;2.62654178533056;0.260992799775435;-0.503831804400496
378;-1.624675253201802;Thomas Sorber;OKC;;55;12;3.96820530431684;0.210482546379949;2.78994661521693;0.748347776718826;0.42635261234927;0.499592041629985;0.756915620206193;0.455718163853207;3.394658813202;0.732305180589358;0.90632623257109;-2.94683744170691;-3.57816266070373;-2.33019061642018;-2.04282483279121;-2.72871658164796;-0.998187398467917;2.28900434549653;-0.108407851266624;-0.32206461346065
379;-1.6251912064675949;John Konchar;UTA;Unrestricted Free Agent;47;12;2.41557348288335;0.306852428510993;2.63978562935406;1.02997243065237;0.644799046460402;0.283321808482581;0.407441410463945;0.473571731482777;2.00472940841042;0.750557657363326;0.279731607721093;-3.2806508749748;-3.40498215050011;-2.15451620177898;-2.12237700945734;-1.9918951567145;-1.54203395154657;2.84977064167976;-0.02077902743382;-0.294581861916813
380;-1.627995695642773;Myron Gardner;MIA;;47;10;3.73400629991024;0.581107248172531;2.61848694099946;1.03990356286945;0.404478958845286;0.162774760617595;0.507805220135964;0.480538747726365;2.91821990644382;0.745783523508833;0.466976759199292;-2.99718986438025;-2.91213533420743;-2.14832126886174;-2.13366061291137;-2.8024965753974;-1.84516904097192;2.68872687864464;0.0452108178906048;-0.292203775867689
381;-1.628906510783022;Nate Ament;MIL;;73;14;4.56126267308519;0.676887173858985;2.95679853220667;0.676328143266753;0.416490973394353;0.234247848337928;0.817108191212582;0.362411255832902;4.06812840721805;0.75845581680971;1.23369671454727;-2.81933102733328;-2.74001499919353;-2.37511568520465;-1.95443014690673;-2.76197996219481;-1.66543837795414;2.19241934963691;-0.894948057535436;-0.200121131003287
382;-1.632722666694047;Christian Anderson;CHA;;47;14;4.97291385221217;1.08024593622883;1.29044535178538;2.15631145734334;0.47470128264929;0.0842362714448087;1.268519621983;0.393769219815681;4.29710469987341;0.797811611291723;0.637409607124033;-2.73082666234721;-2.01516326421557;-1.45191809313409;-2.83722950943963;-2.56563616200616;-2.04266680106132;1.46808459464998;-0.664371878740249;-0.15588634465625
383;-1.6374196608337506;Chris Cenac Jr.;BOS;;21;10;4.31697400178401;0.445665598590408;2.82012897854547;0.320373496334743;0.266707827155464;0.369156916655528;0.405266595106898;0.479127997141708;3.72836148631123;0.667520515240536;0.447302597093746;-2.87185271273853;-3.15552936415504;-2.59715634593939;-2.0268348425423;-3.26719961337304;-1.32618766038742;2.85326035027243;0.067486984514072;-0.429606434002469
384;-1.6384555683363486;DeAndre Jordan;NOP;;22;13;2.98796918751322;0;4.62007861955191;0.658161766688979;0.270550047505142;0.549093004378191;0.535515418087023;0.641552147638635;1.92061487027161;0.538627101537884;0.972138231439296;-3.15758668634193;-3.95640816609378;-2.3864476745276;-1.07325884536379;-3.25423977594435;-0.873709204807591;2.64426309665918;0.639694658931118;-1.05757265943207
385;-1.6442701034530713;Trendon Watford;NOP;Unrestricted Free Agent;44;12;5.17985224781132;0.217489395354749;2.36721882237395;1.48811565726019;0.215230695799754;0.256721801576517;0.996595252551411;0.511529638030119;3.93920642517133;0.772725249215767;1.20653644981209;-2.68633522828261;-3.56557107447843;-1.86873140974457;-2.26677725202107;-3.44083235510828;-1.60892398008726;1.9044144216795;0.337663746179224;-0.13538240731947
386;-1.648255934107327;Devin Carter;ATL;;33;10;4.65523510468338;0.47175950363276;1.82340993681788;1.43060941209186;0.488404436012149;0.110547865728025;0.688524059858301;0.433586095791315;3.90913833712465;0.674263034857915;1.17695839905235;-2.79912710030352;-3.10863757920615;-1.90460318381355;-2.55487592350874;-2.51941532517727;-1.97650203280503;2.39874543916626;-0.291345468475848;-0.59190140536767
387;-1.648490833616939;Bub Carrington;WAS;;77;16;4.79202476387769;0.900800590969651;1.35823815887365;2.22999955595947;0.377597751722492;0.105319618623589;1.03234796838932;0.419519386344572;4.21235831135365;0.76039929958895;0.469348440241703;-2.76971753575587;-2.33763368504051;-1.40595225381711;-2.80131428595339;-2.89316708424201;-1.98964930751321;1.84704561597077;-0.429921891928569;-0.265338984801593
388;-1.65365667730531;KJ Simpson;DEN;Restricted Free Agent;21;12;4.75625127086551;0.583186290358166;1.77310370719932;1.87079332281949;0.529428228599982;0.0521418455382943;0.910426375220081;0.381017537764435;4.73827273652441;0.769146932431801;0.731115127867257;-2.777408781264;-2.90839921272962;-1.63002121887735;-2.58152712084223;-2.38104177179913;-2.12337343668232;2.04268099712436;-0.849099098826624;-0.214842941887438
389;-1.6540753963377384;Zuby Ejiofor;ATL;;47;11;3.81222271913311;0.298776282685832;2.32872724206671;0.761202807083082;0.32669620469037;0.426354524741364;0.557405889579229;0.474157013111284;2.83436400278746;0.714157972793383;1.15601775606368;-2.98037345557149;-3.41949530568462;-2.32217178744732;-2.28716929313058;-3.06485837583089;-1.18235500459783;2.60913764740373;0.00463190824830881;-0.406939142797631
390;-1.6555251496465766;Braden Smith;IND;Restricted Free Agent;21;11;3.99432540596849;0.540755231551941;1.39651969243585;2.32374028109608;0.41770645392437;0.0695644294263031;0.650640578579227;0.418023632593765;3.55251832778498;0.794913485328063;0.608238444645079;-2.94122166036759;-2.98464951261636;-1.34747780285408;-2.781033523254;-2.75788013744944;-2.07956152574421;2.45953327097526;-0.385075606107934;-0.169869771064449
391;-1.6555974105405946;Micah Peavy;NOP;;47;13;3.71378606878228;0.410880271733601;1.46351725609389;0.767071851787316;0.585318917478296;0.134411505980061;0.321986735496571;0.443790019353264;3.26836377726016;0.761925692225031;0.527572902742296;-3.00153718270847;-3.2180399797068;-2.31851074080769;-2.74553960324743;-2.19252206815919;-1.91649304171039;2.98689120805386;-0.187205864992007;-0.256515907401273
392;-1.6559595781198515;Bogoljub Marković;MIL;;47;11;4.44722704000395;0.660055696610768;2.10242971044521;0.781720449803097;0.328665307951973;0.233175355134665;0.701216836988236;0.42445346485493;3.66326444122313;0.783310913346748;0.864791696805177;-2.84384851156118;-2.77026183308883;-2.30937310372304;-2.40705703301998;-3.05821657608278;-1.66813533593725;2.3783786097379;-0.346392111112117;-0.149439991309348
393;-1.6601900077569602;Jordan McLaughlin;SAS;Unrestricted Free Agent;44;11;3.02467338116582;0.524443292282842;1.1545373336976;1.41167093320487;0.698348660238486;0.0691756963862052;0.490477606859726;0.439748631554816;2.50092139938467;0.798951095590609;0.376339133310258;-3.14969534163975;-3.01396271610448;-1.91641680221023;-2.90923075931912;-1.81127191656342;-2.08053905797714;2.71653076587791;-0.181373012998921;-0.21779826937607
394;-1.6672068832286764;Tyus Jones;DEN;Unrestricted Free Agent;73;15;3.75742132926166;0.789431609521963;1.24923334998712;2.51837579977915;0.447779868219501;0.0636003329269231;0.606864782529285;0.355500635169002;3.95064100989601;0.822553557618251;0.193396456170997;-2.99215566938954;-2.53776817313444;-1.22606627039249;-2.85906277344613;-2.65644229039226;-2.09455921301819;2.52977591071541;-0.927317309915802;-0.245356484425738
395;-1.6679999272578947;Tristen Newton;HOU;Restricted Free Agent;16;9;3.91928309212248;0.603794447093086;1.66555269803934;1.2868306128609;0.447779441308979;0.0704337304939514;0.533883413585578;0.388295900863089;3.3612763155704;0.797271786387118;0.884452487923187;-2.95735564144378;-2.87136553562232;-1.99429084446373;-2.63850541538492;-2.65644373036458;-2.07737552731832;2.64688181098521;-0.573578590725742;-0.097580641919129
396;-1.67088637063879;Bruce Thornton;HOU;;47;10;4.67497363594873;0.715671818621904;1.03213262467628;1.12649087651714;0.262343643848787;0.0616230325239207;0.348982583455388;0.432268359894526;3.78888392161851;0.795314281183648;0.859625630073922;-2.79488334669859;-2.67031745033719;-2.09430903865407;-2.97407823605135;-3.28192003568518;-2.09953145535097;2.9435736720235;-0.294913396058395;-0.110141398398404
397;-1.6714122445855693;Aday Mara;OKC;;68;11;4.09058469842225;0.0580620203052621;3.12571741276984;0.81274545432345;0.207708682795378;0.712900622296245;0.910504989619381;0.492633381163632;3.43263247400303;0.638739180029838;1.01835618439158;-2.92052606180111;-3.85206840684986;-2.29002004129676;-1.86494042658031;-3.46620416015881;-0.461788400560623;2.04255485246391;0.151494493432826;-0.695231759282455
398;-1.6752411717200026;Gary Harris;DET;Unrestricted Free Agent;44;13;3.364445280417;0.782236505290317;1.17267679740033;0.712867511646549;0.510316001575772;0.188944109950653;0.355463627750442;0.413777802623522;2.88220395042011;0.78904691399496;0.249699652830275;-3.07664491033256;-2.550698061542;-2.35232282221548;-2.89962084757796;-2.44550745377252;-1.77936197069704;2.93317418873282;-0.351506532801718;-0.258855589845083
399;-1.6756497942820872;Bennett Stirtz;OKC;;73;12;4.53923114056728;0.77648292598705;1.09409583487605;1.50313217503567;0.424310674895196;0.0989112997402959;0.827792544266454;0.419519849412768;3.86977119531958;0.783378546350934;0.658502276758112;-2.82406777265077;-2.56103747233304;-1.85936426829118;-2.94125141211777;-2.73560405166164;-2.00576406396854;2.17527523736164;-0.400967184670623;-0.187836422244617
400;-1.6807053679295867;Jonathan Mogbo;SAC;Restricted Free Agent;22;11;2.49411056742381;0.00818941025410325;3.17662543159709;1.15741418136476;0.45506171455668;0.29782994203335;0.607919852386487;0.592439253767974;1.74160654419764;0.727981974153663;0.580136609641948;-3.26376552362016;-3.94169147022667;-2.07501941538423;-1.83797041380238;-2.63188056927221;-1.50555089833872;2.52808294568524;0.397482622097501;-0.327916525307825
401;-1.6884180139549818;Labaron Philon;PHI;;47;10;4.15319093169207;0.621717476119374;1.16967028180866;1.48310284285677;0.440356495656004;0.083544608022914;0.670398377458008;0.416782889981736;3.48895407089119;0.755628523915969;0.824744850795031;-2.90706581875877;-2.8391571397778;-1.87185834917876;-2.9012136371972;-2.68148138051201;-2.04440610083648;2.42782990806857;-0.388400653470137;-0.246018435293953
402;-1.6915052861927287;Tidjane Salaün;CHA;;21;11;4.07970707108327;0.560442894742435;2.88899885777151;0.43890203903397;0.23622168649515;0.138331426904479;0.522713642319952;0.492785930867683;3.02321904499441;0.694629959717595;0.776909412244875;-2.92286473480633;-2.94926999901054;-2.52321952234768;-1.99034900857096;-3.37002958948804;-1.90663576522781;2.66480482529422;0.125553070387649;-0.434721761291013
403;-1.7103712919681997;Jamaree Bouyea;PHX;Unrestricted Free Agent;22;11;3.64822306660061;0.301989293352979;1.42692098767084;1.56825071143402;0.467765777335777;0.253766097661874;0.667397174096686;0.428817962214497;3.56098251733494;0.683539526150234;0.427491357761462;-3.01563312648051;-3.41372139775486;-1.81874402924502;-2.76492754742069;-2.58902967231238;-1.61635657662403;2.43264563880378;-0.306860623002443;-0.397636886249583
404;-1.7113279011666391;Cody Williams;UTA;;47;12;4.52364697123102;0.185099956149563;1.41420848404622;0.928848846522455;0.344435123252794;0.196353244191118;0.513313670536095;0.468379616740353;3.98520789278964;0.729097122952805;0.830296410605576;-2.82741834488493;-3.62377618465108;-2.21759600037018;-2.77166236824252;-3.00502487337466;-1.76073050181974;2.67988801945996;-0.0107558899980051;-0.331541482288562
405;-1.7119690629665507;Caleb Martin;DAL;Player Option;53;12;3.4441447298445;0.315156493332211;1.91398254226451;1.07321726779721;0.515879427310669;0.205478868240212;0.572721313171918;0.428579289347874;2.97622401075999;0.637825613425946;0.906034943415144;-3.05950965233019;-3.39005941581681;-2.12754053986315;-2.50689243519985;-2.42674197795151;-1.73778264111988;2.5845625196171;-0.270072521125475;-0.656096660881961
406;-1.7138747661430345;Bronny James;LAL;;47;11;3.77405389194726;0.679071018388809;0.739205423542423;1.47732297069485;0.488731698661106;0.128276618992027;0.674274947327602;0.400244632404452;3.50583933941736;0.814174174672815;0.354464839573293;-2.98857969421148;-2.7360905437359;-1.87546377095049;-3.12926499325737;-2.51831146586131;-1.93192020934883;2.4216095642862;-0.509020054459923;-0.202166719804574
407;-1.7152551528037334;Kobe Brown;IND;Restricted Free Agent;21;10;3.95637446223493;0.45876661071199;1.9345978168876;0.797795918873708;0.245106187805147;0.131708983736838;0.517424689035888;0.520641821753716;2.99513458254326;0.783830533968626;0.483297325378687;-2.9493810544033;-3.13198632442906;-2.29934539989946;-2.49597089016994;-3.34006210138647;-1.92328897190016;2.6732914794195;0.295077558015251;-0.21978856309524
408;-1.7177607987036132;Joshua Jefferson;BKN;;21;12;3.41432995252228;0.320038616191031;2.50317322916283;1.17889180613466;0.546748501828565;0.196849469873725;0.980342118724028;0.409328449005254;3.10738971603035;0.719172257621769;0.765331677721031;-3.06591978320774;-3.3812860469087;-2.06162190523505;-2.19475142636962;-2.32262036312542;-1.75948266191543;1.930494199253;-0.401591808112359;-0.359584917552825
409;-1.7182111709222203;Ryan Conwell;MIA;;73;12;4.28141245506716;0.752197689729595;1.53135639362513;1.01680876440302;0.391084023583614;0.0764379697156251;0.783963961884244;0.407636860016451;3.84091759111977;0.794049246654273;0.500996121036239;-2.87949839012192;-2.60467900755628;-2.16272755448048;-2.70959983485318;-2.84767779030968;-2.06227689466302;2.24560257804741;-0.492281156727083;-0.196466058471489
410;-1.7189380730715191;Ariel Hukporti;PHI;Unrestricted Free Agent;47;12;2.39348181239492;0.0157224272321764;3.9144048464501;0.674516196290263;0.185872081554481;0.662684542976999;0.872015237640457;0.57036735946327;1.75854420964084;0.740213851154278;0.502188590335806;-3.28540054986266;-3.92815433917714;-2.37624595814067;-1.44711017794442;-3.53985917635301;-0.58806487074079;2.10431550620186;0.32233887922618;-0.301691132288878
411;-1.719355505778489;Jabari Walker;PHI;Unrestricted Free Agent;73;10;3.65063061407682;0.386658578105088;2.20219949897009;0.554457518801382;0.286133997443898;0.126336533230321;0.379211663474747;0.494961251023802;2.69470339541182;0.733483773743533;0.813139335674009;-3.01511550750755;-3.26156732629914;-2.45113726327276;-2.35420106782325;-3.20167499846611;-1.93679886943453;2.89506809202094;0.115915237482142;-0.31720073240889
412;-1.7225213322000466;Malevy Leons;GSW;Restricted Free Agent;47;10;3.35111186015234;0.169084128412412;1.81024176632737;0.702842494324491;0.383634873289036;0.285239144622693;0.495930445770055;0.482943164425182;2.69458354321968;0.76469268978311;0.757645957833317;-3.07951157500754;-3.65255726394182;-2.35857631964627;-2.56185214718769;-2.87280382890549;-1.53721249907149;2.70778114088646;0.0493874329171774;-0.224517729110851
413;-1.7228918952886014;Pat Spencer;PHX;Restricted Free Agent;22;11;3.79951406948173;0.511553799061317;1.42895191355231;1.83562668033338;0.405813051042829;0.0462544451723964;0.674310364151556;0.421673839129953;3.54944556246103;0.744390692916927;0.395684146795009;-2.98310579553372;-3.0371256479563;-1.65195779029379;-2.7638516050007;-2.79799667262725;-2.13817825909819;2.42155273445259;-0.358193173634725;-0.297243972566121
414;-1.7234376127396331;PJ Hall;CHA;Restricted Free Agent;16;9;3.95291369332359;0.298496889824384;2.19496203236975;0.434207676427434;0.17019856349886;0.318621472836891;0.488243188381001;0.477758859976097;3.13893751339227;0.770918319866934;0.849774056145527;-2.95012511435112;-3.41999738576631;-2.52614781499358;-2.35803532755655;-3.59272606774657;-1.45326722436206;2.72011611363609;0.0362994796669392;-0.193341584725845
415;-1.7280223665362868;Kevon Looney;LAL;Unrestricted Free Agent;44;11;1.48589552365021;0.0508020832513354;4.05719157878829;1.04515423295632;0.324950853256245;0.340848067321534;0.360369615127129;0.467498370460177;1.4014843596481;0.632417537357467;0.197195878213862;-3.48053019415465;-3.86511480241705;-2.14504595762353;-1.37146472788776;-3.07074545902332;-1.39737485017245;2.92530204167975;-0.0542620619743566;-0.390373058532246
416;-1.7326189082785228;Karim Lopez;MEM;;47;14;4.02147437380509;0.467712793353627;2.57417441222964;0.848438917358957;0.360689610811027;0.361994990325666;1.19686151977733;0.398496375960019;3.65940655254388;0.743807745184217;0.856728214879604;-2.93538467439441;-3.11590967848955;-2.26775484491676;-2.15713647181682;-2.95019836758639;-1.34419748490749;1.58306718119058;-0.541218894044535;-0.283011748649117
417;-1.742502406689492;Cameron Carr;LAL;;47;12;3.88492908222648;0.571053210277991;1.48236254575421;0.49480142554605;0.295805985797883;0.34174634481455;0.628984517354243;0.387049741186866;3.56728335610056;0.772462983222781;0.715171709854325;-2.96474170028374;-2.93020284008873;-2.48835008933764;-2.7355557595495;-3.16905131078761;-1.39511598582863;2.49428258552985;-0.613331424346963;-0.207688449589371
418;-1.7449664705062309;Elijah Harkless;DET;Restricted Free Agent;16;10;3.27890126515096;0.403257065774783;0.900326101114069;1.00196762167177;0.53800884286759;0.10490901482931;0.441708524606179;0.389173463462015;2.8432847684473;0.730578171963001;0.906928598352473;-3.09503674092451;-3.23173918394096;-2.17198529887716;-3.04390659917722;-2.35209929692107;-1.99068183730221;2.79478563236362;-0.491457386885132;-0.328183797380027
419;-1.754967820855246;Johnny Furphy;IND;;14;11;3.09436262066557;0.402904727401024;2.38480883400635;0.615012018806546;0.385180862546759;0.140898481184619;0.449738085375914;0.445936758823012;2.65487269368308;0.612196104231465;0.528665966362768;-3.13471226324467;-3.23237235000885;-2.41336402078949;-2.25745842859367;-2.86758919579673;-1.90018049118708;2.7819013996297;-0.154239732959158;-0.565288948668912
420;-1.7557931089101388;Alex Karaban;SAC;;47;12;3.49616123597367;0.566653338661638;1.71967754649435;0.451163044141391;0.276777540684956;0.253635127820156;0.503709283416443;0.428719546145377;3.12593198000462;0.795601558969011;0.313236713785705;-3.048326184197;-2.93810958433808;-2.51557123990836;-2.60983119297236;-3.23323439575957;-1.61668592151787;2.69529921846136;-0.279037260090511;-0.237542009953465
421;-1.75889293230477;Jaden Hardy;LAL;;21;10;5.05690443004748;0.909823791773811;0.823721087648766;0.625257113839125;0.19372933860869;0.0622846929832916;0.725496503068697;0.433221364085114;4.16287224640694;0.745112595226474;0.72497801746127;-2.71276881839327;-2.32141863440043;-2.40697324126201;-3.08449034687763;-3.51335659066281;-2.09786760288777;2.33941945898812;-0.308575083661616;-0.283644598629253
422;-1.7594453683265423;Isaiah Evans;MIN;;22;12;3.75043854814918;1.00124257328974;1.25919372667875;0.561212872021356;0.277194168300313;0.179440082879364;0.609579407857683;0.361616814083414;3.41667317674642;0.816482278172671;0.340660225477701;-2.9936569564975;-2.1571354488758;-2.44692334696239;-2.85378597240703;-3.2318291077563;-1.80326138712558;2.52542002307479;-0.769051609937757;-0.203342129453439
423;-1.7615113974978676;Ja'Kobi Gillespie;SAS;Restricted Free Agent;47;10;3.64779964361329;0.511209691124735;0.942190258981303;1.21332221069938;0.527375528030871;0.0848249526232152;0.840609153049403;0.411151014277463;3.33684299881235;0.782358529826568;0.5019401855092;-3.015724161766;-3.03774402360131;-2.04014459107492;-3.02172783640808;-2.38796554587879;-2.04118646682817;2.1547097076702;-0.413293186632455;-0.219148251441208
424;-1.764786806179484;Rayan Rupert;PHI;Restricted Free Agent;22;10;3.33831546666497;0.42728428092435;1.66263934712147;0.544885605643142;0.412289702522733;0.0879764525579524;0.51996010208436;0.412431618073421;2.94478991330389;0.827013767521839;0.582798336628015;-3.0822627797584;-3.18856132290844;-2.45710811922441;-2.64004884829179;-2.77615087966826;-2.03326150946538;2.66922315579261;-0.365676529894309;-0.102775826125785
425;-1.7656829760463248;Haywood Highsmith;PHX;Unrestricted Free Agent;42;10;2.66428792473827;0.533203268824204;1.49117947979948;0.690400581037585;0.360783369532613;0.171553999239269;0.280489915146757;0.422007929732704;2.27016034919895;0.742334048039351;0.289671904755767;-3.22717765576547;-2.99822068993138;-2.36633745065226;-2.73088473071473;-2.9498821187306;-1.82309222256946;3.05347700352102;-0.25418806960007;-0.303289385565142
426;-1.7671817065277002;Alijah Martin;TOR;Player Option;47;9;3.5948950005672;0.354708533881326;1.44262844182043;0.578913720267239;0.373451088215491;0.107535728746246;0.417550085060228;0.409903727165364;3.09202901837444;0.748375121321216;0.942465894871518;-3.02709857795871;-3.31898282621825;-2.43588174918032;-2.75660606391216;-2.90715381067397;-1.98407653943547;2.83355026302332;-0.396318391204646;-0.263400270567365
427;-1.7724632010425636;David Jones Garcia;SAS;Restricted Free Agent;20;8;3.45816231256397;0.213177929372029;1.34452896946;0.999169950023403;0.36745179891479;0.117959169615008;0.492795578387166;0.4790367962742;2.95759212403;0.738899123170432;0.556765407792704;-3.05649589378865;-3.57331895028881;-2.17373045620739;-2.80857713023959;-2.92738945750024;-1.95786510799991;2.71281134890274;0.0376938625536541;-0.303521603605623
428;-1.775110930532447;Jett Howard;DAL;Restricted Free Agent;47;8;3.81196083252053;0.69690431981569;0.950039577290306;0.477890642316807;0.135104866198308;0.140345511786417;0.206657942989648;0.430255241863581;3.25576902676553;0.845708839368009;0.370615888102994;-2.98042976078698;-2.7040433919554;-2.49889885310327;-3.01756943032651;-3.71109736621337;-1.90157102236094;3.1719477816565;-0.277285518106055;-0.151595845766153
429;-1.7787695439767885;Cormac Ryan;MIL;Restricted Free Agent;16;9;3.66397401045997;0.613629920630235;0.948252189988229;0.609087573768276;0.294283653907559;0.0940816623607689;0.57613238092968;0.468199195274656;2.82663268719873;0.860425901906344;0.468941939066229;-3.01224669798258;-2.85369079858216;-2.41705962555859;-3.01851635105701;-3.17418614742257;-2.01790896991907;2.57908912049571;-0.0301745951324222;-0.0823394883701317
430;-1.7836857274010602;Dailyn Swain;CHI;;47;13;3.87000953108054;0.276776375059872;2.46938266163611;1.02022745041109;0.396326019488993;0.200113357199348;1.13216585076614;0.37314184653935;3.97215438113138;0.782893575029417;0.803275355743686;-2.9679493806379;-3.45903001448415;-2.1605950151061;-2.21265296838526;-2.82999649966187;-1.75127508824316;1.68687784784108;-0.788026303974274;-0.162249952539379
431;-1.787748709890127;Dalton Knecht;LAL;;47;10;3.85868180181278;0.694594109230659;1.3657577793583;0.402606310031283;0.158540931849494;0.124330474441273;0.408314440452593;0.456304316534716;3.18936541076579;0.724239039040511;0.349947007882906;-2.97038482485964;-2.70819493223901;-2.54586040572726;-2.79733054694276;-3.63204734482846;-1.94184342939;2.84836977781186;-0.102483833595494;-0.326367522267044
432;-1.79746305378102;Chaz Lanier;DET;;21;10;3.55726111297748;0.917528635897135;0.840041913769263;0.436129758457442;0.253853026513876;0.0544572039114098;0.256356622812394;0.364146960929839;3.3635156375064;0.793807088760306;0.23948448545772;-3.03518980541529;-2.30757272313842;-2.52494884100179;-3.0758439116174;-3.31055895024897;-2.11755109279321;3.0922012829665;-0.740756234820858;-0.256545729735398
433;-1.7998603834785398;Jae'Sean Tate;HOU;Unrestricted Free Agent;44;10;3.01257626076353;0.223614152588566;1.83379094523237;0.709132001857697;0.290046744602717;0.121104570464619;0.392275668365545;0.508365447485429;2.50741628654152;0.681841209422441;0.351393403308744;-3.15229620376198;-3.55456464218682;-2.35465299283932;-2.54937628050482;-3.18847727359275;-1.94995548777517;2.87410559054956;0.171757384169088;-0.384566656259545
434;-1.8029938093597602;Ugonna Onyenso;DET;;16;8;1.65390181393284;0.0881275917115537;2.18782920702469;0.1992050658335;0.198549335120886;0.676104256284808;0.332170752466334;0.475662696083831;1.42535904615702;0.699909615783757;0.299744372594883;-3.44440910234418;-3.79803937951719;-2.67273990300369;-2.36181415052257;-3.49709870706429;-0.554318826638727;2.97054993502941;-0.0300229840158839;-0.352638906870341
435;-1.804768393970536;Yang Hansen;POR;;22;9;3.62224019060338;0.27566730758233;1.94890274332483;0.43323085868208;0.173230449491464;0.363555684801875;0.662792093364452;0.404884564526183;3.26577740153896;0.737543710845319;0.951871937316512;-3.02121940451699;-3.46102305284182;-2.52675714334331;-2.48839243676147;-3.58249949404947;-1.34027286569872;2.44003495107305;-0.448102824840714;-0.303156071167301
436;-1.8051866526284053;Alondes Williams;WAS;;16;10;3.01702670879972;0.392842587288679;1.61477775250793;1.07586633055127;0.286649290195557;0.142967080103605;0.65662774033267;0.458493955217079;2.41017064355111;0.73441576564199;0.563831549734481;-3.15133936433745;-3.25045441589772;-2.12588808315467;-2.66540492869004;-3.19993691223422;-1.89497866393873;2.4499262715815;-0.0846719345753437;-0.313289238112444
437;-1.8208977820747188;Koby Brea;PHX;Restricted Free Agent;22;8;3.38527455337144;0.894699606526793;0.821703697262606;0.546691054564058;0.143830973819619;0.0721471944438762;0.330317139649551;0.418669025626054;2.78851152496722;0.79724296737305;0.19523300550073;-3.07216664895635;-2.34859739668148;-2.45598189970521;-3.08555911847288;-3.68166414118582;-2.0730667445079;2.97352424204506;-0.314467560912611;-0.264014378898257
438;-1.8211518657253782;Jalen Wilson;ATL;Restricted Free Agent;22;9;3.66224113513774;0.508789119136379;1.26877029936506;0.529812092416725;0.21884260169911;0.0202108101571142;0.390983514631044;0.415009125854117;3.04664345087455;0.741093144043578;0.84292015160162;-3.01261926348893;-3.04209388771506;-2.46651081382394;-2.84871250277163;-3.42864937001027;-2.20366920034597;2.87617898035514;-0.35963644472627;-0.292393943802669
439;-1.8228489811889603;Tarris Reed Jr.;SAS;;47;9;2.81295752095625;0.0232444377272786;2.448946409652;0.377865040955241;0.248944362590531;0.374572683293243;0.641024780317936;0.511059880286162;2.27779178740276;0.640073440519916;0.721068954962985;-3.1952139231851;-3.91463698721517;-2.56129374191323;-2.22347967093314;-3.32711590967582;-1.31256883742073;2.47496278029386;0.161862864152321;-0.579347426866596
440;-1.8260531585456712;Jaden Bradley;TOR;Restricted Free Agent;47;11;3.67807159425889;0.119248819745;1.18976200555812;1.34802963999103;0.384703980141319;0.069736237141746;0.930006145422079;0.442727761294491;3.25760690479412;0.770921319624557;0.874741342694157;-3.00921573933305;-3.7421132952488;-1.95611555292752;-2.89056945856412;-2.86919772364902;-2.07912948739813;2.01126329902185;-0.19394114872544;-0.189870556583034
441;-1.8352312313063188;Jalen Pickett;LAC;Unrestricted Free Agent;23;9;2.96248226586935;0.545268718592486;1.17999856096002;1.1619629655965;0.179377239744421;0.0574970204286864;0.387013517449696;0.412394996760096;2.640838361147;0.774739628579822;0.308589471454827;-3.16306633496172;-2.97653859693198;-2.07218193295477;-2.89574192906353;-3.56176632542907;-2.10990698148463;2.8825492375964;-0.335763912242082;-0.263755236097026
442;-1.836694758903687;Jahmai Mashack;MEM;Restricted Free Agent;21;9;2.65374877729306;0.260944432159665;1.10093919974171;0.961391349906576;0.444763513981899;0.179999698339939;0.634573875291841;0.43632840577292;2.40131493981057;0.634002895355744;0.46889455618984;-3.22944355611855;-3.48748064541098;-2.19729633855749;-2.93762593931167;-2.66661647536579;-1.80185414335072;2.48531390211535;-0.193964881926179;-0.496653281125933
443;-1.844575416443257;Baba Miller;LAC;;16;8;2.66793511602812;0.155271244695983;1.75257463377188;0.587093040685863;0.200888697156536;0.336547041500755;0.495941055805904;0.469434691503505;2.25751401761991;0.659277603590783;0.596339199660848;-3.22639351529543;-3.67737956523033;-2.43077957752512;-2.5924029982661;-3.48920802175483;-1.4081904766842;2.70776411602357;-0.0332588191310437;-0.488262819835874
444;-1.8550997351164284;Kam Jones;MIL;Restricted Free Agent;16;9;3.0605895900498;0.43144054829264;0.875855944050745;1.24420746642094;0.247785880319835;0.0100770435566814;0.422328221984153;0.445387922439164;2.78023930361058;0.613180133105866;0.248832306987303;-3.14197341244055;-3.18109234517945;-2.02087870243859;-3.05687038099154;-3.33102347887432;-2.22915219888508;2.82588326479916;-0.161165556704942;-0.429802295809341
445;-1.8567435460396213;Brooks Barnhizer;OKC;Restricted Free Agent;50;9;2.03525766833135;0.242069269166038;1.68725218022471;0.503048010551499;0.30677377578176;0.140330324910157;0.262715659416621;0.423620170867339;1.87061615286566;0.741830231921772;0.280828310295898;-3.36241818518261;-3.52140006385509;-2.48320595876034;-2.62700947966996;-3.13205687470458;-1.9016092122227;3.08199757320928;-0.216271203880631;-0.304080897120537
446;-1.8576506976144658;Bryce Hopkins;DEN;Restricted Free Agent;16;9;3.48766445504176;0.335549284899737;1.85949640331486;0.584735362070883;0.246301251121808;0.0946642179178893;0.752626883839496;0.423808243585723;3.18255938983519;0.714513865266572;0.636132315985005;-3.05015297891771;-3.35341275847902;-2.43225027195763;-2.53575806182497;-3.33603114405155;-2.01644403955346;2.29588605161565;-0.314859128274121;-0.3629687884086
447;-1.8582694732609526;Tyler Bilodeau;BKN;Restricted Free Agent;16;9;2.61429985948346;0.58845086765833;1.48740584539729;0.313640384535347;0.204388540974164;0.12959530930344;0.375142079398377;0.397888974612511;2.29610347489364;0.787745749607914;0.252188574123944;-3.23792501225705;-2.89893855798264;-2.60135638829205;-2.73288392397329;-3.47740302288066;-1.92860414883508;2.90159814638803;-0.370002964443558;-0.259614983588729
448;-1.8664319027887926;Isaiah Crawford;HOU;;16;8;2.68899863035745;0.311947237560539;1.33484506413108;0.429839945298855;0.21535792758708;0.182289618902696;0.329851642673325;0.401937661213028;2.33841866654096;0.707741931276105;0.702592726656172;-3.22186489238696;-3.39582657605009;-2.52887235845455;-2.81370746248346;-3.44040320135616;-1.79609576695858;2.97427117846545;-0.356011784348509;-0.386950908321962
449;-1.8752767117423297;Riley Minix;CLE;Restricted Free Agent;16;6;2.58807905716401;0.386722020236237;1.01727669306904;0.411197664385706;0.187507994820147;0.12392027666257;0.308260774913431;0.475488215037205;2.07221908556396;0.80620411231134;0.286187486621248;-3.24356244408375;-3.26145331826678;-2.54050121175717;-2.98194860057359;-3.53434122890571;-1.94287493818704;3.00891588358983;-0.0108314921290635;-0.232056243276023
450;-1.8761836529563147;Caleb Love;PHI;Restricted Free Agent;16;7;3.61753132489021;0.670992941274524;0.584930686582756;0.636071558198577;0.161138608399922;0.0316982878435385;0.44633227714946;0.404095867518518;3.38849902269612;0.73315815266687;0.283678874107957;-3.02223180334124;-2.75060716952376;-2.40022730777934;-3.21099654995443;-3.62328536276549;-2.17478207587946;2.78736635930746;-0.467652420609284;-0.313609063749345
451;-1.8776827740635484;Henri Veesaar;ATL;;33;10;2.5378007747607;0;2.53765422685958;0.529437659765975;0.235826014090493;0.341702108820614;0.488793451749101;0.314641934320257;3.15461147498146;0.676526295121777;0.816900489621211;-3.2543721968121;-3.95640816609378;-2.46674438086371;-2.17648410876622;-3.37136419541188;-1.3952272244049;2.71923316106833;-1.0201281612921;-0.498792798708262
452;-1.8802546859975715;Amari Williams;BOS;;16;7;1.88983777379296;0;1.94759758150453;0.596869780000837;0.187256201720274;0.352496431018101;0.485481833304693;0.547118647494065;1.29739794919237;0.669356223477829;0.702430984958373;-3.39368323694259;-3.95640816609378;-2.42468095323116;-2.48908388443085;-3.53519052887892;-1.36808315175796;2.72454698382742;0.15646241165401;-0.492149732431257
453;-1.8830573032979407;Koa Peat;PHX;;47;10;2.69557578703608;0.0384130573522144;1.78575401850072;0.7149534697304;0.291847334387867;0.182982552931793;0.699457320372359;0.48402715157781;2.32218071352036;0.655087009720218;0.624597482753069;-3.22045081390311;-3.88737837459013;-2.35102162411287;-2.57482524822367;-3.18240387103705;-1.79435327203567;2.38120192999516;0.0375125512521625;-0.506870197756462
454;-1.883418794224468;Jayden Quaintance;SAS;;9;7;2.31965441980384;0.0482806849217054;1.6468870076621;0.362309276137843;0.223598579952226;0.368124041312487;0.364380884300907;0.465718308742182;2.07309029824402;0.552314051620248;0.616354986347759;-3.30127332475355;-3.86964585547529;-2.57099725984187;-2.64839411110674;-3.41260742046931;-1.32878499283997;2.91886555940189;-0.0524084353839635;-0.751470584197203
455;-1.8888603019573993;Rocco Zikarsky;MIN;Restricted Free Agent;16;5;2.00149595495536;0;1.58638308974729;0.143741155185883;0.112602985261286;0.386435194498617;0.249799159665425;0.655175642907176;1.31409452702023;0.625406970537797;0.447021723394585;-3.3696769011895;-3.95640816609378;-2.70733769087716;-2.68044783224671;-3.78699637570356;-1.28273863038756;3.10272338794242;0.451103434985653;-0.502993540522205
456;-1.8936367023452292;Isaac Jones;DET;Restricted Free Agent;16;8;2.22055889304194;0.117176686846056;1.59356626015614;0.378445548623917;0.141991526033838;0.22145467426262;0.248259643248615;0.485548719231886;1.7932450543662;0.682628545491052;0.530254015531469;-3.3225787092969;-3.74583700046368;-2.56093162750504;-2.67664233750982;-3.68786861206275;-1.69760888761023;3.10519369589334;0.017729260907137;-0.420316616338118
457;-1.8974523346960708;John Tonje;POR;;16;8;2.84049086780141;0.456744799169837;1.10426640140661;0.38976867207185;0.196333387739805;0.0630636548229032;0.34449172657257;0.312537854441984;2.90085280018526;0.828463084401631;0.688616619049208;-3.1892942963213;-3.13561960016483;-2.55386838550601;-2.93586325686037;-3.50457311383842;-2.09590877709244;2.95077970071077;-0.956554331105941;-0.0610503484873873
458;-1.898179441899336;Felix Okpara;WAS;Restricted Free Agent;16;8;1.73128123869156;0.0129673658550916;1.76825393594307;0.185186140819605;0.153999488327413;0.375931737389034;0.285876832697523;0.530661176040178;1.42670687968138;0.67482606282525;0.302474938074022;-3.42777264604693;-3.93310529402294;-2.68148475687681;-2.58409642909197;-3.64736566714766;-1.30915127562923;3.0448331559392;0.131196780755354;-0.382623548846603
459;-1.8992661987799417;Jaron Pierre Jr.;NOP;Restricted Free Agent;16;8;3.17795761834669;0.483424580744329;0.842740369654775;0.351908228208348;0.198863125949956;0.0664625739854874;0.437319512984483;0.402746980178821;3.00581859437456;0.757628874604126;0.360815595954944;-3.11673946841028;-3.08767497179112;-2.57748532110053;-3.07441432564275;-3.49604028829564;-2.08736164398095;2.80182824015096;-0.431517726370933;-0.279828733948077
460;-1.8999340710699402;Arthur Kaluma;LAL;Restricted Free Agent;16;7;2.67166117113872;0.360542153161419;1.30567384506995;0.404280660311385;0.157078301383584;0.1143739471967;0.47070842120702;0.450607236755411;2.08890749238702;0.739536741483238;0.579505152311126;-3.22559241922626;-3.30849958040618;-2.54481596412297;-2.82916176946595;-3.63698080812086;-1.96688073084287;2.74825240000137;-0.117082975085434;-0.301768935560219
461;-1.9041592351323124;Otega Oweh;OKC;Restricted Free Agent;16;8;2.75103153946067;0.234414079156937;1.1416070573078;0.490161037030235;0.350049500354975;0.100597484249106;0.676070169841286;0.429764930748206;2.58196449814629;0.719192402208165;0.413438562351958;-3.20852791315114;-3.53515674469942;-2.49124471352923;-2.91608095163634;-2.98608753821799;-2.0015238797341;2.41872895034743;-0.237803779647503;-0.337273735838856
462;-1.9043736848837112;Adam Flagler;SAC;Restricted Free Agent;16;8;2.5175478162107;0.616031682493938;0.780257803564463;0.643066384721406;0.249762393588476;0.0644543219942993;0.268866640672453;0.311965038274856;2.88775388461399;0.70085024692162;0.142340866498948;-3.25872655148529;-2.84937473701037;-2.39586401061145;-3.1075162935581;-3.32435668511811;-2.09241171909866;3.07212770905172;-0.95596667595391;-0.330319558538271
463;-1.9119429895024425;CJ Huntley;PHX;Restricted Free Agent;16;7;2.47822040889853;0.129428226270647;1.2514568162519;0.239674827060053;0.143589128801501;0.123188622801532;0.206629018844007;0.526298844645519;2.01196420667806;0.667997025521702;0.3458148747921;-3.26718188305532;-3.72382049695229;-2.64749530344594;-2.85788482712345;-3.68247988620628;-1.94471480040284;3.17199419333887;0.197321903573921;-0.40208269075222
464;-1.9124881958919226;Enrique Freeman;MIN;Restricted Free Agent;22;7;1.90622793531657;0.197077480706778;1.78423653245407;0.348611273595992;0.164924457735995;0.223641206808852;0.346443936355026;0.414854940988502;1.5430604446343;0.678685243115518;0.63189521145356;-3.39015937763836;-3.60225209675218;-2.57954192574624;-2.57562918086554;-3.61051566517926;-1.69211049714217;2.94764718500987;-0.21913181185911;-0.450969090940849
465;-1.9137761686454253;Vladislav Goldin;MIA;Restricted Free Agent;16;5;1.51361288567724;0;1.60771175117125;0.290129598342557;0.104401817928229;0.416696534191391;0.347396763913802;0.661726823311733;0.970278592982343;0.694527467578539;0.330432062470046;-3.47457100431218;-3.95640816609378;-2.61602216255749;-2.66914834968204;-3.81465897328749;-1.20664158714703;2.94611827796568;0.326787175002006;-0.363828267826803
466;-1.9145280464223566;RayJ Dennis;ATL;;9;7;2.68144562589252;0.451224430824022;0.89672701595707;1.07050118244784;0.164358430904853;0.0829146638239663;0.515213094020589;0.333715041110239;2.85294762388321;0.852695809178831;0.382408502984709;-3.2234887766312;-3.14553992159202;-2.12923480454205;-3.04581331986503;-3.61242487783347;-2.04599019762245;2.67684020464962;-0.817875565827564;-0.136093395008251
467;-1.9170719145254154;Maliq Brown;SAS;Restricted Free Agent;16;8;1.33686513692326;0.123847893298151;1.69434054593362;0.555366509552646;0.405415516800655;0.167419840770731;0.593773879196696;0.462774706410097;1.15757093104589;0.641626269872379;0.220733088322634;-3.51257149613481;-3.73384857719803;-2.4505702446687;-2.62325421049729;-2.79933755854269;-1.83348823407911;2.55078157342489;-0.0689199443652511;-0.391899516985749
468;-1.9171574037372308;Chucky Hepburn;TOR;Restricted Free Agent;16;7;2.66210948031802;0.627589179530351;0.726339607015411;0.873958586067532;0.166554358968492;0.0719881230458776;0.430942412238982;0.304510327009539;2.6816635990179;0.741278878996233;0.541404582305214;-3.22764601793676;-2.82860545526816;-2.25183595145485;-3.13608103607588;-3.60501799636395;-2.07346675531954;2.8120609356282;-0.934083164317046;-0.29870390948399
469;-1.9212089413187676;Izaiyah Nelson;ORL;;20;6;1.75486029633688;0.0503809887847599;1.39763501498671;0.189666116380741;0.188932246344072;0.303301050578808;0.30971101862818;0.494727123320186;1.40291631972467;0.694276528213349;0.455665407749819;-3.42270318522747;-3.86587152591772;-2.67869019655221;-2.78044264849319;-3.5295372180662;-1.49179290917551;3.00658882261133;0.0242238596721021;-0.384246678172775
470;-1.9281864089678786;Pacôme Dadiet;NYK;;47;6;2.2294645064017;0.364712141931284;1.20923570570147;0.392214332299936;0.159876033079528;0.0557958733087301;0.223305684947468;0.366441987864313;2.10705747223856;0.755210512080108;0.424416373978524;-3.32066401623835;-3.30100594477294;-2.55234280909436;-2.88025269602261;-3.62754403858432;-2.11418479162985;3.14523481590035;-0.481733486932673;-0.278316251338905
471;-1.9379307982045346;Colin Castleton;ORL;Restricted Free Agent;16;6;1.89973989941543;0;1.57117883056093;0.343688441544748;0.13341622569638;0.178115762783814;0.334011256449655;0.505650809898979;1.52279141241586;0.772945559058164;0.465412438442874;-3.39155429529329;-3.95640816609378;-2.58261273516189;-2.68850273349767;-3.71679316301542;-1.80659160464399;2.96759666244715;0.0667812331972691;-0.242937340494256
472;-1.9450831208873198;Trey Alexander;UTA;Restricted Free Agent;16;7;2.14893703744572;0.274481704560818;0.70410016051246;0.612022414126471;0.208917749570042;0.0816981476552078;0.320280496660803;0.404818317262061;2.0640916038115;0.746303754727279;0.272397334379944;-3.33797729715498;-3.46315362861533;-2.41522890387002;-3.14786303368993;-3.4621259690573;-2.0490493246947;2.98962903878833;-0.310708467738572;-0.299537440747896
473;-1.9472780767706497;Tamar Bates;UTA;;16;7;2.17966917380388;0.281759609858623;0.703116833516835;0.366124184014396;0.196219682487383;0.0458750098267444;0.302043072825101;0.426470355209375;1.91343850218503;0.860926083635819;0.308806962179852;-3.33136993550764;-3.45007494339941;-2.56861756154926;-3.14838397994256;-3.50495664248906;-2.13913241077152;3.01889280799125;-0.20832695100457;-0.159865022354839
474;-1.9618718359029201;Nick Martinelli;LAC;;16;6;1.91618474049861;0.0548640760818347;1.48908103249831;0.300464072885993;0.13594132587405;0.0500480662146075;0.227207691319907;0.469882772467777;1.68054662699289;0.752056870850274;0.374972769535855;-3.38801867996856;-3.85781523978116;-2.60957562905737;-2.7319964445828;-3.70827598159023;-2.12863858413938;3.13897365670703;-0.0421112424574453;-0.286753585680668
475;-1.9644433069599714;Tobi Lawal;DAL;Restricted Free Agent;16;6;1.79507602678645;0.22200609455451;1.20439524998577;0.17788215139557;0.140419612630027;0.220780587081134;0.342659862253312;0.385348536387233;1.60637325778196;0.700885531345712;0.478027794400195;-3.41405686556081;-3.5574543864162;-2.68604090652028;-2.88281706909213;-3.69317068750646;-1.69930398908023;2.95371911008859;-0.322449514939085;-0.375506761715767
476;-1.9701492773833684;Chris Mañon;LAL;Restricted Free Agent;16;5;1.21020019075611;0.156448395280914;0.85261817073696;0.420865132122873;0.261667813110117;0.12023622796549;0.257711449964297;0.413849444453487;0.973151777152716;0.72621046191949;0.341877683959301;-3.53980426308642;-3.67526417882145;-2.53447074989217;-3.06918127144929;-3.28419961772508;-1.95213907572517;3.09002732739908;-0.167520020760124;-0.32338616610432
477;-1.991202229075103;Andre Jackson Jr.;TOR;Unrestricted Free Agent;20;6;1.61525718878884;0.202587225544053;1.0860856724566;0.465635210125292;0.207595865789268;0.0756973964294842;0.355855711567453;0.395272497475776;1.53286308371801;0.597907810276478;0.335959358638629;-3.45271763680715;-3.59235086619227;-2.50654365921789;-2.9454950300739;-3.46658469274812;-2.06413918621886;2.93254505106334;-0.279830611315213;-0.491376119380352
478;-1.9926835126665259;Tyler Nickel;NYK;;22;5;1.67300766609781;0.418738746064656;0.464447571990988;0.221956444047911;0.110211866176262;0.0594435395793036;0.131289062048782;0.387791779286893;1.46671281542044;0.799370359278984;0.146003130950296;-3.44030137376446;-3.20391798885261;-2.65854783922564;-3.27482600580286;-3.79506163792028;-2.10501214359983;3.29288468353506;-0.293483486564445;-0.274683336840749
479;-1.9928099465489284;Dillon Mitchell;BOS;Restricted Free Agent;16;6;1.52383000516585;0.158587805270073;1.22837726785293;0.239370401484666;0.191362806044632;0.109959701855062;0.279932853495393;0.404315836618337;1.4989040093809;0.573479428517776;0.267107999261376;-3.47237433947026;-3.67141957400028;-2.64768520082889;-2.87011189330219;-3.52133892236392;-1.9779810661898;3.05437086461369;-0.247425996716912;-0.479898550617799
480;-1.9955216075589859;Trey Jemison;TOR;Restricted Free Agent;16;6;1.3481570324369;0;1.50242932458307;0.236538922752644;0.11959395325477;0.215254992405741;0.409535921386142;0.598667983925125;1.02259316219471;0.601866054095014;0.205642863592884;-3.51014375611462;-3.95640816609378;-2.64945144665244;-2.7249247962181;-3.76341578937088;-1.71319899244795;2.84640978957848;0.215938258272716;-0.418283701838191
481;-2.019062002716945;Trey Kaufman-Renn;MIN;;22;5;1.54797453878039;0.0710807012721771;1.05756760380023;0.333781148383413;0.106514687417778;0.0525564334874587;0.246162126627949;0.475100502429888;1.31974429799499;0.6662961446418;0.334493124697921;-3.46718330219454;-3.8286733194826;-2.58879279753387;-2.96060331151526;-3.80753224899774;-2.12233088809012;3.10855937093821;-0.0348017369892218;-0.401325075552622